{"type":"FeatureCollection","features":[{"type":"Feature","properties":{"oid":"relation/7606289","name":null,"zh":null,"en":null,"levels":null},"geometry":{"type":"Polygon","coordinates":[[[114.091606,22.546049],[114.091613,22.545575],[114.092432,22.545585],[114.092425,22.546059],[114.091606,22.546049]],[[114.091865,22.545954],[114.092156,22.545959],[114.09216,22.545776],[114.092114,22.545775],[114.092115,22.54573],[114.09187,22.545726],[114.091865,22.545954]],[[114.091828,22.545952],[114.09183,22.545727],[114.09166,22.545726],[114.091658,22.545951],[114.091828,22.545952]]]}},{"type":"Feature","properties":{"oid":"relation/7606291","name":null,"zh":null,"en":null,"levels":null},"geometry":{"type":"Polygon","coordinates":[[[114.091768,22.547647],[114.091774,22.547177],[114.092094,22.547181],[114.092119,22.547158],[114.092443,22.547161],[114.092437,22.547654],[114.091768,22.547647]],[[114.092161,22.54724],[114.092364,22.547435],[114.092366,22.54724],[114.092224,22.54724],[114.092161,22.54724]],[[114.091912,22.547547],[114.092316,22.54755],[114.092104,22.547345],[114.091918,22.547342],[114.091912,22.547547]]]}},{"type":"Feature","properties":{"oid":"relation/9226795","name":null,"zh":null,"en":null,"levels":6},"geometry":{"type":"Polygon","coordinates":[[[114.09198,22.548786],[114.09198,22.548721],[114.092047,22.548721],[114.092047,22.548688],[114.092002,22.548688],[114.092003,22.548553],[114.091966,22.548553],[114.091967,22.54846],[114.092014,22.54846],[114.092014,22.548406],[114.091904,22.548406],[114.091904,22.54828],[114.091882,22.54828],[114.091882,22.548204],[114.092053,22.548204],[114.092052,22.5484],[114.092399,22.548401],[114.092398,22.548824],[114.092019,22.548823],[114.092019,22.548786],[114.09198,22.548786]],[[114.092076,22.548611],[114.092173,22.548612],[114.092173,22.548672],[114.092288,22.548673],[114.09229,22.548475],[114.092077,22.548473],[114.092076,22.548611]]]}},{"type":"Feature","properties":{"oid":"relation/9604340","name":"教学楼","zh":"教学楼","en":null,"levels":null},"geometry":{"type":"Polygon","coordinates":[[[114.08755,22.552831],[114.087587,22.552805],[114.087589,22.552715],[114.08759,22.552648],[114.087593,22.552278],[114.087315,22.552276],[114.087316,22.552187],[114.088147,22.552193],[114.088146,22.552274],[114.088066,22.552274],[114.088065,22.552499],[114.088242,22.5525],[114.088238,22.552863],[114.087834,22.55286],[114.087669,22.552976],[114.08755,22.552831]],[[114.087753,22.552752],[114.088139,22.552755],[114.08814,22.552591],[114.087755,22.552588],[114.087753,22.552752]],[[114.087751,22.552492],[114.087999,22.552495],[114.088002,22.552272],[114.087754,22.55227],[114.087751,22.552492]]]}},{"type":"Feature","properties":{"oid":"relation/10703575","name":"红荔邮政综合楼","zh":"红荔邮政综合楼","en":null,"levels":null},"geometry":{"type":"Polygon","coordinates":[[[114.092575,22.552339],[114.092584,22.551955],[114.093098,22.551964],[114.09309,22.552349],[114.092575,22.552339]],[[114.092688,22.552253],[114.092981,22.552258],[114.092985,22.552099],[114.092692,22.552094],[114.092688,22.552253]]]}},{"type":"Feature","properties":{"oid":"relation/17020243","name":null,"zh":null,"en":null,"levels":null},"geometry":{"type":"MultiPolygon","coordinates":[[[[114.092814,22.545862],[114.09279,22.545862],[114.092792,22.545656],[114.092822,22.545656],[114.092822,22.545646],[114.092969,22.545647],[114.092968,22.54567],[114.092985,22.54567],[114.092985,22.545656],[114.093046,22.545657],[114.093046,22.54567],[114.093046,22.545683],[114.093079,22.545684],[114.093078,22.54574],[114.093089,22.545755],[114.093089,22.545774],[114.093077,22.545786],[114.093077,22.545849],[114.093036,22.545848],[114.093035,22.545879],[114.09298,22.545879],[114.09298,22.545848],[114.092966,22.545847],[114.092966,22.545875],[114.092814,22.545874],[114.092814,22.545862]]],[[[114.092985,22.545656],[114.092988,22.545464],[114.093064,22.545465],[114.093063,22.545491],[114.093342,22.545496],[114.093342,22.545468],[114.093475,22.54547],[114.093474,22.545495],[114.093748,22.545499],[114.093748,22.545476],[114.093835,22.545478],[114.093831,22.545669],[114.09376,22.545668],[114.093046,22.545657],[114.092985,22.545656]]],[[[114.092979,22.545972],[114.09298,22.545879],[114.093035,22.545879],[114.093321,22.545883],[114.093322,22.545824],[114.093496,22.545826],[114.093495,22.545886],[114.093756,22.54589],[114.093826,22.545891],[114.093825,22.545984],[114.093496,22.54598],[114.093496,22.54599],[114.093318,22.545988],[114.093318,22.545977],[114.092979,22.545972]]],[[[114.093756,22.54589],[114.09376,22.545668],[114.093831,22.545669],[114.093826,22.545891],[114.093756,22.54589]]]]}},{"type":"Feature","properties":{"oid":"relation/17241417","name":"玉福楼","zh":"玉福楼","en":null,"levels":null},"geometry":{"type":"Polygon","coordinates":[[[114.092004,22.540532],[114.09201,22.540253],[114.092287,22.540258],[114.092287,22.540245],[114.092375,22.540247],[114.092374,22.540271],[114.092404,22.540271],[114.092402,22.540382],[114.092376,22.540381],[114.092374,22.540469],[114.092431,22.54047],[114.09243,22.540541],[114.092004,22.540532]],[[114.092298,22.540454],[114.0923,22.540368],[114.092228,22.540366],[114.092226,22.540452],[114.092298,22.540454]]]}},{"type":"Feature","properties":{"oid":"relation/17962049","name":"华新站","zh":"华新站","en":null,"levels":0,"station":1,"c1":"#00A2E1","c2":"#0035AD"},"geometry":{"type":"Polygon","coordinates":[[[114.077493,22.551915],[114.077478,22.551599],[114.081052,22.551578],[114.081052,22.551391],[114.080762,22.551389],[114.080763,22.551357],[114.081272,22.551361],[114.081274,22.551103],[114.081321,22.551103],[114.081323,22.551349],[114.081372,22.551346],[114.081371,22.551222],[114.081592,22.551222],[114.081592,22.551348],[114.081771,22.551349],[114.081838,22.551366],[114.081839,22.551195],[114.082228,22.551199],[114.082229,22.551267],[114.081996,22.551265],[114.081993,22.551396],[114.08191,22.5514],[114.08191,22.551581],[114.08378,22.551584],[114.083781,22.551572],[114.083927,22.551573],[114.083925,22.551917],[114.083779,22.551916],[114.083779,22.551899],[114.081678,22.551887],[114.081588,22.551969],[114.081589,22.55206],[114.081685,22.552061],[114.081685,22.552072],[114.081823,22.552074],[114.081821,22.55213],[114.081757,22.55213],[114.081757,22.552162],[114.081823,22.552162],[114.081819,22.552565],[114.081341,22.552563],[114.081341,22.552422],[114.081363,22.552423],[114.081362,22.552301],[114.081329,22.5523],[114.081326,22.552762],[114.081253,22.552763],[114.081257,22.552241],[114.081366,22.552241],[114.081368,22.551969],[114.081278,22.551884],[114.081127,22.551884],[114.081126,22.55195],[114.080791,22.551948],[114.08079,22.552126],[114.080741,22.552126],[114.08074,22.552052],[114.08069,22.552051],[114.08069,22.551966],[114.080673,22.551966],[114.080673,22.551878],[114.077493,22.551915]],[[114.08114,22.551414],[114.08114,22.551578],[114.081282,22.551576],[114.081329,22.551537],[114.081269,22.551538],[114.081269,22.551414],[114.08114,22.551414]],[[114.081322,22.551494],[114.081367,22.551495],[114.081369,22.551403],[114.081322,22.551416],[114.081322,22.551494]],[[114.081592,22.551408],[114.081592,22.5515],[114.081679,22.551582],[114.081831,22.551584],[114.081831,22.551428],[114.081798,22.551426],[114.081764,22.551408],[114.081592,22.551408]]]}},{"type":"Feature","properties":{"oid":"relation/19034067","name":"机关食堂","zh":"机关食堂","en":null,"levels":null},"geometry":{"type":"Polygon","coordinates":[[[114.092749,22.547631],[114.092753,22.5475],[114.092927,22.547241],[114.093131,22.547358],[114.093138,22.547348],[114.09344,22.547521],[114.093418,22.547554],[114.09365,22.547687],[114.093609,22.547748],[114.093596,22.54774],[114.09352,22.547853],[114.09308,22.547601],[114.093054,22.547638],[114.092749,22.547631]],[[114.092817,22.547557],[114.092969,22.547562],[114.092988,22.547533],[114.092886,22.547475],[114.092983,22.54733],[114.092952,22.547312],[114.092818,22.547512],[114.092817,22.547557]]]}},{"type":"Feature","properties":{"oid":"way/64896107","name":"赛格广场","zh":"赛格广场","en":"SEG Plaza","levels":74},"geometry":{"type":"Polygon","coordinates":[[[114.082714,22.54377],[114.08271,22.544102],[114.082699,22.544112],[114.082697,22.544249],[114.082546,22.54439],[114.082387,22.544388],[114.082374,22.5444],[114.082024,22.544397],[114.081973,22.544348],[114.081979,22.543839],[114.082113,22.54372],[114.082669,22.543726],[114.082714,22.54377]]]}},{"type":"Feature","properties":{"oid":"way/99498037","name":"华强电子世界","zh":"华强电子世界","en":null,"levels":8},"geometry":{"type":"Polygon","coordinates":[[[114.080515,22.544639],[114.080532,22.543827],[114.081405,22.543843],[114.081388,22.544655],[114.080515,22.544639]]]}},{"type":"Feature","properties":{"oid":"way/170144300","name":"南光大厦","zh":"南光大厦","en":null,"levels":null},"geometry":{"type":"Polygon","coordinates":[[[114.076581,22.544294],[114.076873,22.544295],[114.076873,22.544449],[114.076721,22.544448],[114.076721,22.544567],[114.07737,22.544568],[114.077369,22.544708],[114.07658,22.544707],[114.076581,22.544294]]]}},{"type":"Feature","properties":{"oid":"way/170144302","name":null,"zh":null,"en":null,"levels":null},"geometry":{"type":"Polygon","coordinates":[[[114.078945,22.540812],[114.079432,22.540833],[114.079416,22.541158],[114.078928,22.541137],[114.078945,22.540812]]]}},{"type":"Feature","properties":{"oid":"way/171607604","name":null,"zh":null,"en":null,"levels":null},"geometry":{"type":"Polygon","coordinates":[[[114.088212,22.550914],[114.088207,22.550768],[114.088419,22.550768],[114.08848,22.550761],[114.088493,22.550806],[114.088799,22.550804],[114.088812,22.550747],[114.088881,22.550751],[114.088893,22.550813],[114.088893,22.550887],[114.088791,22.550885],[114.088791,22.550897],[114.088429,22.550895],[114.088424,22.550914],[114.088212,22.550914]]]}},{"type":"Feature","properties":{"oid":"way/171607605","name":null,"zh":null,"en":null,"levels":null},"geometry":{"type":"Polygon","coordinates":[[[114.089068,22.551417],[114.08907,22.551115],[114.089467,22.551112],[114.089462,22.55142],[114.089068,22.551417]]]}},{"type":"Feature","properties":{"oid":"way/171607606","name":null,"zh":null,"en":null,"levels":null},"geometry":{"type":"Polygon","coordinates":[[[114.08833,22.550528],[114.088327,22.550763],[114.088303,22.550762],[114.088304,22.550528],[114.08833,22.550528]]]}},{"type":"Feature","properties":{"oid":"way/171607607","name":null,"zh":null,"en":null,"levels":null},"geometry":{"type":"Polygon","coordinates":[[[114.08841,22.551291],[114.088384,22.551321],[114.088089,22.551311],[114.088089,22.551266],[114.088051,22.551226],[114.088005,22.551177],[114.088005,22.55108],[114.088102,22.551085],[114.088097,22.551187],[114.088126,22.551212],[114.088405,22.551229],[114.08841,22.551291]]]}},{"type":"Feature","properties":{"oid":"way/171607608","name":null,"zh":null,"en":null,"levels":null},"geometry":{"type":"Polygon","coordinates":[[[114.088445,22.5506],[114.088445,22.55053],[114.088094,22.550523],[114.088091,22.550629],[114.088292,22.550635],[114.088291,22.550762],[114.088087,22.550756],[114.088081,22.550976],[114.088105,22.550981],[114.088132,22.550966],[114.088142,22.550942],[114.08823,22.550944],[114.08822,22.550994],[114.088204,22.551026],[114.088172,22.551056],[114.08815,22.551068],[114.088126,22.551075],[114.088099,22.551078],[114.088094,22.551051],[114.088067,22.551051],[114.08807,22.551073],[114.087976,22.55107],[114.087997,22.550622],[114.088,22.550582],[114.088008,22.550436],[114.088826,22.550454],[114.088816,22.550511],[114.088856,22.550516],[114.08885,22.550602],[114.088499,22.550602],[114.088445,22.5506]]]}},{"type":"Feature","properties":{"oid":"way/171607609","name":null,"zh":null,"en":null,"levels":null},"geometry":{"type":"Polygon","coordinates":[[[114.088521,22.550613],[114.088515,22.5508],[114.088489,22.550803],[114.088494,22.550615],[114.088521,22.550613]]]}},{"type":"Feature","properties":{"oid":"way/171607612","name":null,"zh":null,"en":null,"levels":null},"geometry":{"type":"Polygon","coordinates":[[[114.088089,22.551311],[114.088054,22.551343],[114.087997,22.551343],[114.087968,22.551316],[114.087963,22.551259],[114.088003,22.551224],[114.088051,22.551226],[114.088089,22.551266],[114.088089,22.551311]]]}},{"type":"Feature","properties":{"oid":"way/177228960","name":null,"zh":null,"en":null,"levels":null},"geometry":{"type":"Polygon","coordinates":[[[114.090275,22.541677],[114.0906,22.541679],[114.090638,22.541684],[114.090675,22.5417],[114.090702,22.541722],[114.09072,22.541749],[114.09073,22.541778],[114.090731,22.541815],[114.090723,22.541842],[114.090702,22.541875],[114.090683,22.541892],[114.090658,22.541907],[114.090626,22.541917],[114.090599,22.541919],[114.090273,22.541917],[114.090275,22.541677]]]}},{"type":"Feature","properties":{"oid":"way/179272767","name":"女人世界外贸城","zh":"女人世界外贸城","en":null,"levels":null},"geometry":{"type":"Polygon","coordinates":[[[114.080583,22.55],[114.080587,22.549765],[114.081268,22.549775],[114.081265,22.55001],[114.080583,22.55]]]}},{"type":"Feature","properties":{"oid":"way/179272768","name":"深纺大厦C座","zh":"深纺大厦C座","en":null,"levels":null},"geometry":{"type":"Polygon","coordinates":[[[114.080422,22.547513],[114.080423,22.547267],[114.081207,22.547274],[114.081247,22.547303],[114.081253,22.547466],[114.081228,22.547485],[114.081191,22.547515],[114.080422,22.547513]]]}},{"type":"Feature","properties":{"oid":"way/179272769","name":"港澳城","zh":"港澳城","en":null,"levels":null},"geometry":{"type":"Polygon","coordinates":[[[114.080586,22.549663],[114.080591,22.549378],[114.081272,22.549388],[114.081269,22.549674],[114.080586,22.549663]]]}},{"type":"Feature","properties":{"oid":"way/179272773","name":null,"zh":null,"en":null,"levels":7},"geometry":{"type":"Polygon","coordinates":[[[114.080577,22.551396],[114.080578,22.551209],[114.081142,22.551212],[114.081143,22.551021],[114.080591,22.551017],[114.080592,22.550823],[114.081256,22.550827],[114.081249,22.5514],[114.080577,22.551396]]]}},{"type":"Feature","properties":{"oid":"way/179272775","name":"茂业百货","zh":"茂业百货","en":"MOI Department Store","levels":null},"geometry":{"type":"Polygon","coordinates":[[[114.080715,22.548997],[114.080715,22.547656],[114.08123,22.547656],[114.08123,22.548997],[114.080715,22.548997]]]}},{"type":"Feature","properties":{"oid":"way/179272781","name":"顺电","zh":"顺电","en":"Sundan","levels":null},"geometry":{"type":"Polygon","coordinates":[[[114.080609,22.550388],[114.080611,22.550117],[114.081264,22.550122],[114.081261,22.550392],[114.080609,22.550388]]]}},{"type":"Feature","properties":{"oid":"way/247967140","name":null,"zh":null,"en":null,"levels":null},"geometry":{"type":"Polygon","coordinates":[[[114.095477,22.545838],[114.095482,22.545556],[114.095881,22.545563],[114.095879,22.545696],[114.095581,22.545691],[114.09558,22.545734],[114.095962,22.54574],[114.09596,22.545845],[114.095477,22.545838]]]}},{"type":"Feature","properties":{"oid":"way/257397881","name":"深圳科学馆","zh":"深圳科学馆","en":null,"levels":null},"geometry":{"type":"Polygon","coordinates":[[[114.090212,22.545354],[114.090224,22.544468],[114.090339,22.54447],[114.090856,22.544478],[114.090971,22.54448],[114.090968,22.544653],[114.09096,22.544975],[114.090952,22.545351],[114.090915,22.545388],[114.090509,22.545383],[114.090243,22.545379],[114.090212,22.545354]]]}},{"type":"Feature","properties":{"oid":"way/279937582","name":null,"zh":null,"en":null,"levels":null},"geometry":{"type":"Polygon","coordinates":[[[114.091039,22.541015],[114.090807,22.541012],[114.090818,22.540183],[114.09105,22.540185],[114.091039,22.541015]]]}},{"type":"Feature","properties":{"oid":"way/279937583","name":null,"zh":null,"en":null,"levels":null},"geometry":{"type":"Polygon","coordinates":[[[114.090618,22.541342],[114.090622,22.541065],[114.090951,22.541068],[114.090947,22.541346],[114.090618,22.541342]]]}},{"type":"Feature","properties":{"oid":"way/303795739","name":"住院楼","zh":"住院楼","en":null,"levels":null},"geometry":{"type":"Polygon","coordinates":[[[114.080496,22.539327],[114.080497,22.539238],[114.08045,22.539238],[114.080451,22.53917],[114.080495,22.53917],[114.080496,22.539081],[114.080911,22.539085],[114.08091,22.539182],[114.080971,22.539183],[114.08097,22.539248],[114.080909,22.539247],[114.080908,22.539331],[114.080496,22.539327]]]}},{"type":"Feature","properties":{"oid":"way/311202054","name":"航都大厦","zh":"航都大厦","en":null,"levels":null},"geometry":{"type":"Polygon","coordinates":[[[114.076759,22.544931],[114.077183,22.544936],[114.077348,22.544938],[114.077344,22.545219],[114.07731,22.545218],[114.077309,22.545292],[114.076755,22.545285],[114.076756,22.545195],[114.076759,22.544931]]]}},{"type":"Feature","properties":{"oid":"way/319513725","name":null,"zh":null,"en":null,"levels":5},"geometry":{"type":"Polygon","coordinates":[[[114.085676,22.552949],[114.085459,22.552944],[114.085461,22.552846],[114.085679,22.552851],[114.085676,22.552949]]]}},{"type":"Feature","properties":{"oid":"way/328943262","name":null,"zh":null,"en":null,"levels":5},"geometry":{"type":"Polygon","coordinates":[[[114.084305,22.55235],[114.084307,22.552235],[114.084348,22.552235],[114.084348,22.552193],[114.084499,22.552194],[114.0845,22.552118],[114.084834,22.552122],[114.085162,22.552125],[114.085159,22.55233],[114.084831,22.552326],[114.084831,22.552267],[114.084797,22.552266],[114.084797,22.552228],[114.084563,22.552226],[114.084561,22.552402],[114.084853,22.552405],[114.084852,22.552486],[114.084931,22.552487],[114.084932,22.552394],[114.085159,22.552396],[114.085156,22.552599],[114.084844,22.552596],[114.084845,22.552574],[114.084809,22.552573],[114.08481,22.55251],[114.084517,22.552507],[114.084517,22.552446],[114.084351,22.552444],[114.084353,22.55235],[114.084305,22.55235]]]}},{"type":"Feature","properties":{"oid":"way/330740641","name":null,"zh":null,"en":null,"levels":2},"geometry":{"type":"Polygon","coordinates":[[[114.085685,22.553111],[114.085419,22.55298],[114.085418,22.552943],[114.085459,22.552944],[114.085676,22.552949],[114.085685,22.553111]]]}},{"type":"Feature","properties":{"oid":"way/332399384","name":null,"zh":null,"en":null,"levels":6},"geometry":{"type":"Polygon","coordinates":[[[114.085162,22.552125],[114.085159,22.55233],[114.084831,22.552326],[114.084831,22.552267],[114.084797,22.552266],[114.084797,22.552228],[114.084798,22.552205],[114.084833,22.552205],[114.084834,22.552122],[114.085162,22.552125]]]}},{"type":"Feature","properties":{"oid":"way/345487048","name":null,"zh":null,"en":null,"levels":null},"geometry":{"type":"Polygon","coordinates":[[[114.08604,22.538122],[114.086043,22.537851],[114.086522,22.537856],[114.086519,22.538127],[114.08604,22.538122]]]}},{"type":"Feature","properties":{"oid":"way/345487049","name":null,"zh":null,"en":null,"levels":null},"geometry":{"type":"Polygon","coordinates":[[[114.084826,22.538029],[114.084828,22.537984],[114.084832,22.537826],[114.085152,22.537834],[114.085146,22.538037],[114.084826,22.538029]]]}},{"type":"Feature","properties":{"oid":"way/345487050","name":null,"zh":null,"en":null,"levels":null},"geometry":{"type":"Polygon","coordinates":[[[114.084828,22.537984],[114.084526,22.537978],[114.084529,22.537819],[114.084832,22.537826],[114.084828,22.537984]]]}},{"type":"Feature","properties":{"oid":"way/351752964","name":null,"zh":null,"en":null,"levels":null},"geometry":{"type":"Polygon","coordinates":[[[114.077601,22.547928],[114.077601,22.547855],[114.077602,22.547815],[114.077603,22.547699],[114.07773,22.5477],[114.077731,22.547627],[114.0779,22.547628],[114.0779,22.547701],[114.078152,22.547703],[114.078153,22.54763],[114.078312,22.547631],[114.078312,22.547704],[114.078429,22.547705],[114.078427,22.547934],[114.077601,22.547928]]]}},{"type":"Feature","properties":{"oid":"way/351752965","name":null,"zh":null,"en":null,"levels":null},"geometry":{"type":"Polygon","coordinates":[[[114.084244,22.55027],[114.084243,22.550321],[114.084256,22.550322],[114.084256,22.550289],[114.084389,22.55029],[114.084389,22.550328],[114.084411,22.550328],[114.084411,22.550295],[114.084547,22.550296],[114.084547,22.550339],[114.084564,22.550339],[114.084564,22.550299],[114.084704,22.5503],[114.084704,22.550342],[114.084721,22.550342],[114.084721,22.5503],[114.084851,22.550301],[114.084851,22.55034],[114.084867,22.55034],[114.084867,22.55038],[114.084233,22.550375],[114.084231,22.550591],[114.084242,22.550591],[114.084242,22.550555],[114.084383,22.550556],[114.084382,22.550598],[114.084394,22.550598],[114.084394,22.550556],[114.084547,22.550557],[114.084547,22.550601],[114.084561,22.550601],[114.084562,22.550558],[114.084693,22.550559],[114.084693,22.550603],[114.084706,22.550603],[114.084706,22.550561],[114.084841,22.550562],[114.084841,22.550602],[114.084858,22.550602],[114.084858,22.550639],[114.084228,22.550635],[114.084226,22.550881],[114.084248,22.550881],[114.084248,22.550825],[114.084357,22.550826],[114.084356,22.55086],[114.084516,22.550861],[114.084517,22.550821],[114.08468,22.550822],[114.08468,22.550861],[114.084699,22.550861],[114.0847,22.550821],[114.084843,22.550823],[114.084842,22.550909],[114.084555,22.550906],[114.084554,22.550931],[114.084215,22.550928],[114.084213,22.551127],[114.084118,22.551126],[114.084126,22.550269],[114.084244,22.55027]]]}},{"type":"Feature","properties":{"oid":"way/351752968","name":null,"zh":null,"en":null,"levels":null},"geometry":{"type":"Polygon","coordinates":[[[114.083044,22.550606],[114.083046,22.550488],[114.083082,22.550488],[114.083082,22.550476],[114.083214,22.550478],[114.083212,22.550607],[114.083044,22.550606]]]}},{"type":"Feature","properties":{"oid":"way/351752977","name":null,"zh":null,"en":null,"levels":null},"geometry":{"type":"Polygon","coordinates":[[[114.077445,22.549014],[114.077446,22.548804],[114.077535,22.548805],[114.077534,22.549014],[114.077445,22.549014]]]}},{"type":"Feature","properties":{"oid":"way/351752978","name":null,"zh":null,"en":null,"levels":null},"geometry":{"type":"Polygon","coordinates":[[[114.076632,22.550334],[114.076633,22.550278],[114.076609,22.550277],[114.076611,22.55021],[114.076631,22.550211],[114.076633,22.550103],[114.077299,22.550116],[114.077298,22.550166],[114.077325,22.550167],[114.077321,22.550348],[114.076632,22.550334]]]}},{"type":"Feature","properties":{"oid":"way/351752979","name":null,"zh":null,"en":null,"levels":null},"geometry":{"type":"Polygon","coordinates":[[[114.086971,22.544626],[114.086972,22.544495],[114.086996,22.544495],[114.086997,22.544453],[114.087356,22.544456],[114.087355,22.544601],[114.08733,22.544601],[114.087319,22.544628],[114.086971,22.544626]]]}},{"type":"Feature","properties":{"oid":"way/351752980","name":null,"zh":null,"en":null,"levels":null},"geometry":{"type":"Polygon","coordinates":[[[114.089885,22.550049],[114.089765,22.550048],[114.089766,22.549977],[114.089798,22.549977],[114.089798,22.549967],[114.089875,22.549967],[114.089875,22.549977],[114.089909,22.549977],[114.089909,22.550054],[114.089885,22.550054],[114.089885,22.550049]]]}},{"type":"Feature","properties":{"oid":"way/351752982","name":null,"zh":null,"en":null,"levels":null},"geometry":{"type":"Polygon","coordinates":[[[114.088643,22.546119],[114.088643,22.54606],[114.088661,22.54606],[114.088661,22.546034],[114.08917,22.546036],[114.08917,22.54611],[114.088856,22.546109],[114.088856,22.546114],[114.088665,22.546113],[114.088665,22.546119],[114.088643,22.546119]]]}},{"type":"Feature","properties":{"oid":"way/351752983","name":null,"zh":null,"en":null,"levels":null},"geometry":{"type":"Polygon","coordinates":[[[114.07852,22.550991],[114.078522,22.550949],[114.078551,22.550949],[114.078561,22.550554],[114.078758,22.550558],[114.078755,22.550685],[114.078662,22.550683],[114.078654,22.550949],[114.078581,22.550947],[114.07858,22.550993],[114.07852,22.550991]]]}},{"type":"Feature","properties":{"oid":"way/351752985","name":null,"zh":null,"en":null,"levels":null},"geometry":{"type":"Polygon","coordinates":[[[114.086203,22.544926],[114.086205,22.544673],[114.086437,22.544675],[114.086438,22.544631],[114.086531,22.544632],[114.08653,22.544674],[114.086762,22.544675],[114.08676,22.544962],[114.086677,22.544962],[114.086677,22.54493],[114.086203,22.544926]]]}},{"type":"Feature","properties":{"oid":"way/351752987","name":null,"zh":null,"en":null,"levels":null},"geometry":{"type":"Polygon","coordinates":[[[114.07804,22.548402],[114.078041,22.548365],[114.078018,22.548365],[114.07802,22.548279],[114.078488,22.548286],[114.078486,22.548373],[114.07846,22.548372],[114.078459,22.548402],[114.078149,22.548397],[114.078149,22.548404],[114.07804,22.548402]]]}},{"type":"Feature","properties":{"oid":"way/351752988","name":"恒邦商业中心","zh":"恒邦商业中心","en":null,"levels":null},"geometry":{"type":"Polygon","coordinates":[[[114.084884,22.545788],[114.084876,22.545706],[114.085087,22.545679],[114.085402,22.545717],[114.085383,22.545806],[114.085127,22.545764],[114.084884,22.545788]]]}},{"type":"Feature","properties":{"oid":"way/351752990","name":"B栋","zh":"B栋","en":"Block B","levels":null},"geometry":{"type":"Polygon","coordinates":[[[114.086037,22.546173],[114.085517,22.546172],[114.085518,22.545974],[114.086037,22.545975],[114.086037,22.546173]]]}},{"type":"Feature","properties":{"oid":"way/351752993","name":"电子大厦","zh":"电子大厦","en":null,"levels":null},"geometry":{"type":"Polygon","coordinates":[[[114.082835,22.54374],[114.082837,22.543536],[114.082839,22.54342],[114.083213,22.543424],[114.083209,22.543744],[114.083089,22.543743],[114.082835,22.54374]]]}},{"type":"Feature","properties":{"oid":"way/351752995","name":null,"zh":null,"en":null,"levels":null},"geometry":{"type":"Polygon","coordinates":[[[114.078817,22.550803],[114.078821,22.550579],[114.079009,22.550582],[114.079011,22.550502],[114.079122,22.550507],[114.079117,22.550552],[114.079287,22.550554],[114.079282,22.550823],[114.079026,22.550819],[114.079026,22.5508],[114.078817,22.550803]]]}},{"type":"Feature","properties":{"oid":"way/351752997","name":null,"zh":null,"en":null,"levels":null},"geometry":{"type":"Polygon","coordinates":[[[114.087539,22.546255],[114.08754,22.546165],[114.087589,22.546155],[114.087593,22.545967],[114.087655,22.545963],[114.087653,22.545908],[114.087316,22.545903],[114.087318,22.54581],[114.087747,22.545816],[114.08774,22.546253],[114.087539,22.546255]]]}},{"type":"Feature","properties":{"oid":"way/351752998","name":null,"zh":null,"en":null,"levels":null},"geometry":{"type":"Polygon","coordinates":[[[114.078094,22.547567],[114.078097,22.547417],[114.078267,22.54742],[114.078269,22.547315],[114.078102,22.547313],[114.078105,22.547165],[114.078503,22.54717],[114.078501,22.547287],[114.078537,22.547288],[114.078532,22.547574],[114.078094,22.547567]]]}},{"type":"Feature","properties":{"oid":"way/351753000","name":"广博现代之窗大厦","zh":"广博现代之窗大厦","en":null,"levels":26},"geometry":{"type":"Polygon","coordinates":[[[114.082607,22.546689],[114.082599,22.546909],[114.082141,22.546902],[114.082051,22.546883],[114.081997,22.546848],[114.081963,22.546807],[114.081938,22.546756],[114.081925,22.546689],[114.081935,22.54607],[114.082202,22.546074],[114.082192,22.546644],[114.082223,22.546684],[114.082607,22.546689]]]}},{"type":"Feature","properties":{"oid":"way/351753003","name":null,"zh":null,"en":null,"levels":null},"geometry":{"type":"Polygon","coordinates":[[[114.07732,22.546857],[114.076593,22.546847],[114.0766,22.546472],[114.077323,22.546482],[114.077322,22.546545],[114.077304,22.546551],[114.077303,22.546567],[114.076697,22.546558],[114.076693,22.546754],[114.077325,22.546763],[114.07732,22.546857]]]}},{"type":"Feature","properties":{"oid":"way/351753006","name":"宝华大厦","zh":"宝华大厦","en":null,"levels":28},"geometry":{"type":"Polygon","coordinates":[[[114.081902,22.544854],[114.081906,22.544598],[114.081972,22.544599],[114.082071,22.5446],[114.082086,22.544542],[114.082179,22.54454],[114.082701,22.544548],[114.082696,22.54482],[114.082546,22.544818],[114.082511,22.544841],[114.08215,22.544836],[114.082144,22.544855],[114.081902,22.544854]]]}},{"type":"Feature","properties":{"oid":"way/351753007","name":null,"zh":null,"en":null,"levels":null},"geometry":{"type":"Polygon","coordinates":[[[114.083908,22.545628],[114.083751,22.545626],[114.083752,22.545584],[114.083367,22.545572],[114.08337,22.545009],[114.083547,22.545012],[114.08355,22.545023],[114.083722,22.545026],[114.083917,22.545044],[114.083942,22.545068],[114.083918,22.545619],[114.083908,22.545628]]]}},{"type":"Feature","properties":{"oid":"way/351753008","name":null,"zh":null,"en":null,"levels":null},"geometry":{"type":"Polygon","coordinates":[[[114.088988,22.549822],[114.088991,22.549684],[114.089159,22.549687],[114.089161,22.54957],[114.089012,22.549568],[114.089013,22.549503],[114.089472,22.54951],[114.08947,22.549576],[114.089293,22.549574],[114.089295,22.549595],[114.089313,22.549593],[114.089309,22.549832],[114.088988,22.549822]]]}},{"type":"Feature","properties":{"oid":"way/351753009","name":null,"zh":null,"en":null,"levels":null},"geometry":{"type":"Polygon","coordinates":[[[114.084586,22.54478],[114.084235,22.544774],[114.084245,22.544214],[114.084614,22.54422],[114.084613,22.544322],[114.084376,22.544319],[114.084374,22.544455],[114.0846,22.544458],[114.084599,22.544559],[114.084353,22.544556],[114.084351,22.544692],[114.084587,22.544695],[114.084586,22.54478]]]}},{"type":"Feature","properties":{"oid":"way/351753012","name":null,"zh":null,"en":null,"levels":null},"geometry":{"type":"Polygon","coordinates":[[[114.079419,22.545232],[114.079426,22.544817],[114.080263,22.544829],[114.080254,22.545357],[114.080205,22.545346],[114.080205,22.545373],[114.080114,22.545371],[114.080115,22.545335],[114.079722,22.54533],[114.079723,22.54526],[114.079524,22.545258],[114.079522,22.545234],[114.079419,22.545232]]]}},{"type":"Feature","properties":{"oid":"way/351753014","name":null,"zh":null,"en":null,"levels":null},"geometry":{"type":"Polygon","coordinates":[[[114.07661,22.550627],[114.076612,22.550511],[114.076604,22.55051],[114.076604,22.550492],[114.077101,22.5505],[114.077101,22.550509],[114.077293,22.550512],[114.077291,22.550646],[114.076798,22.550639],[114.076798,22.550626],[114.076639,22.550624],[114.076639,22.550627],[114.07661,22.550627]]]}},{"type":"Feature","properties":{"oid":"way/351753015","name":"深圳市社会科学院","zh":"深圳市社会科学院","en":null,"levels":null},"geometry":{"type":"Polygon","coordinates":[[[114.090181,22.548323],[114.090189,22.548029],[114.090361,22.548033],[114.090363,22.54795],[114.090549,22.547954],[114.090545,22.548118],[114.090626,22.54812],[114.090621,22.54832],[114.090458,22.548316],[114.090456,22.548381],[114.090259,22.548377],[114.09026,22.548325],[114.090181,22.548323]]]}},{"type":"Feature","properties":{"oid":"way/351753017","name":null,"zh":null,"en":null,"levels":null},"geometry":{"type":"Polygon","coordinates":[[[114.08924,22.546186],[114.089241,22.546084],[114.089919,22.546086],[114.089919,22.546191],[114.089682,22.54619],[114.089682,22.546147],[114.08967,22.546147],[114.089669,22.546188],[114.089483,22.546187],[114.089484,22.546151],[114.089472,22.546151],[114.089472,22.546189],[114.08924,22.546186]]]}},{"type":"Feature","properties":{"oid":"way/351753020","name":"阁林网苑","zh":"阁林网苑","en":null,"levels":null},"geometry":{"type":"Polygon","coordinates":[[[114.088447,22.549857],[114.087967,22.54985],[114.087972,22.549578],[114.087976,22.549362],[114.088055,22.54929],[114.088468,22.549297],[114.088465,22.549459],[114.088157,22.549455],[114.088166,22.54947],[114.088285,22.549472],[114.088284,22.549516],[114.088464,22.549519],[114.088447,22.549857]]]}},{"type":"Feature","properties":{"oid":"way/351753022","name":null,"zh":null,"en":null,"levels":null},"geometry":{"type":"Polygon","coordinates":[[[114.086373,22.545844],[114.086378,22.54558],[114.086724,22.545586],[114.086797,22.545587],[114.086792,22.545859],[114.086712,22.545858],[114.086714,22.545878],[114.08644,22.545874],[114.086438,22.545845],[114.086373,22.545844]]]}},{"type":"Feature","properties":{"oid":"way/351753025","name":"深圳市居台办","zh":"深圳市居台办","en":null,"levels":null},"geometry":{"type":"Polygon","coordinates":[[[114.089664,22.549146],[114.089665,22.548983],[114.090042,22.548986],[114.090043,22.548914],[114.090197,22.548916],[114.090196,22.548991],[114.090573,22.548993],[114.090575,22.548821],[114.090414,22.54882],[114.090414,22.548744],[114.090718,22.548746],[114.090715,22.549153],[114.089664,22.549146]]]}},{"type":"Feature","properties":{"oid":"way/351753027","name":null,"zh":null,"en":null,"levels":null},"geometry":{"type":"Polygon","coordinates":[[[114.076599,22.547911],[114.07661,22.547289],[114.076717,22.547164],[114.077182,22.547171],[114.077178,22.547417],[114.076893,22.547413],[114.076856,22.54745],[114.076851,22.547767],[114.077394,22.547775],[114.077391,22.547945],[114.076834,22.547937],[114.076835,22.547914],[114.076599,22.547911]]]}},{"type":"Feature","properties":{"oid":"way/351753028","name":"佳和华强大厦","zh":"佳和华强大厦","en":null,"levels":4},"geometry":{"type":"Polygon","coordinates":[[[114.079436,22.543985],[114.07944,22.543746],[114.079441,22.543676],[114.079739,22.54368],[114.079741,22.543596],[114.08003,22.5436],[114.080029,22.543684],[114.080325,22.543688],[114.080324,22.543758],[114.08032,22.543997],[114.080021,22.543993],[114.079736,22.543989],[114.079436,22.543985]]]}},{"type":"Feature","properties":{"oid":"way/351753030","name":"105栋","zh":"105栋","en":"Block 105","levels":null},"geometry":{"type":"Polygon","coordinates":[[[114.08487,22.546018],[114.084871,22.545937],[114.085074,22.545915],[114.085181,22.545906],[114.085397,22.545936],[114.085377,22.546018],[114.085181,22.546],[114.08487,22.546018]]]}},{"type":"Feature","properties":{"oid":"way/351753032","name":null,"zh":null,"en":null,"levels":null},"geometry":{"type":"Polygon","coordinates":[[[114.086973,22.544317],[114.086974,22.544261],[114.086925,22.54426],[114.086927,22.544155],[114.087854,22.544169],[114.087848,22.54449],[114.087707,22.544488],[114.087709,22.544339],[114.087407,22.544335],[114.087409,22.544204],[114.087354,22.544203],[114.087352,22.544322],[114.086973,22.544317]]]}},{"type":"Feature","properties":{"oid":"way/351753035","name":null,"zh":null,"en":null,"levels":null},"geometry":{"type":"Polygon","coordinates":[[[114.077579,22.549954],[114.07758,22.549893],[114.077568,22.549891],[114.07757,22.549795],[114.077585,22.549793],[114.077583,22.54974],[114.077646,22.549741],[114.07765,22.549729],[114.078248,22.549737],[114.078244,22.549958],[114.078176,22.549957],[114.078172,22.549966],[114.077579,22.549954]]]}},{"type":"Feature","properties":{"oid":"way/351753037","name":null,"zh":null,"en":null,"levels":null},"geometry":{"type":"Polygon","coordinates":[[[114.077532,22.550896],[114.077536,22.550677],[114.077646,22.550679],[114.07766,22.550594],[114.077832,22.550597],[114.07782,22.550679],[114.078061,22.550683],[114.078063,22.5506],[114.078253,22.550602],[114.078251,22.550698],[114.078367,22.5507],[114.078363,22.550913],[114.077795,22.550904],[114.077532,22.550896]]]}},{"type":"Feature","properties":{"oid":"way/351753038","name":null,"zh":null,"en":null,"levels":null},"geometry":{"type":"Polygon","coordinates":[[[114.07756,22.551323],[114.077565,22.551089],[114.077681,22.551091],[114.077683,22.551016],[114.077857,22.551019],[114.077855,22.551112],[114.078098,22.551116],[114.0781,22.551035],[114.078286,22.551038],[114.078284,22.551124],[114.078385,22.551126],[114.078381,22.551337],[114.07756,22.551323]]]}},{"type":"Feature","properties":{"oid":"way/351753039","name":"明通手机配件城","zh":"明通手机配件城","en":"Mingtong Mobile Accessories City","levels":null},"geometry":{"type":"Polygon","coordinates":[[[114.082984,22.547467],[114.082986,22.547344],[114.082967,22.547344],[114.082969,22.547235],[114.083046,22.547234],[114.083047,22.547207],[114.083119,22.547208],[114.083113,22.547248],[114.083768,22.547258],[114.083773,22.547225],[114.083877,22.547226],[114.083887,22.547295],[114.083884,22.547491],[114.082984,22.547467]]]}},{"type":"Feature","properties":{"oid":"way/351753041","name":null,"zh":null,"en":null,"levels":31},"geometry":{"type":"Polygon","coordinates":[[[114.089925,22.544699],[114.089926,22.544662],[114.0898,22.54466],[114.089804,22.544492],[114.089929,22.544494],[114.08993,22.544438],[114.090065,22.54444],[114.090064,22.544497],[114.090198,22.544499],[114.090195,22.544672],[114.090064,22.544669],[114.090063,22.544702],[114.089925,22.544699]]]}},{"type":"Feature","properties":{"oid":"way/351753042","name":"工艺大厦","zh":"工艺大厦","en":"Gongyi Building","levels":null},"geometry":{"type":"Polygon","coordinates":[[[114.086799,22.546714],[114.086116,22.546704],[114.086125,22.546219],[114.086615,22.546226],[114.086633,22.546208],[114.086635,22.546168],[114.086789,22.546171],[114.086788,22.546186],[114.086808,22.546186],[114.086814,22.546392],[114.086298,22.546376],[114.086295,22.546537],[114.086802,22.546537],[114.086799,22.546714]]]}},{"type":"Feature","properties":{"oid":"way/351753044","name":"华联发大厦","zh":"华联发大厦","en":"Hualianfa Building","levels":null},"geometry":{"type":"Polygon","coordinates":[[[114.082033,22.547459],[114.082033,22.547511],[114.081838,22.54751],[114.081839,22.547262],[114.082762,22.547265],[114.082761,22.547462],[114.082363,22.54746],[114.082363,22.547496],[114.082296,22.547496],[114.082296,22.54746],[114.082033,22.547459]]]}},{"type":"Feature","properties":{"oid":"way/351753046","name":null,"zh":null,"en":null,"levels":null},"geometry":{"type":"Polygon","coordinates":[[[114.079436,22.551335],[114.07944,22.551117],[114.079563,22.551119],[114.079565,22.551036],[114.079618,22.551028],[114.079727,22.551029],[114.079725,22.551122],[114.079988,22.551126],[114.079989,22.551042],[114.080153,22.551045],[114.080151,22.55114],[114.080278,22.551142],[114.080275,22.551352],[114.079436,22.551335]]]}},{"type":"Feature","properties":{"oid":"way/351753048","name":null,"zh":null,"en":null,"levels":null},"geometry":{"type":"Polygon","coordinates":[[[114.086267,22.550173],[114.086268,22.550116],[114.08661,22.550109],[114.086607,22.550233],[114.086538,22.550232],[114.086539,22.550179],[114.086522,22.550184],[114.086521,22.550223],[114.086471,22.550225],[114.08647,22.55018],[114.086415,22.550191],[114.086366,22.550193],[114.086304,22.550192],[114.086267,22.550173]]]}},{"type":"Feature","properties":{"oid":"way/351753049","name":"旅馆","zh":"旅馆","en":"Pleasant Hotel","levels":6},"geometry":{"type":"Polygon","coordinates":[[[114.083027,22.546844],[114.083027,22.546772],[114.083176,22.546774],[114.08324,22.546774],[114.083237,22.546998],[114.082811,22.546992],[114.082806,22.54682],[114.082807,22.546796],[114.082808,22.546768],[114.082808,22.546743],[114.082932,22.546745],[114.082932,22.546757],[114.082965,22.546758],[114.082964,22.546843],[114.083027,22.546844]]]}},{"type":"Feature","properties":{"oid":"way/351753051","name":"华南电力大厦","zh":"华南电力大厦","en":null,"levels":31},"geometry":{"type":"Polygon","coordinates":[[[114.084841,22.543682],[114.084844,22.543544],[114.084778,22.543542],[114.08478,22.543479],[114.084845,22.54348],[114.084846,22.543453],[114.085302,22.543462],[114.0853,22.54355],[114.085409,22.543552],[114.085406,22.543665],[114.085269,22.543663],[114.085269,22.54369],[114.084841,22.543682]]]}},{"type":"Feature","properties":{"oid":"way/351753053","name":"桑达雅苑","zh":"桑达雅苑","en":"Sangdayayuan","levels":25},"geometry":{"type":"Polygon","coordinates":[[[114.084253,22.548524],[114.084258,22.54822],[114.084234,22.5482],[114.084236,22.548049],[114.084256,22.548042],[114.084272,22.548012],[114.08447,22.548048],[114.084609,22.54807],[114.084617,22.548052],[114.084682,22.548046],[114.084682,22.548086],[114.084721,22.548498],[114.084325,22.548565],[114.084299,22.54853],[114.084253,22.548524]]]}},{"type":"Feature","properties":{"oid":"way/351753054","name":"赛格科技园","zh":"赛格科技园","en":null,"levels":12},"geometry":{"type":"Polygon","coordinates":[[[114.082868,22.550664],[114.081907,22.550649],[114.081837,22.550648],[114.081861,22.549237],[114.083214,22.549257],[114.083209,22.549538],[114.082076,22.549522],[114.082072,22.549759],[114.082858,22.54977],[114.082853,22.550084],[114.082039,22.550072],[114.082034,22.550376],[114.082858,22.550388],[114.082855,22.550564],[114.082883,22.550561],[114.082868,22.550664]]]}},{"type":"Feature","properties":{"oid":"way/351753056","name":null,"zh":null,"en":null,"levels":null},"geometry":{"type":"Polygon","coordinates":[[[114.086274,22.549542],[114.086278,22.549363],[114.086833,22.549372],[114.08683,22.549553],[114.086749,22.549552],[114.086748,22.549605],[114.086689,22.549604],[114.086689,22.549571],[114.086673,22.549571],[114.086674,22.549554],[114.086568,22.549552],[114.086568,22.549592],[114.086473,22.549591],[114.086474,22.549544],[114.086274,22.549542]]]}},{"type":"Feature","properties":{"oid":"way/351753058","name":null,"zh":null,"en":null,"levels":null},"geometry":{"type":"Polygon","coordinates":[[[114.089606,22.550032],[114.089552,22.550033],[114.089552,22.549968],[114.089581,22.549968],[114.089581,22.549958],[114.089604,22.549958],[114.089604,22.549954],[114.089657,22.549954],[114.089657,22.549973],[114.089688,22.549973],[114.089687,22.550033],[114.089636,22.550033],[114.089636,22.550056],[114.089606,22.550056],[114.089606,22.550032]]]}},{"type":"Feature","properties":{"oid":"way/351753059","name":null,"zh":null,"en":null,"levels":null},"geometry":{"type":"Polygon","coordinates":[[[114.083901,22.549987],[114.083317,22.549986],[114.083315,22.549964],[114.083299,22.549956],[114.083301,22.549852],[114.083352,22.549831],[114.083349,22.549784],[114.083328,22.549788],[114.083331,22.549596],[114.083343,22.549545],[114.083332,22.549508],[114.083338,22.549439],[114.08334,22.54931],[114.083914,22.549319],[114.083901,22.549987]]]}},{"type":"Feature","properties":{"oid":"way/351753061","name":"富民外贸城","zh":"富民外贸城","en":null,"levels":null},"geometry":{"type":"Polygon","coordinates":[[[114.079556,22.549973],[114.079557,22.549895],[114.079533,22.549897],[114.079535,22.549786],[114.079562,22.549776],[114.079558,22.549711],[114.079647,22.549712],[114.07965,22.549663],[114.080225,22.549672],[114.080221,22.549927],[114.080088,22.549945],[114.080078,22.54997],[114.079621,22.549963],[114.079597,22.549974],[114.079556,22.549973]]]}},{"type":"Feature","properties":{"oid":"way/351753062","name":null,"zh":null,"en":null,"levels":null},"geometry":{"type":"Polygon","coordinates":[[[114.086659,22.550288],[114.086661,22.550151],[114.087084,22.550158],[114.087083,22.550208],[114.087064,22.550208],[114.087062,22.550242],[114.087031,22.550237],[114.087029,22.550258],[114.086894,22.550256],[114.086893,22.550286],[114.086822,22.550285],[114.086821,22.550242],[114.086804,22.550246],[114.086797,22.550289],[114.086659,22.550288]]]}},{"type":"Feature","properties":{"oid":"way/351753064","name":null,"zh":null,"en":null,"levels":null},"geometry":{"type":"Polygon","coordinates":[[[114.089878,22.545742],[114.089764,22.545741],[114.089765,22.545658],[114.089886,22.545659],[114.089886,22.545625],[114.089865,22.545625],[114.089865,22.545606],[114.089841,22.545606],[114.089841,22.545531],[114.090075,22.545533],[114.090074,22.545627],[114.090019,22.545626],[114.090018,22.545668],[114.090139,22.545669],[114.090138,22.545747],[114.090014,22.545746],[114.090014,22.54578],[114.090044,22.54578],[114.090043,22.545819],[114.089847,22.545818],[114.089848,22.545772],[114.089878,22.545773],[114.089878,22.545742]]]}},{"type":"Feature","properties":{"oid":"way/351753068","name":null,"zh":null,"en":null,"levels":null},"geometry":{"type":"Polygon","coordinates":[[[114.08694,22.55145],[114.086946,22.551164],[114.086967,22.551166],[114.086977,22.551388],[114.086997,22.551387],[114.086999,22.551306],[114.087022,22.551298],[114.087034,22.551255],[114.087096,22.551259],[114.087155,22.551255],[114.087169,22.551297],[114.087418,22.5513],[114.087427,22.551349],[114.087449,22.551362],[114.087448,22.551458],[114.08694,22.55145]]]}},{"type":"Feature","properties":{"oid":"way/351753069","name":"新亚洲国利大厦","zh":"新亚洲国利大厦","en":null,"levels":30},"geometry":{"type":"Polygon","coordinates":[[[114.079385,22.5462],[114.079392,22.54578],[114.07944,22.545781],[114.079441,22.545739],[114.079473,22.545739],[114.079474,22.545702],[114.080073,22.545711],[114.080073,22.545723],[114.080126,22.545724],[114.080126,22.545746],[114.080175,22.545747],[114.080174,22.545783],[114.080228,22.545783],[114.080219,22.546213],[114.079385,22.5462]]]}},{"type":"Feature","properties":{"oid":"way/351753071","name":"华联大厦","zh":"华联大厦","en":null,"levels":null},"geometry":{"type":"Polygon","coordinates":[[[114.088693,22.543898],[114.088812,22.543898],[114.088813,22.543787],[114.088898,22.543788],[114.088898,22.543899],[114.089019,22.543899],[114.089391,22.543901],[114.089391,22.543928],[114.089424,22.543928],[114.089423,22.544189],[114.089403,22.544189],[114.089403,22.544213],[114.089018,22.544211],[114.088692,22.544209],[114.088693,22.543898]]]}},{"type":"Feature","properties":{"oid":"way/351753073","name":null,"zh":null,"en":null,"levels":null},"geometry":{"type":"Polygon","coordinates":[[[114.083366,22.550554],[114.083789,22.550559],[114.083792,22.550402],[114.083344,22.550396],[114.083345,22.550295],[114.08379,22.550301],[114.083792,22.550145],[114.083351,22.550139],[114.083353,22.550044],[114.083899,22.550052],[114.083889,22.550689],[114.083364,22.550682],[114.083366,22.550554]]]}},{"type":"Feature","properties":{"oid":"way/351753074","name":"创新园","zh":"创新园","en":null,"levels":null},"geometry":{"type":"Polygon","coordinates":[[[114.079345,22.546901],[114.079349,22.546698],[114.079375,22.546698],[114.079381,22.546341],[114.080095,22.546352],[114.080087,22.546333],[114.080217,22.546334],[114.080213,22.546528],[114.08019,22.546535],[114.080188,22.546666],[114.08015,22.546725],[114.080192,22.546725],[114.08019,22.546804],[114.080128,22.546803],[114.080126,22.546913],[114.079345,22.546901]]]}},{"type":"Feature","properties":{"oid":"way/351753076","name":null,"zh":null,"en":null,"levels":null},"geometry":{"type":"Polygon","coordinates":[[[114.082834,22.545024],[114.083123,22.545029],[114.083123,22.545068],[114.083295,22.545068],[114.083285,22.545525],[114.083224,22.545572],[114.082894,22.545573],[114.082817,22.545506],[114.082834,22.545024]]]}},{"type":"Feature","properties":{"oid":"way/351753078","name":null,"zh":null,"en":null,"levels":null},"geometry":{"type":"Polygon","coordinates":[[[114.085486,22.547011],[114.085488,22.546937],[114.085763,22.546944],[114.085761,22.547017],[114.085486,22.547011]]]}},{"type":"Feature","properties":{"oid":"way/351753079","name":null,"zh":null,"en":null,"levels":null},"geometry":{"type":"Polygon","coordinates":[[[114.079453,22.550886],[114.079457,22.550655],[114.079592,22.550644],[114.079593,22.550561],[114.079672,22.550563],[114.079672,22.550578],[114.079764,22.55058],[114.079766,22.550562],[114.080017,22.550565],[114.080019,22.550581],[114.080117,22.550582],[114.080118,22.550567],[114.080262,22.550569],[114.08026,22.550676],[114.080315,22.550677],[114.080312,22.550896],[114.079453,22.550886]]]}},{"type":"Feature","properties":{"oid":"way/351753081","name":"华发大厦","zh":"华发大厦","en":"Huafa Building","levels":6},"geometry":{"type":"Polygon","coordinates":[[[114.084101,22.548913],[114.084105,22.548657],[114.084238,22.548659],[114.084238,22.548679],[114.084763,22.548687],[114.084772,22.548641],[114.084805,22.548634],[114.084835,22.548288],[114.085539,22.548299],[114.085536,22.548479],[114.085509,22.548486],[114.085482,22.548916],[114.085506,22.548931],[114.085497,22.548984],[114.085464,22.549026],[114.084178,22.549007],[114.084101,22.548913]]]}},{"type":"Feature","properties":{"oid":"way/351753082","name":"桑达大厦","zh":"桑达大厦","en":"Sangda Building","levels":26},"geometry":{"type":"Polygon","coordinates":[[[114.084205,22.547768],[114.084209,22.547548],[114.084246,22.54753],[114.084244,22.547473],[114.084226,22.547469],[114.08423,22.547238],[114.084434,22.547241],[114.084441,22.547258],[114.084518,22.547257],[114.084523,22.547236],[114.084731,22.54724],[114.084727,22.547489],[114.084643,22.547487],[114.084642,22.547548],[114.084717,22.547547],[114.084713,22.547763],[114.084205,22.547768]]]}},{"type":"Feature","properties":{"oid":"way/351753084","name":"航天立业大厦","zh":"航天立业大厦","en":null,"levels":null},"geometry":{"type":"Polygon","coordinates":[[[114.089479,22.547013],[114.089411,22.547013],[114.089412,22.546828],[114.08942,22.546828],[114.08942,22.546721],[114.089483,22.546721],[114.089483,22.546696],[114.089735,22.546696],[114.089735,22.546715],[114.089828,22.546715],[114.089827,22.546811],[114.089816,22.546811],[114.089815,22.547015],[114.08973,22.547015],[114.08973,22.547033],[114.089477,22.547032],[114.089479,22.547013]]]}},{"type":"Feature","properties":{"oid":"way/351753085","name":null,"zh":null,"en":null,"levels":null},"geometry":{"type":"Polygon","coordinates":[[[114.085557,22.545616],[114.086042,22.545613],[114.086043,22.545579],[114.086167,22.545575],[114.08624,22.5456],[114.086208,22.545637],[114.086204,22.545708],[114.086192,22.545871],[114.085569,22.545885],[114.085557,22.545616]]]}},{"type":"Feature","properties":{"oid":"way/351753086","name":null,"zh":null,"en":null,"levels":null},"geometry":{"type":"Polygon","coordinates":[[[114.086604,22.551084],[114.086302,22.55108],[114.0863,22.551207],[114.086816,22.551215],[114.086814,22.551316],[114.086779,22.551347],[114.086638,22.551345],[114.086644,22.551326],[114.086542,22.551324],[114.086539,22.551349],[114.08632,22.551345],[114.086319,22.551324],[114.086274,22.551311],[114.086276,22.55121],[114.086239,22.55121],[114.086243,22.550953],[114.086606,22.550959],[114.086604,22.551084]]]}},{"type":"Feature","properties":{"oid":"way/351753087","name":null,"zh":null,"en":null,"levels":null},"geometry":{"type":"Polygon","coordinates":[[[114.090035,22.550106],[114.090037,22.549974],[114.090335,22.549979],[114.090336,22.549937],[114.090381,22.549938],[114.090401,22.549794],[114.090231,22.549792],[114.090233,22.549654],[114.090462,22.549657],[114.090464,22.549539],[114.090038,22.549533],[114.090041,22.549328],[114.090578,22.549336],[114.090629,22.549404],[114.090597,22.550056],[114.090531,22.550052],[114.090527,22.550113],[114.090035,22.550106]]]}},{"type":"Feature","properties":{"oid":"way/351753088","name":null,"zh":null,"en":null,"levels":null},"geometry":{"type":"Polygon","coordinates":[[[114.089151,22.548767],[114.089152,22.548729],[114.089124,22.548728],[114.089125,22.548677],[114.089161,22.548676],[114.089172,22.548665],[114.089542,22.548671],[114.089544,22.548682],[114.089572,22.548702],[114.089571,22.548759],[114.089541,22.548773],[114.08951,22.548773],[114.089478,22.548802],[114.089462,22.548805],[114.089412,22.548757],[114.089214,22.548755],[114.089205,22.548768],[114.089151,22.548767]]]}},{"type":"Feature","properties":{"oid":"way/351753090","name":null,"zh":null,"en":null,"levels":null},"geometry":{"type":"Polygon","coordinates":[[[114.079578,22.550331],[114.079579,22.550254],[114.079565,22.550253],[114.079569,22.55007],[114.079779,22.550073],[114.079778,22.550115],[114.080289,22.550122],[114.080285,22.550345],[114.080232,22.550344],[114.080228,22.550358],[114.080161,22.550357],[114.080161,22.550384],[114.080079,22.550383],[114.080079,22.550346],[114.079776,22.550341],[114.079775,22.55037],[114.079706,22.550369],[114.079706,22.550333],[114.079578,22.550331]]]}},{"type":"Feature","properties":{"oid":"way/351753092","name":null,"zh":null,"en":null,"levels":null},"geometry":{"type":"Polygon","coordinates":[[[114.077629,22.549029],[114.07763,22.548973],[114.077685,22.548974],[114.077688,22.548818],[114.077748,22.548819],[114.077751,22.548654],[114.077694,22.548653],[114.077697,22.548504],[114.077723,22.548504],[114.077724,22.548464],[114.078352,22.548473],[114.078351,22.548539],[114.078436,22.548541],[114.078429,22.548999],[114.078328,22.548997],[114.078328,22.54901],[114.077788,22.549002],[114.077788,22.549031],[114.077629,22.549029]]]}},{"type":"Feature","properties":{"oid":"way/351753094","name":null,"zh":null,"en":null,"levels":null},"geometry":{"type":"Polygon","coordinates":[[[114.086194,22.543959],[114.086194,22.543912],[114.086202,22.543912],[114.086202,22.543889],[114.086254,22.543889],[114.086254,22.543894],[114.086455,22.543895],[114.086454,22.5439],[114.086482,22.5439],[114.086482,22.543886],[114.086489,22.543886],[114.086489,22.543834],[114.086622,22.543834],[114.086622,22.543885],[114.086616,22.543884],[114.086615,22.54397],[114.086342,22.543969],[114.086342,22.543959],[114.086194,22.543959]]]}},{"type":"Feature","properties":{"oid":"way/351753095","name":null,"zh":null,"en":null,"levels":null},"geometry":{"type":"Polygon","coordinates":[[[114.087619,22.550763],[114.08742,22.55076],[114.087422,22.550647],[114.087371,22.550646],[114.087374,22.550428],[114.08741,22.55041],[114.087411,22.55034],[114.087205,22.550337],[114.087187,22.550274],[114.08717,22.550269],[114.087174,22.550224],[114.087639,22.55023],[114.087638,22.550286],[114.087619,22.550306],[114.087632,22.550333],[114.087629,22.550502],[114.087585,22.550521],[114.087584,22.550574],[114.087638,22.550592],[114.087619,22.550763]]]}},{"type":"Feature","properties":{"oid":"way/351753099","name":null,"zh":null,"en":null,"levels":null},"geometry":{"type":"Polygon","coordinates":[[[114.078722,22.55103],[114.078724,22.550915],[114.078774,22.55092],[114.078768,22.550936],[114.078982,22.55094],[114.078989,22.55088],[114.079075,22.550882],[114.079074,22.550861],[114.07919,22.550863],[114.079189,22.550909],[114.079213,22.550906],[114.079207,22.550924],[114.079285,22.550925],[114.079269,22.551073],[114.079191,22.551043],[114.078968,22.551039],[114.078943,22.551022],[114.078748,22.55102],[114.078746,22.551031],[114.078722,22.55103]]]}},{"type":"Feature","properties":{"oid":"way/351753101","name":null,"zh":null,"en":null,"levels":null},"geometry":{"type":"Polygon","coordinates":[[[114.089891,22.550197],[114.090004,22.550197],[114.090004,22.550211],[114.090132,22.550211],[114.090132,22.550196],[114.090251,22.550196],[114.090251,22.550225],[114.090243,22.550225],[114.090243,22.550313],[114.090249,22.550313],[114.090249,22.550343],[114.090161,22.550343],[114.090161,22.550336],[114.090103,22.550335],[114.090103,22.550367],[114.09003,22.550367],[114.09003,22.550339],[114.08989,22.550338],[114.089891,22.550229],[114.089891,22.550197]]]}},{"type":"Feature","properties":{"oid":"way/351753103","name":null,"zh":null,"en":null,"levels":null},"geometry":{"type":"Polygon","coordinates":[[[114.086883,22.544671],[114.086909,22.544668],[114.086909,22.544757],[114.087356,22.544758],[114.087356,22.544854],[114.086961,22.544853],[114.086961,22.54488],[114.087335,22.544881],[114.087335,22.544913],[114.086906,22.544912],[114.086906,22.54488],[114.08691,22.54488],[114.08691,22.544768],[114.086902,22.544768],[114.086901,22.544877],[114.086897,22.544877],[114.086897,22.544917],[114.086874,22.544917],[114.086874,22.544879],[114.086883,22.544879],[114.086883,22.544671]]]}},{"type":"Feature","properties":{"oid":"way/351753105","name":null,"zh":null,"en":null,"levels":null},"geometry":{"type":"Polygon","coordinates":[[[114.086236,22.545305],[114.085657,22.545352],[114.085614,22.545325],[114.085593,22.545291],[114.085591,22.545248],[114.085607,22.545191],[114.085627,22.544065],[114.086005,22.544071],[114.086002,22.544234],[114.085967,22.544234],[114.085958,22.544758],[114.085743,22.544755],[114.085738,22.545034],[114.085769,22.545038],[114.085768,22.545125],[114.0858,22.545134],[114.085797,22.545149],[114.086187,22.545155],[114.086181,22.545181],[114.086227,22.545176],[114.086236,22.545305]]]}},{"type":"Feature","properties":{"oid":"way/351753107","name":"深圳回酒店","zh":"深圳回酒店","en":"Hui Hotel Shenzhen","levels":null},"geometry":{"type":"Polygon","coordinates":[[[114.076596,22.551303],[114.076596,22.551266],[114.076577,22.551266],[114.076578,22.551228],[114.076591,22.551228],[114.076592,22.551163],[114.076562,22.551163],[114.076563,22.551096],[114.076678,22.551097],[114.076678,22.551082],[114.077276,22.55109],[114.077275,22.551138],[114.077299,22.551138],[114.077298,22.551193],[114.077278,22.551192],[114.077277,22.551247],[114.077293,22.551247],[114.077292,22.551295],[114.077263,22.551295],[114.077263,22.551313],[114.076596,22.551303]]]}},{"type":"Feature","properties":{"oid":"way/351753109","name":null,"zh":null,"en":null,"levels":null},"geometry":{"type":"Polygon","coordinates":[[[114.089692,22.550184],[114.089692,22.550203],[114.089682,22.550203],[114.089682,22.550199],[114.089545,22.550199],[114.089545,22.550192],[114.089553,22.550192],[114.089553,22.55014],[114.0897,22.550141],[114.0897,22.550131],[114.089781,22.550131],[114.089781,22.550136],[114.08993,22.550136],[114.08993,22.550172],[114.089919,22.550172],[114.089919,22.550187],[114.089709,22.550187],[114.089709,22.550178],[114.089696,22.550178],[114.089696,22.550184],[114.089692,22.550184]]]}},{"type":"Feature","properties":{"oid":"way/351753111","name":null,"zh":null,"en":null,"levels":null},"geometry":{"type":"Polygon","coordinates":[[[114.084236,22.5451],[114.08424,22.544925],[114.084363,22.544927],[114.084373,22.544964],[114.084398,22.544964],[114.084398,22.544937],[114.084447,22.544938],[114.08447,22.544917],[114.08455,22.544918],[114.084572,22.544968],[114.08461,22.544968],[114.08461,22.544925],[114.084735,22.544924],[114.084741,22.544946],[114.084785,22.544947],[114.084782,22.545062],[114.084408,22.545055],[114.084409,22.545032],[114.084308,22.54503],[114.084306,22.545101],[114.084236,22.5451]]]}},{"type":"Feature","properties":{"oid":"way/351753113","name":null,"zh":null,"en":null,"levels":null},"geometry":{"type":"Polygon","coordinates":[[[114.081885,22.550977],[114.081861,22.550941],[114.081851,22.550907],[114.081906,22.550784],[114.082344,22.55079],[114.08234,22.550765],[114.082425,22.550763],[114.082433,22.550792],[114.08294,22.550788],[114.082924,22.551087],[114.082923,22.551108],[114.082839,22.551103],[114.08283,22.551082],[114.082393,22.551076],[114.082392,22.551105],[114.08229,22.551104],[114.082193,22.551097],[114.082096,22.551076],[114.082015,22.551052],[114.081934,22.551014],[114.081885,22.550977]]]}},{"type":"Feature","properties":{"oid":"way/351753115","name":null,"zh":null,"en":null,"levels":8},"geometry":{"type":"Polygon","coordinates":[[[114.083341,22.547005],[114.083343,22.546882],[114.083678,22.546887],[114.083678,22.546843],[114.083792,22.546845],[114.083793,22.546827],[114.083899,22.546829],[114.083903,22.546829],[114.083904,22.546766],[114.083376,22.546759],[114.083381,22.54648],[114.083888,22.546487],[114.083887,22.546505],[114.083936,22.546506],[114.083937,22.54645],[114.083953,22.54645],[114.083943,22.547026],[114.083918,22.54704],[114.08384,22.547039],[114.083841,22.547021],[114.08361,22.547018],[114.083341,22.547005]]]}},{"type":"Feature","properties":{"oid":"way/351753116","name":null,"zh":null,"en":null,"levels":null},"geometry":{"type":"Polygon","coordinates":[[[114.088938,22.545552],[114.088936,22.545707],[114.08897,22.545707],[114.088969,22.545778],[114.089517,22.545785],[114.089517,22.545753],[114.089471,22.545753],[114.089476,22.545494],[114.089566,22.545496],[114.089566,22.545678],[114.089612,22.545678],[114.089611,22.545752],[114.089568,22.545752],[114.089566,22.545893],[114.089256,22.54589],[114.089257,22.545824],[114.089185,22.545823],[114.089184,22.545875],[114.088765,22.54587],[114.08877,22.54555],[114.088938,22.545552]]]}},{"type":"Feature","properties":{"oid":"way/351753117","name":"飞亚达大厦","zh":"飞亚达大厦","en":null,"levels":32},"geometry":{"type":"Polygon","coordinates":[[[114.078423,22.546904],[114.078355,22.54686],[114.078354,22.546713],[114.078368,22.546713],[114.078367,22.546525],[114.078422,22.546525],[114.078422,22.546495],[114.078513,22.546494],[114.078513,22.54652],[114.078576,22.54652],[114.078575,22.546493],[114.078683,22.546493],[114.078683,22.546524],[114.078934,22.546523],[114.078934,22.546445],[114.079048,22.546445],[114.079048,22.546469],[114.079078,22.546497],[114.079077,22.546923],[114.078876,22.546923],[114.078876,22.546905],[114.078423,22.546904]]]}},{"type":"Feature","properties":{"oid":"way/351753118","name":null,"zh":null,"en":null,"levels":null},"geometry":{"type":"Polygon","coordinates":[[[114.076641,22.550931],[114.076642,22.550921],[114.076582,22.55092],[114.076612,22.550893],[114.076613,22.550807],[114.076587,22.550807],[114.076587,22.550781],[114.0771,22.550788],[114.0771,22.550801],[114.077154,22.550802],[114.077154,22.550789],[114.077301,22.550791],[114.0773,22.550869],[114.077282,22.550869],[114.077281,22.550915],[114.077295,22.550915],[114.077294,22.550939],[114.07713,22.550937],[114.07713,22.550927],[114.07711,22.550926],[114.07711,22.550938],[114.076641,22.550931]]]}},{"type":"Feature","properties":{"oid":"way/351753120","name":null,"zh":null,"en":null,"levels":null},"geometry":{"type":"Polygon","coordinates":[[[114.088081,22.545967],[114.088081,22.545984],[114.088047,22.545984],[114.088047,22.545911],[114.088052,22.545911],[114.088052,22.545771],[114.088075,22.545771],[114.088074,22.545869],[114.08812,22.545869],[114.08812,22.545848],[114.088177,22.545848],[114.088177,22.545874],[114.088261,22.545874],[114.088261,22.545898],[114.088255,22.545898],[114.088255,22.545988],[114.088215,22.545988],[114.088215,22.545972],[114.088185,22.545972],[114.088185,22.545983],[114.088112,22.545983],[114.088112,22.545968],[114.088081,22.545967]]]}},{"type":"Feature","properties":{"oid":"way/351753122","name":"天虹Discovery","zh":"天虹Discovery","en":"Rainbow Discovery","levels":6},"geometry":{"type":"Polygon","coordinates":[[[114.078385,22.546347],[114.078385,22.546203],[114.078348,22.546203],[114.078348,22.546119],[114.078385,22.546119],[114.078385,22.546062],[114.078348,22.546062],[114.078348,22.54596],[114.078385,22.54596],[114.078385,22.545767],[114.078347,22.545767],[114.078347,22.545689],[114.078385,22.545689],[114.078385,22.545536],[114.078419,22.545498],[114.079028,22.545497],[114.079028,22.545537],[114.07908,22.545537],[114.079081,22.546324],[114.07903,22.546324],[114.07903,22.546347],[114.078385,22.546347]]]}},{"type":"Feature","properties":{"oid":"way/351753125","name":null,"zh":null,"en":null,"levels":null},"geometry":{"type":"Polygon","coordinates":[[[114.077327,22.549918],[114.077104,22.549914],[114.077104,22.549904],[114.076667,22.549898],[114.076668,22.54987],[114.076622,22.549869],[114.076623,22.549775],[114.076648,22.549775],[114.076654,22.549448],[114.076636,22.549448],[114.076637,22.54937],[114.076657,22.54937],[114.076658,22.549344],[114.077291,22.549353],[114.077345,22.549404],[114.077343,22.549523],[114.077276,22.549522],[114.077276,22.549535],[114.076765,22.549527],[114.076738,22.549555],[114.076735,22.549734],[114.07733,22.549743],[114.077327,22.549918]]]}},{"type":"Feature","properties":{"oid":"way/351753130","name":null,"zh":null,"en":null,"levels":null},"geometry":{"type":"Polygon","coordinates":[[[114.088307,22.54563],[114.088468,22.545631],[114.088468,22.545636],[114.088607,22.545636],[114.088606,22.545696],[114.088574,22.545696],[114.088573,22.545729],[114.088529,22.545729],[114.088529,22.545715],[114.088502,22.545715],[114.088501,22.545732],[114.088452,22.545732],[114.088452,22.545698],[114.088432,22.545698],[114.088432,22.545732],[114.088391,22.545732],[114.088391,22.545716],[114.088363,22.545716],[114.088363,22.545731],[114.088348,22.545731],[114.088349,22.545724],[114.088322,22.545724],[114.088322,22.545692],[114.088307,22.545692],[114.088307,22.54563]]]}},{"type":"Feature","properties":{"oid":"way/351753132","name":"工会大厦","zh":"工会大厦","en":null,"levels":null},"geometry":{"type":"Polygon","coordinates":[[[114.090732,22.546152],[114.090462,22.546152],[114.090462,22.546145],[114.090324,22.546145],[114.090324,22.546128],[114.090331,22.546128],[114.09033,22.546016],[114.09059,22.546016],[114.09059,22.546026],[114.090716,22.546026],[114.090716,22.546034],[114.090729,22.546034],[114.090729,22.546016],[114.090862,22.546016],[114.090887,22.546016],[114.090887,22.546204],[114.09088,22.546204],[114.09088,22.546434],[114.090899,22.546479],[114.090898,22.546541],[114.09088,22.54658],[114.09088,22.54662],[114.090732,22.546621],[114.090732,22.546152]]]}},{"type":"Feature","properties":{"oid":"way/351753134","name":null,"zh":null,"en":null,"levels":null},"geometry":{"type":"Polygon","coordinates":[[[114.090601,22.547669],[114.090647,22.54767],[114.090646,22.547707],[114.090739,22.547708],[114.090742,22.547558],[114.090307,22.547552],[114.09031,22.547421],[114.090651,22.547426],[114.090653,22.547343],[114.090775,22.547344],[114.090774,22.547404],[114.090885,22.547405],[114.090879,22.547761],[114.0906,22.547757],[114.090601,22.547669]]]}},{"type":"Feature","properties":{"oid":"way/351753136","name":null,"zh":null,"en":null,"levels":null},"geometry":{"type":"Polygon","coordinates":[[[114.090369,22.547009],[114.090269,22.547009],[114.090269,22.546931],[114.090341,22.546931],[114.090341,22.546922],[114.090493,22.546923],[114.090493,22.546934],[114.090621,22.546934],[114.090621,22.546897],[114.090684,22.546897],[114.090684,22.546869],[114.090624,22.546869],[114.090624,22.54684],[114.090524,22.54684],[114.090524,22.54676],[114.090532,22.54676],[114.090532,22.546732],[114.090829,22.546733],[114.090829,22.54691],[114.09084,22.54691],[114.09084,22.547043],[114.090756,22.547042],[114.090756,22.547057],[114.090363,22.547056],[114.090369,22.547009]]]}},{"type":"Feature","properties":{"oid":"way/351753140","name":null,"zh":null,"en":null,"levels":null},"geometry":{"type":"Polygon","coordinates":[[[114.089513,22.546522],[114.08945,22.546522],[114.08945,22.546502],[114.089456,22.546502],[114.089456,22.546414],[114.089556,22.546415],[114.089555,22.546419],[114.089907,22.54642],[114.089907,22.546485],[114.089899,22.546485],[114.089899,22.54652],[114.089829,22.54652],[114.089829,22.546532],[114.089742,22.546532],[114.089742,22.546522],[114.089684,22.546522],[114.089684,22.546494],[114.089691,22.546494],[114.089691,22.546471],[114.089676,22.546471],[114.089676,22.546495],[114.089669,22.546495],[114.089669,22.546523],[114.08961,22.546523],[114.08961,22.546533],[114.089513,22.546533],[114.089513,22.546522]]]}},{"type":"Feature","properties":{"oid":"way/351753142","name":"中国电子工程设计院","zh":"中国电子工程设计院","en":null,"levels":null},"geometry":{"type":"Polygon","coordinates":[[[114.084241,22.545268],[114.084256,22.545254],[114.084312,22.545308],[114.08438,22.545237],[114.084376,22.545211],[114.0844,22.5452],[114.084413,22.545217],[114.084439,22.545192],[114.084658,22.545195],[114.084659,22.545215],[114.084734,22.545216],[114.084732,22.545332],[114.084759,22.54536],[114.084851,22.545361],[114.084853,22.545234],[114.085274,22.545235],[114.085274,22.545155],[114.085303,22.545155],[114.085305,22.545197],[114.085411,22.545193],[114.085411,22.545304],[114.085405,22.545332],[114.085388,22.545358],[114.085356,22.545398],[114.085316,22.545421],[114.084851,22.545458],[114.08485,22.545416],[114.084764,22.545416],[114.08476,22.545497],[114.084241,22.545493],[114.084241,22.545268]]]}},{"type":"Feature","properties":{"oid":"way/351753143","name":null,"zh":null,"en":null,"levels":null},"geometry":{"type":"Polygon","coordinates":[[[114.077352,22.547616],[114.077347,22.547616],[114.077353,22.547261],[114.077328,22.54726],[114.07733,22.547173],[114.077548,22.547176],[114.077547,22.547242],[114.077593,22.547243],[114.077593,22.547289],[114.077547,22.547288],[114.077546,22.547376],[114.077593,22.547377],[114.077603,22.547394],[114.077993,22.5474],[114.07799,22.547578],[114.077946,22.547578],[114.077901,22.547534],[114.077685,22.547531],[114.077684,22.547569],[114.077603,22.547568],[114.077604,22.547522],[114.077584,22.547522],[114.077582,22.54762],[114.077528,22.547619],[114.077526,22.5477],[114.077459,22.547699],[114.07746,22.547635],[114.077352,22.547616]]]}},{"type":"Feature","properties":{"oid":"way/351753144","name":null,"zh":null,"en":null,"levels":null},"geometry":{"type":"Polygon","coordinates":[[[114.089993,22.546095],[114.090053,22.546094],[114.090053,22.546089],[114.090119,22.546089],[114.090119,22.546093],[114.090179,22.546093],[114.090179,22.546089],[114.090208,22.546089],[114.090208,22.546116],[114.090204,22.546116],[114.090204,22.546128],[114.090192,22.546128],[114.090191,22.546159],[114.090148,22.546159],[114.090148,22.546179],[114.090114,22.546179],[114.090114,22.546168],[114.090053,22.546168],[114.090052,22.54618],[114.09002,22.54618],[114.09002,22.54616],[114.089973,22.54616],[114.089973,22.546132],[114.089981,22.546132],[114.089981,22.546126],[114.089966,22.546126],[114.089966,22.546089],[114.089993,22.546089],[114.089993,22.546095]]]}},{"type":"Feature","properties":{"oid":"way/351753145","name":null,"zh":null,"en":null,"levels":null},"geometry":{"type":"Polygon","coordinates":[[[114.089993,22.546277],[114.090052,22.546277],[114.090052,22.546271],[114.090119,22.546271],[114.090119,22.546276],[114.090179,22.546276],[114.090179,22.546272],[114.090208,22.546272],[114.090208,22.546298],[114.090203,22.546298],[114.090203,22.546311],[114.090191,22.54631],[114.090191,22.546341],[114.090147,22.546341],[114.090147,22.546362],[114.090113,22.546361],[114.090113,22.54635],[114.090052,22.54635],[114.090052,22.546363],[114.09002,22.546363],[114.09002,22.546342],[114.089972,22.546342],[114.089972,22.546314],[114.08998,22.546314],[114.08998,22.546308],[114.089966,22.546308],[114.089966,22.546272],[114.089993,22.546272],[114.089993,22.546277]]]}},{"type":"Feature","properties":{"oid":"way/351753147","name":null,"zh":null,"en":null,"levels":null},"geometry":{"type":"Polygon","coordinates":[[[114.089989,22.546523],[114.089966,22.546523],[114.089966,22.546492],[114.089961,22.546492],[114.089961,22.546446],[114.089995,22.546446],[114.089995,22.546452],[114.089988,22.546452],[114.089988,22.546457],[114.090022,22.546457],[114.090022,22.546448],[114.090074,22.546448],[114.090074,22.546453],[114.090141,22.546453],[114.090141,22.546463],[114.090168,22.546463],[114.090168,22.546452],[114.090198,22.546452],[114.090198,22.546498],[114.090187,22.546498],[114.090187,22.546529],[114.09014,22.546529],[114.09014,22.546547],[114.090112,22.546547],[114.090112,22.546538],[114.090049,22.546538],[114.090049,22.546547],[114.090021,22.546547],[114.090021,22.546528],[114.089989,22.546528],[114.089989,22.546523]]]}},{"type":"Feature","properties":{"oid":"way/351753149","name":null,"zh":null,"en":null,"levels":null},"geometry":{"type":"Polygon","coordinates":[[[114.07727,22.548995],[114.076553,22.548985],[114.076569,22.548061],[114.076819,22.548064],[114.07682,22.548008],[114.077106,22.548012],[114.077105,22.54807],[114.077303,22.548073],[114.077302,22.548117],[114.077395,22.548119],[114.077394,22.548208],[114.077294,22.548207],[114.077294,22.548227],[114.076823,22.54822],[114.07682,22.548421],[114.077303,22.548428],[114.0773,22.54858],[114.077227,22.548579],[114.077225,22.548699],[114.077067,22.548697],[114.077068,22.54865],[114.076795,22.548646],[114.076795,22.548687],[114.076692,22.548686],[114.07669,22.548778],[114.076923,22.548781],[114.076922,22.548809],[114.077182,22.548813],[114.077182,22.548838],[114.077272,22.54884],[114.07727,22.548995]]]}},{"type":"Feature","properties":{"oid":"way/351753151","name":"曼哈商业广场","zh":"曼哈商业广场","en":"Manhar Commercial Plaza","levels":null},"geometry":{"type":"Polygon","coordinates":[[[114.083277,22.549009],[114.082608,22.548998],[114.082608,22.549024],[114.082506,22.549022],[114.082506,22.548997],[114.081818,22.548987],[114.081821,22.548761],[114.081856,22.548721],[114.08187,22.547564],[114.082787,22.547573],[114.082784,22.547799],[114.08272,22.547823],[114.082715,22.548114],[114.082668,22.548141],[114.082664,22.548383],[114.082008,22.548373],[114.082006,22.548468],[114.082626,22.548477],[114.082625,22.548538],[114.081981,22.548529],[114.08198,22.548583],[114.082006,22.548583],[114.082005,22.548625],[114.081907,22.548623],[114.081905,22.54873],[114.081985,22.548732],[114.081985,22.548687],[114.083102,22.548704],[114.083101,22.548739],[114.083282,22.548742],[114.083277,22.549009]]]}},{"type":"Feature","properties":{"oid":"way/351753160","name":null,"zh":null,"en":null,"levels":null},"geometry":{"type":"Polygon","coordinates":[[[114.08979,22.55045],[114.089709,22.55045],[114.089709,22.550456],[114.08957,22.550456],[114.08957,22.550418],[114.089581,22.550419],[114.089582,22.550378],[114.089596,22.550378],[114.089596,22.550355],[114.089644,22.550356],[114.089644,22.55031],[114.089592,22.55031],[114.089592,22.550318],[114.089561,22.550318],[114.089561,22.550235],[114.089665,22.550236],[114.089665,22.550289],[114.089698,22.550289],[114.089698,22.550219],[114.089709,22.550219],[114.089709,22.550201],[114.089758,22.550201],[114.089758,22.550205],[114.089816,22.550205],[114.089815,22.550306],[114.089694,22.550305],[114.089694,22.550323],[114.089688,22.550323],[114.089688,22.550362],[114.089717,22.550362],[114.089717,22.550374],[114.089759,22.550374],[114.089759,22.550407],[114.089791,22.550408],[114.08979,22.55045]]]}},{"type":"Feature","properties":{"oid":"way/351753162","name":null,"zh":null,"en":null,"levels":null},"geometry":{"type":"Polygon","coordinates":[[[114.088321,22.545244],[114.088302,22.545244],[114.088302,22.545223],[114.088292,22.545223],[114.088292,22.545145],[114.08834,22.545145],[114.08834,22.545122],[114.088359,22.545122],[114.088358,22.545128],[114.088415,22.545129],[114.088415,22.545144],[114.088466,22.545144],[114.088466,22.545123],[114.088547,22.545123],[114.088547,22.545146],[114.088597,22.545146],[114.088597,22.545204],[114.088586,22.545204],[114.088586,22.545215],[114.088577,22.545215],[114.088577,22.545248],[114.088556,22.545248],[114.088556,22.545261],[114.088517,22.545261],[114.088517,22.545247],[114.088493,22.545247],[114.088493,22.545235],[114.088469,22.545235],[114.088469,22.545246],[114.088403,22.545246],[114.088403,22.545234],[114.088379,22.545234],[114.088379,22.545245],[114.088354,22.545245],[114.088354,22.545259],[114.08832,22.545259],[114.088321,22.545244]]]}},{"type":"Feature","properties":{"oid":"way/351753164","name":"格兰云天大酒店","zh":"格兰云天大酒店","en":null,"levels":null},"geometry":{"type":"Polygon","coordinates":[[[114.077274,22.54425],[114.077159,22.54406],[114.077166,22.543654],[114.077134,22.54355],[114.077155,22.543512],[114.077239,22.543491],[114.077249,22.543516],[114.077272,22.543515],[114.077319,22.543509],[114.077554,22.543513],[114.077555,22.543468],[114.077646,22.543469],[114.077647,22.543513],[114.077778,22.543515],[114.077777,22.543745],[114.077738,22.543762],[114.07777,22.543811],[114.077684,22.543946],[114.077707,22.543958],[114.077728,22.543957],[114.077786,22.543993],[114.077784,22.544092],[114.077585,22.544201],[114.077573,22.544186],[114.077523,22.544212],[114.077493,22.544172],[114.077423,22.544208],[114.077402,22.544173],[114.077274,22.54425]]]}},{"type":"Feature","properties":{"oid":"way/351753166","name":null,"zh":null,"en":null,"levels":null},"geometry":{"type":"Polygon","coordinates":[[[114.089219,22.549431],[114.08922,22.54935],[114.089448,22.549353],[114.089447,22.549434],[114.089219,22.549431]]]}},{"type":"Feature","properties":{"oid":"way/351753168","name":null,"zh":null,"en":null,"levels":null},"geometry":{"type":"Polygon","coordinates":[[[114.084943,22.549781],[114.084945,22.549697],[114.085399,22.549703],[114.085398,22.549787],[114.084943,22.549781]]]}},{"type":"Feature","properties":{"oid":"way/351753169","name":null,"zh":null,"en":null,"levels":null},"geometry":{"type":"Polygon","coordinates":[[[114.080186,22.548851],[114.080188,22.548782],[114.080326,22.548784],[114.080325,22.548853],[114.080186,22.548851]]]}},{"type":"Feature","properties":{"oid":"way/351753172","name":null,"zh":null,"en":null,"levels":null},"geometry":{"type":"Polygon","coordinates":[[[114.08497,22.54821],[114.084972,22.548089],[114.085526,22.548095],[114.085525,22.548215],[114.08497,22.54821]]]}},{"type":"Feature","properties":{"oid":"way/351753178","name":null,"zh":null,"en":null,"levels":null},"geometry":{"type":"Polygon","coordinates":[[[114.085266,22.544826],[114.085267,22.54473],[114.08546,22.544733],[114.085459,22.544828],[114.085266,22.544826]]]}},{"type":"Feature","properties":{"oid":"way/351753179","name":null,"zh":null,"en":null,"levels":null},"geometry":{"type":"Polygon","coordinates":[[[114.08504,22.551166],[114.085041,22.55107],[114.085182,22.551072],[114.085181,22.551168],[114.08504,22.551166]]]}},{"type":"Feature","properties":{"oid":"way/351753183","name":null,"zh":null,"en":null,"levels":null},"geometry":{"type":"Polygon","coordinates":[[[114.085122,22.544371],[114.085123,22.544288],[114.085458,22.544293],[114.085456,22.544376],[114.085122,22.544371]]]}},{"type":"Feature","properties":{"oid":"way/351753187","name":null,"zh":null,"en":null,"levels":null},"geometry":{"type":"Polygon","coordinates":[[[114.089568,22.549495],[114.08957,22.549392],[114.09001,22.549399],[114.090008,22.549502],[114.089568,22.549495]]]}},{"type":"Feature","properties":{"oid":"way/351753190","name":null,"zh":null,"en":null,"levels":null},"geometry":{"type":"Polygon","coordinates":[[[114.084743,22.544784],[114.084745,22.544681],[114.084946,22.544684],[114.084944,22.544787],[114.084743,22.544784]]]}},{"type":"Feature","properties":{"oid":"way/351753194","name":null,"zh":null,"en":null,"levels":null},"geometry":{"type":"Polygon","coordinates":[[[114.084667,22.551166],[114.084669,22.55107],[114.084806,22.551072],[114.084805,22.551168],[114.084667,22.551166]]]}},{"type":"Feature","properties":{"oid":"way/351753198","name":null,"zh":null,"en":null,"levels":null},"geometry":{"type":"Polygon","coordinates":[[[114.088303,22.546524],[114.088304,22.54647],[114.088378,22.546471],[114.088378,22.546525],[114.088303,22.546524]]]}},{"type":"Feature","properties":{"oid":"way/351753200","name":null,"zh":null,"en":null,"levels":null},"geometry":{"type":"Polygon","coordinates":[[[114.078192,22.54806],[114.078192,22.548017],[114.078366,22.54802],[114.078366,22.548062],[114.078192,22.54806]]]}},{"type":"Feature","properties":{"oid":"way/351753203","name":null,"zh":null,"en":null,"levels":null},"geometry":{"type":"Polygon","coordinates":[[[114.089569,22.550755],[114.089571,22.550663],[114.089788,22.550666],[114.089787,22.550758],[114.089569,22.550755]]]}},{"type":"Feature","properties":{"oid":"way/351753205","name":null,"zh":null,"en":null,"levels":null},"geometry":{"type":"Polygon","coordinates":[[[114.085911,22.551061],[114.085913,22.550923],[114.086062,22.550925],[114.08606,22.551063],[114.085911,22.551061]]]}},{"type":"Feature","properties":{"oid":"way/351753207","name":null,"zh":null,"en":null,"levels":null},"geometry":{"type":"Polygon","coordinates":[[[114.080458,22.548861],[114.08046,22.548775],[114.0806,22.548777],[114.080599,22.548863],[114.080458,22.548861]]]}},{"type":"Feature","properties":{"oid":"way/351753208","name":null,"zh":null,"en":null,"levels":null},"geometry":{"type":"Polygon","coordinates":[[[114.090011,22.546957],[114.090012,22.546854],[114.090198,22.546857],[114.090197,22.54696],[114.090011,22.546957]]]}},{"type":"Feature","properties":{"oid":"way/351753210","name":"103栋","zh":"103栋","en":"Block 103","levels":null},"geometry":{"type":"Polygon","coordinates":[[[114.084791,22.546466],[114.084793,22.54639],[114.085364,22.546398],[114.085363,22.546465],[114.084791,22.546466]]]}},{"type":"Feature","properties":{"oid":"way/351753212","name":null,"zh":null,"en":null,"levels":null},"geometry":{"type":"Polygon","coordinates":[[[114.085048,22.550893],[114.085049,22.5508],[114.085194,22.550802],[114.085192,22.550895],[114.085048,22.550893]]]}},{"type":"Feature","properties":{"oid":"way/351753213","name":null,"zh":null,"en":null,"levels":null},"geometry":{"type":"Polygon","coordinates":[[[114.086365,22.545296],[114.086368,22.545065],[114.086899,22.545073],[114.086895,22.545281],[114.086365,22.545296]]]}},{"type":"Feature","properties":{"oid":"way/351753215","name":null,"zh":null,"en":null,"levels":null},"geometry":{"type":"Polygon","coordinates":[[[114.089018,22.550223],[114.089019,22.550141],[114.089323,22.550145],[114.089322,22.550227],[114.089018,22.550223]]]}},{"type":"Feature","properties":{"oid":"way/351753217","name":null,"zh":null,"en":null,"levels":null},"geometry":{"type":"Polygon","coordinates":[[[114.086987,22.551219],[114.086988,22.551165],[114.087071,22.551166],[114.087074,22.551218],[114.086987,22.551219]]]}},{"type":"Feature","properties":{"oid":"way/351753222","name":null,"zh":null,"en":null,"levels":null},"geometry":{"type":"Polygon","coordinates":[[[114.077354,22.548088],[114.077355,22.54802],[114.077415,22.548021],[114.077413,22.548089],[114.077354,22.548088]]]}},{"type":"Feature","properties":{"oid":"way/351753224","name":null,"zh":null,"en":null,"levels":null},"geometry":{"type":"Polygon","coordinates":[[[114.086931,22.551108],[114.086933,22.551012],[114.087037,22.551014],[114.087035,22.55111],[114.086931,22.551108]]]}},{"type":"Feature","properties":{"oid":"way/351753227","name":null,"zh":null,"en":null,"levels":null},"geometry":{"type":"Polygon","coordinates":[[[114.085322,22.550919],[114.085324,22.550801],[114.085452,22.550803],[114.08545,22.550921],[114.085322,22.550919]]]}},{"type":"Feature","properties":{"oid":"way/351753230","name":"明通数码城","zh":"明通数码城","en":"Mingtong Digital City","levels":null},"geometry":{"type":"Polygon","coordinates":[[[114.082956,22.547886],[114.08296,22.547624],[114.083872,22.547637],[114.083867,22.547902],[114.082956,22.547886]]]}},{"type":"Feature","properties":{"oid":"way/351753233","name":null,"zh":null,"en":null,"levels":null},"geometry":{"type":"Polygon","coordinates":[[[114.085644,22.55093],[114.085646,22.550818],[114.085767,22.55082],[114.085765,22.550931],[114.085644,22.55093]]]}},{"type":"Feature","properties":{"oid":"way/351753236","name":null,"zh":null,"en":null,"levels":null},"geometry":{"type":"Polygon","coordinates":[[[114.088733,22.543616],[114.088734,22.543549],[114.08879,22.54355],[114.088789,22.543616],[114.088733,22.543616]]]}},{"type":"Feature","properties":{"oid":"way/351753238","name":null,"zh":null,"en":null,"levels":null},"geometry":{"type":"Polygon","coordinates":[[[114.087725,22.55148],[114.087555,22.551478],[114.087562,22.550925],[114.087732,22.550927],[114.087725,22.55148]]]}},{"type":"Feature","properties":{"oid":"way/351753241","name":null,"zh":null,"en":null,"levels":null},"geometry":{"type":"Polygon","coordinates":[[[114.08552,22.550928],[114.085522,22.550813],[114.085646,22.550815],[114.085644,22.55093],[114.08552,22.550928]]]}},{"type":"Feature","properties":{"oid":"way/351753247","name":null,"zh":null,"en":null,"levels":null},"geometry":{"type":"Polygon","coordinates":[[[114.08455,22.551137],[114.084551,22.551056],[114.084669,22.551058],[114.084667,22.551138],[114.08455,22.551137]]]}},{"type":"Feature","properties":{"oid":"way/351753249","name":null,"zh":null,"en":null,"levels":null},"geometry":{"type":"Polygon","coordinates":[[[114.088181,22.543777],[114.088182,22.543716],[114.088316,22.543718],[114.088315,22.543779],[114.088181,22.543777]]]}},{"type":"Feature","properties":{"oid":"way/351753253","name":null,"zh":null,"en":null,"levels":null},"geometry":{"type":"Polygon","coordinates":[[[114.086579,22.548212],[114.086582,22.548014],[114.086689,22.548016],[114.086685,22.548217],[114.086579,22.548212]]]}},{"type":"Feature","properties":{"oid":"way/351753263","name":null,"zh":null,"en":null,"levels":null},"geometry":{"type":"Polygon","coordinates":[[[114.079529,22.548969],[114.079531,22.548848],[114.079817,22.548852],[114.079815,22.548973],[114.079529,22.548969]]]}},{"type":"Feature","properties":{"oid":"way/351753267","name":"富怡雅居","zh":"富怡雅居","en":null,"levels":24},"geometry":{"type":"Polygon","coordinates":[[[114.088712,22.547031],[114.088714,22.546852],[114.089267,22.546861],[114.089264,22.547037],[114.088712,22.547031]]]}},{"type":"Feature","properties":{"oid":"way/351753270","name":null,"zh":null,"en":null,"levels":null},"geometry":{"type":"Polygon","coordinates":[[[114.084222,22.550076],[114.08412,22.550074],[114.084129,22.549549],[114.084231,22.549551],[114.084222,22.550076]]]}},{"type":"Feature","properties":{"oid":"way/351753273","name":null,"zh":null,"en":null,"levels":null},"geometry":{"type":"Polygon","coordinates":[[[114.085379,22.550745],[114.08538,22.550673],[114.08551,22.550675],[114.085509,22.550747],[114.085379,22.550745]]]}},{"type":"Feature","properties":{"oid":"way/351753280","name":null,"zh":null,"en":null,"levels":null},"geometry":{"type":"Polygon","coordinates":[[[114.079555,22.548679],[114.079556,22.548601],[114.079832,22.548605],[114.07983,22.548683],[114.079555,22.548679]]]}},{"type":"Feature","properties":{"oid":"way/351753283","name":null,"zh":null,"en":null,"levels":null},"geometry":{"type":"Polygon","coordinates":[[[114.077865,22.548377],[114.077867,22.548306],[114.077943,22.548307],[114.077941,22.548378],[114.077865,22.548377]]]}},{"type":"Feature","properties":{"oid":"way/351753285","name":null,"zh":null,"en":null,"levels":null},"geometry":{"type":"Polygon","coordinates":[[[114.08557,22.551173],[114.085571,22.55109],[114.085719,22.551092],[114.085717,22.551176],[114.08557,22.551173]]]}},{"type":"Feature","properties":{"oid":"way/351753288","name":null,"zh":null,"en":null,"levels":null},"geometry":{"type":"Polygon","coordinates":[[[114.085513,22.549793],[114.085515,22.549707],[114.08608,22.549715],[114.086079,22.549802],[114.085513,22.549793]]]}},{"type":"Feature","properties":{"oid":"way/351753289","name":null,"zh":null,"en":null,"levels":null},"geometry":{"type":"Polygon","coordinates":[[[114.084873,22.545066],[114.084874,22.544971],[114.085404,22.544978],[114.085403,22.545074],[114.084873,22.545066]]]}},{"type":"Feature","properties":{"oid":"way/351753290","name":null,"zh":null,"en":null,"levels":null},"geometry":{"type":"Polygon","coordinates":[[[114.084929,22.550054],[114.08493,22.549965],[114.0857,22.549976],[114.085699,22.550065],[114.084929,22.550054]]]}},{"type":"Feature","properties":{"oid":"way/351753291","name":null,"zh":null,"en":null,"levels":null},"geometry":{"type":"Polygon","coordinates":[[[114.085192,22.550895],[114.085194,22.550793],[114.085304,22.550794],[114.085303,22.550897],[114.085192,22.550895]]]}},{"type":"Feature","properties":{"oid":"way/351753293","name":null,"zh":null,"en":null,"levels":null},"geometry":{"type":"Polygon","coordinates":[[[114.085432,22.551171],[114.085434,22.551072],[114.085571,22.551074],[114.08557,22.551173],[114.085432,22.551171]]]}},{"type":"Feature","properties":{"oid":"way/351753297","name":null,"zh":null,"en":null,"levels":null},"geometry":{"type":"Polygon","coordinates":[[[114.088923,22.543609],[114.088924,22.54355],[114.08907,22.543552],[114.089069,22.543611],[114.088923,22.543609]]]}},{"type":"Feature","properties":{"oid":"way/351753299","name":null,"zh":null,"en":null,"levels":null},"geometry":{"type":"Polygon","coordinates":[[[114.086858,22.549979],[114.08686,22.549867],[114.087032,22.54987],[114.08703,22.549982],[114.086858,22.549979]]]}},{"type":"Feature","properties":{"oid":"way/351753301","name":null,"zh":null,"en":null,"levels":null},"geometry":{"type":"Polygon","coordinates":[[[114.085286,22.544594],[114.085287,22.544506],[114.085475,22.544509],[114.085474,22.544597],[114.085286,22.544594]]]}},{"type":"Feature","properties":{"oid":"way/351753304","name":null,"zh":null,"en":null,"levels":null},"geometry":{"type":"Polygon","coordinates":[[[114.078756,22.548082],[114.078758,22.547981],[114.079247,22.547988],[114.079245,22.548089],[114.078756,22.548082]]]}},{"type":"Feature","properties":{"oid":"way/351753306","name":null,"zh":null,"en":null,"levels":null},"geometry":{"type":"Polygon","coordinates":[[[114.085315,22.55117],[114.085317,22.551061],[114.085434,22.551063],[114.085432,22.551171],[114.085315,22.55117]]]}},{"type":"Feature","properties":{"oid":"way/351753311","name":"东风大厦","zh":"东风大厦","en":null,"levels":null},"geometry":{"type":"Polygon","coordinates":[[[114.088115,22.544314],[114.088118,22.5441],[114.088119,22.543989],[114.088469,22.543992],[114.088468,22.544103],[114.088465,22.544318],[114.088115,22.544314]]]}},{"type":"Feature","properties":{"oid":"way/351753313","name":null,"zh":null,"en":null,"levels":null},"geometry":{"type":"Polygon","coordinates":[[[114.08612,22.546086],[114.086122,22.545995],[114.086817,22.546006],[114.086815,22.546096],[114.08612,22.546086]]]}},{"type":"Feature","properties":{"oid":"way/351753320","name":null,"zh":null,"en":null,"levels":null},"geometry":{"type":"Polygon","coordinates":[[[114.088558,22.543592],[114.088559,22.543543],[114.088653,22.543545],[114.088653,22.543593],[114.088558,22.543592]]]}},{"type":"Feature","properties":{"oid":"way/351753321","name":null,"zh":null,"en":null,"levels":null},"geometry":{"type":"Polygon","coordinates":[[[114.085181,22.551168],[114.085182,22.551078],[114.085316,22.55108],[114.085315,22.55117],[114.085181,22.551168]]]}},{"type":"Feature","properties":{"oid":"way/351753323","name":null,"zh":null,"en":null,"levels":null},"geometry":{"type":"Polygon","coordinates":[[[114.088561,22.549611],[114.088562,22.54953],[114.088881,22.549534],[114.08888,22.549614],[114.088561,22.549611]]]}},{"type":"Feature","properties":{"oid":"way/351753324","name":null,"zh":null,"en":null,"levels":null},"geometry":{"type":"Polygon","coordinates":[[[114.080174,22.548975],[114.080176,22.548899],[114.080588,22.548906],[114.080587,22.548988],[114.080174,22.548975]]]}},{"type":"Feature","properties":{"oid":"way/351753325","name":null,"zh":null,"en":null,"levels":null},"geometry":{"type":"Polygon","coordinates":[[[114.083333,22.546012],[114.083338,22.545745],[114.083901,22.545753],[114.083896,22.546021],[114.083333,22.546012]]]}},{"type":"Feature","properties":{"oid":"way/351753327","name":null,"zh":null,"en":null,"levels":null},"geometry":{"type":"Polygon","coordinates":[[[114.085147,22.544261],[114.085148,22.544198],[114.085491,22.544203],[114.08549,22.544266],[114.085147,22.544261]]]}},{"type":"Feature","properties":{"oid":"way/351753329","name":null,"zh":null,"en":null,"levels":null},"geometry":{"type":"Polygon","coordinates":[[[114.090267,22.546742],[114.090447,22.546742],[114.090447,22.546823],[114.090267,22.546822],[114.090267,22.546742]]]}},{"type":"Feature","properties":{"oid":"way/351753330","name":"A栋","zh":"A栋","en":"Block A","levels":null},"geometry":{"type":"Polygon","coordinates":[[[114.085517,22.546539],[114.085522,22.546353],[114.086033,22.546365],[114.086028,22.54655],[114.085517,22.546539]]]}},{"type":"Feature","properties":{"oid":"way/351753333","name":null,"zh":null,"en":null,"levels":null},"geometry":{"type":"Polygon","coordinates":[[[114.076926,22.5467],[114.076927,22.546627],[114.077159,22.546631],[114.077158,22.546703],[114.076926,22.5467]]]}},{"type":"Feature","properties":{"oid":"way/351753335","name":"君悦阁","zh":"君悦阁","en":null,"levels":null},"geometry":{"type":"Polygon","coordinates":[[[114.087481,22.544862],[114.087486,22.544582],[114.087825,22.544587],[114.08782,22.544867],[114.087481,22.544862]]]}},{"type":"Feature","properties":{"oid":"way/351753337","name":null,"zh":null,"en":null,"levels":null},"geometry":{"type":"Polygon","coordinates":[[[114.079522,22.548823],[114.079524,22.548698],[114.079597,22.548699],[114.079594,22.548824],[114.079522,22.548823]]]}},{"type":"Feature","properties":{"oid":"way/351753340","name":null,"zh":null,"en":null,"levels":null},"geometry":{"type":"Polygon","coordinates":[[[114.084934,22.550891],[114.084935,22.550786],[114.085049,22.550788],[114.085048,22.550893],[114.084934,22.550891]]]}},{"type":"Feature","properties":{"oid":"way/351753341","name":null,"zh":null,"en":null,"levels":null},"geometry":{"type":"Polygon","coordinates":[[[114.084718,22.54432],[114.084719,22.54423],[114.085054,22.544234],[114.085052,22.544325],[114.084718,22.54432]]]}},{"type":"Feature","properties":{"oid":"way/351753343","name":null,"zh":null,"en":null,"levels":null},"geometry":{"type":"Polygon","coordinates":[[[114.08591,22.550912],[114.085912,22.550802],[114.086031,22.550803],[114.086029,22.550913],[114.08591,22.550912]]]}},{"type":"Feature","properties":{"oid":"way/351753345","name":null,"zh":null,"en":null,"levels":null},"geometry":{"type":"Polygon","coordinates":[[[114.078978,22.548676],[114.078982,22.5483],[114.079142,22.548302],[114.079138,22.548677],[114.078978,22.548676]]]}},{"type":"Feature","properties":{"oid":"way/351753346","name":null,"zh":null,"en":null,"levels":null},"geometry":{"type":"Polygon","coordinates":[[[114.086899,22.546627],[114.0869,22.546514],[114.086924,22.546514],[114.086924,22.546497],[114.086959,22.546497],[114.086958,22.546628],[114.086899,22.546627]]]}},{"type":"Feature","properties":{"oid":"way/351753348","name":null,"zh":null,"en":null,"levels":null},"geometry":{"type":"Polygon","coordinates":[[[114.089607,22.549616],[114.089608,22.549544],[114.08991,22.549548],[114.089909,22.54962],[114.089607,22.549616]]]}},{"type":"Feature","properties":{"oid":"way/351753352","name":null,"zh":null,"en":null,"levels":null},"geometry":{"type":"Polygon","coordinates":[[[114.084429,22.551163],[114.084431,22.551051],[114.084551,22.551053],[114.08455,22.551165],[114.084429,22.551163]]]}},{"type":"Feature","properties":{"oid":"way/351753353","name":null,"zh":null,"en":null,"levels":8},"geometry":{"type":"Polygon","coordinates":[[[114.083894,22.546328],[114.083325,22.54632],[114.08333,22.54605],[114.083898,22.546059],[114.083894,22.546328]]]}},{"type":"Feature","properties":{"oid":"way/351753355","name":null,"zh":null,"en":null,"levels":null},"geometry":{"type":"Polygon","coordinates":[[[114.085766,22.55091],[114.085767,22.550814],[114.085912,22.550816],[114.08591,22.550912],[114.085766,22.55091]]]}},{"type":"Feature","properties":{"oid":"way/351753356","name":null,"zh":null,"en":null,"levels":null},"geometry":{"type":"Polygon","coordinates":[[[114.088876,22.550225],[114.088878,22.550106],[114.089006,22.550108],[114.089004,22.550227],[114.088876,22.550225]]]}},{"type":"Feature","properties":{"oid":"way/351753357","name":null,"zh":null,"en":null,"levels":null},"geometry":{"type":"Polygon","coordinates":[[[114.08853,22.544831],[114.088128,22.544825],[114.08813,22.54468],[114.088533,22.544686],[114.08853,22.544831]]]}},{"type":"Feature","properties":{"oid":"way/351753358","name":null,"zh":null,"en":null,"levels":null},"geometry":{"type":"Polygon","coordinates":[[[114.089335,22.550226],[114.089337,22.550141],[114.089524,22.550144],[114.089522,22.550228],[114.089335,22.550226]]]}},{"type":"Feature","properties":{"oid":"way/351753359","name":null,"zh":null,"en":null,"levels":null},"geometry":{"type":"Polygon","coordinates":[[[114.088086,22.5484],[114.088788,22.548403],[114.088786,22.54875],[114.088084,22.548747],[114.088086,22.5484]]]}},{"type":"Feature","properties":{"oid":"way/351753360","name":null,"zh":null,"en":null,"levels":null},"geometry":{"type":"Polygon","coordinates":[[[114.087315,22.545511],[114.087043,22.545507],[114.087044,22.545453],[114.087316,22.545457],[114.087315,22.545511]]]}},{"type":"Feature","properties":{"oid":"way/351753363","name":null,"zh":null,"en":null,"levels":null},"geometry":{"type":"Polygon","coordinates":[[[114.084926,22.551164],[114.084927,22.551059],[114.085041,22.55106],[114.08504,22.551166],[114.084926,22.551164]]]}},{"type":"Feature","properties":{"oid":"way/351753365","name":null,"zh":null,"en":null,"levels":null},"geometry":{"type":"Polygon","coordinates":[[[114.079438,22.551104],[114.07944,22.551033],[114.079524,22.551035],[114.079523,22.551108],[114.079438,22.551104]]]}},{"type":"Feature","properties":{"oid":"way/351753366","name":null,"zh":null,"en":null,"levels":null},"geometry":{"type":"Polygon","coordinates":[[[114.08609,22.549468],[114.08452,22.549445],[114.084521,22.549372],[114.086091,22.549395],[114.08609,22.549468]]]}},{"type":"Feature","properties":{"oid":"way/351753368","name":null,"zh":null,"en":null,"levels":null},"geometry":{"type":"Polygon","coordinates":[[[114.088637,22.549482],[114.088641,22.549391],[114.088922,22.549401],[114.088918,22.549492],[114.088637,22.549482]]]}},{"type":"Feature","properties":{"oid":"way/351753370","name":null,"zh":null,"en":null,"levels":null},"geometry":{"type":"Polygon","coordinates":[[[114.079538,22.548473],[114.079841,22.548477],[114.079839,22.548587],[114.079536,22.548583],[114.079538,22.548473]]]}},{"type":"Feature","properties":{"oid":"way/351753372","name":null,"zh":null,"en":null,"levels":null},"geometry":{"type":"Polygon","coordinates":[[[114.085022,22.544782],[114.085023,22.544687],[114.085187,22.544689],[114.085185,22.544785],[114.085022,22.544782]]]}},{"type":"Feature","properties":{"oid":"way/351753373","name":null,"zh":null,"en":null,"levels":null},"geometry":{"type":"Polygon","coordinates":[[[114.084941,22.55064],[114.084943,22.550529],[114.085403,22.550535],[114.085401,22.550647],[114.084941,22.55064]]]}},{"type":"Feature","properties":{"oid":"way/351753375","name":null,"zh":null,"en":null,"levels":null},"geometry":{"type":"Polygon","coordinates":[[[114.080191,22.548567],[114.080193,22.54847],[114.080614,22.548476],[114.080612,22.548574],[114.080191,22.548567]]]}},{"type":"Feature","properties":{"oid":"way/351753377","name":null,"zh":null,"en":null,"levels":null},"geometry":{"type":"Polygon","coordinates":[[[114.089,22.549418],[114.089003,22.549287],[114.089045,22.549288],[114.089043,22.549419],[114.089,22.549418]]]}},{"type":"Feature","properties":{"oid":"way/351753382","name":null,"zh":null,"en":null,"levels":null},"geometry":{"type":"Polygon","coordinates":[[[114.088281,22.54359],[114.088282,22.543539],[114.088422,22.543541],[114.088422,22.543592],[114.088281,22.54359]]]}},{"type":"Feature","properties":{"oid":"way/351753384","name":null,"zh":null,"en":null,"levels":null},"geometry":{"type":"Polygon","coordinates":[[[114.085592,22.550634],[114.085594,22.550544],[114.086047,22.550551],[114.086045,22.550641],[114.085592,22.550634]]]}},{"type":"Feature","properties":{"oid":"way/351753385","name":null,"zh":null,"en":null,"levels":null},"geometry":{"type":"Polygon","coordinates":[[[114.086288,22.549947],[114.08629,22.54984],[114.086811,22.549851],[114.086809,22.549957],[114.086288,22.549947]]]}},{"type":"Feature","properties":{"oid":"way/351753387","name":"深圳华联城市候机楼巴士总站","zh":"深圳华联城市候机楼巴士总站","en":"Hualian Building Terminal of Shenzhen Airport1","levels":1},"geometry":{"type":"Polygon","coordinates":[[[114.08928,22.543782],[114.089282,22.543695],[114.089435,22.543697],[114.089433,22.543785],[114.08928,22.543782]]]}},{"type":"Feature","properties":{"oid":"way/351753388","name":null,"zh":null,"en":null,"levels":null},"geometry":{"type":"Polygon","coordinates":[[[114.088555,22.54983],[114.088556,22.549744],[114.088871,22.549749],[114.08887,22.549829],[114.088555,22.54983]]]}},{"type":"Feature","properties":{"oid":"way/351753389","name":null,"zh":null,"en":null,"levels":null},"geometry":{"type":"Polygon","coordinates":[[[114.089811,22.550755],[114.089813,22.550671],[114.090003,22.550674],[114.090001,22.550757],[114.089811,22.550755]]]}},{"type":"Feature","properties":{"oid":"way/351753391","name":null,"zh":null,"en":null,"levels":null},"geometry":{"type":"Polygon","coordinates":[[[114.090277,22.546501],[114.090257,22.546501],[114.090257,22.546455],[114.090265,22.546455],[114.090265,22.546412],[114.090325,22.546412],[114.090325,22.546404],[114.090384,22.546404],[114.090384,22.546448],[114.090375,22.546448],[114.090375,22.546483],[114.090424,22.546483],[114.090424,22.546461],[114.090516,22.546461],[114.090516,22.54648],[114.09056,22.54648],[114.09056,22.546467],[114.090619,22.546467],[114.090619,22.546489],[114.090701,22.54649],[114.090701,22.546575],[114.090627,22.546575],[114.090627,22.54659],[114.090584,22.54659],[114.090584,22.546572],[114.090561,22.546572],[114.090561,22.546589],[114.090519,22.546589],[114.090519,22.546571],[114.090493,22.546571],[114.090493,22.546584],[114.09045,22.546584],[114.09045,22.546571],[114.090424,22.546571],[114.090424,22.546585],[114.090382,22.546585],[114.090382,22.54657],[114.090357,22.54657],[114.090357,22.546586],[114.090277,22.546586],[114.090277,22.546501]]]}},{"type":"Feature","properties":{"oid":"way/351753393","name":null,"zh":null,"en":null,"levels":null},"geometry":{"type":"Polygon","coordinates":[[[114.088061,22.545429],[114.08819,22.545423],[114.08819,22.545402],[114.088394,22.545402],[114.088394,22.545421],[114.088437,22.545421],[114.088437,22.545436],[114.088494,22.545437],[114.088494,22.545421],[114.088569,22.545421],[114.088569,22.545436],[114.088617,22.545436],[114.088617,22.545498],[114.088605,22.545498],[114.088605,22.545532],[114.088584,22.545532],[114.088584,22.545543],[114.088549,22.545543],[114.088549,22.545531],[114.088523,22.545531],[114.088523,22.545502],[114.088496,22.545502],[114.088496,22.545529],[114.088428,22.545529],[114.088428,22.545504],[114.088401,22.545504],[114.088401,22.545534],[114.08838,22.545534],[114.08838,22.545548],[114.088351,22.545548],[114.088351,22.545532],[114.08833,22.545532],[114.08833,22.545487],[114.088266,22.545487],[114.088266,22.545551],[114.088232,22.545551],[114.088232,22.545511],[114.088203,22.545511],[114.088202,22.545556],[114.088133,22.545556],[114.088133,22.545607],[114.088054,22.545607],[114.088054,22.545574],[114.088061,22.545574],[114.088061,22.545429]]]}},{"type":"Feature","properties":{"oid":"way/351753396","name":null,"zh":null,"en":null,"levels":null},"geometry":{"type":"Polygon","coordinates":[[[114.090278,22.54565],[114.090281,22.545535],[114.090496,22.545536],[114.090529,22.545548],[114.090529,22.54565],[114.090278,22.54565]]]}},{"type":"Feature","properties":{"oid":"way/351753397","name":null,"zh":null,"en":null,"levels":null},"geometry":{"type":"Polygon","coordinates":[[[114.087002,22.544948],[114.087844,22.54496],[114.08784,22.5452],[114.08777,22.54528],[114.086997,22.545268],[114.087002,22.544948]]]}},{"type":"Feature","properties":{"oid":"way/351753399","name":null,"zh":null,"en":null,"levels":null},"geometry":{"type":"Polygon","coordinates":[[[114.086873,22.546966],[114.086878,22.546676],[114.087728,22.546689],[114.087724,22.54688],[114.087664,22.54697],[114.086873,22.546966]]]}},{"type":"Feature","properties":{"oid":"way/351753402","name":"宝弘商务大厦","zh":"宝弘商务大厦","en":null,"levels":null},"geometry":{"type":"Polygon","coordinates":[[[114.079596,22.549539],[114.079535,22.549473],[114.079566,22.549324],[114.080252,22.549334],[114.080249,22.549545],[114.079596,22.549539]]]}},{"type":"Feature","properties":{"oid":"way/351753404","name":null,"zh":null,"en":null,"levels":null},"geometry":{"type":"Polygon","coordinates":[[[114.086919,22.547518],[114.086922,22.547339],[114.087593,22.547349],[114.08759,22.547525],[114.087058,22.547518],[114.086919,22.547518]]]}},{"type":"Feature","properties":{"oid":"way/351753408","name":null,"zh":null,"en":null,"levels":null},"geometry":{"type":"Polygon","coordinates":[[[114.088554,22.544865],[114.088555,22.544977],[114.088539,22.544977],[114.088539,22.544972],[114.088521,22.544972],[114.088521,22.544958],[114.088496,22.544958],[114.088495,22.544974],[114.088466,22.544974],[114.088466,22.544958],[114.088442,22.544958],[114.088442,22.544975],[114.088364,22.544975],[114.088364,22.544958],[114.088337,22.544958],[114.088337,22.544977],[114.088311,22.544977],[114.088311,22.544958],[114.088287,22.544958],[114.088287,22.544976],[114.08821,22.544975],[114.08821,22.544959],[114.088189,22.544959],[114.088189,22.544975],[114.088159,22.544975],[114.088159,22.544959],[114.088131,22.544958],[114.088131,22.545006],[114.088221,22.545006],[114.08822,22.545145],[114.088245,22.545145],[114.088245,22.545211],[114.08824,22.545211],[114.08824,22.545236],[114.08822,22.545236],[114.08822,22.545229],[114.088205,22.545229],[114.088205,22.54521],[114.088138,22.545209],[114.088138,22.545259],[114.088107,22.545259],[114.088107,22.545252],[114.088032,22.545252],[114.088032,22.545217],[114.088042,22.545217],[114.088043,22.544974],[114.088034,22.544974],[114.088034,22.54496],[114.08804,22.54496],[114.08804,22.544945],[114.088023,22.544945],[114.088023,22.544936],[114.088019,22.544936],[114.088019,22.544889],[114.088033,22.544889],[114.088033,22.544863],[114.088554,22.544865]]]}},{"type":"Feature","properties":{"oid":"way/351753410","name":"102栋","zh":"102栋","en":"Block 102","levels":null},"geometry":{"type":"Polygon","coordinates":[[[114.084793,22.546705],[114.084794,22.546632],[114.08531,22.54664],[114.085316,22.546627],[114.085349,22.546628],[114.085347,22.546709],[114.084793,22.546705]]]}},{"type":"Feature","properties":{"oid":"way/351753412","name":null,"zh":null,"en":null,"levels":null},"geometry":{"type":"Polygon","coordinates":[[[114.084117,22.549527],[114.084122,22.549254],[114.084162,22.549233],[114.08416,22.549356],[114.084486,22.549361],[114.084483,22.549524],[114.084117,22.549527]]]}},{"type":"Feature","properties":{"oid":"way/351753414","name":null,"zh":null,"en":null,"levels":null},"geometry":{"type":"Polygon","coordinates":[[[114.0787,22.547792],[114.078712,22.547228],[114.078998,22.547233],[114.078995,22.547407],[114.079288,22.547412],[114.07928,22.547802],[114.0787,22.547792]]]}},{"type":"Feature","properties":{"oid":"way/351753419","name":null,"zh":null,"en":null,"levels":null},"geometry":{"type":"Polygon","coordinates":[[[114.087296,22.546191],[114.087299,22.546013],[114.087416,22.546014],[114.087412,22.546097],[114.08754,22.546099],[114.087538,22.546202],[114.087296,22.546191]]]}},{"type":"Feature","properties":{"oid":"way/351753428","name":null,"zh":null,"en":null,"levels":null},"geometry":{"type":"Polygon","coordinates":[[[114.088544,22.550042],[114.088545,22.54996],[114.088588,22.549957],[114.0886,22.549964],[114.08886,22.549968],[114.088859,22.550046],[114.088544,22.550042]]]}},{"type":"Feature","properties":{"oid":"way/351753430","name":null,"zh":null,"en":null,"levels":null},"geometry":{"type":"Polygon","coordinates":[[[114.082807,22.546729],[114.082812,22.546457],[114.082951,22.546459],[114.082951,22.54649],[114.083224,22.546494],[114.08322,22.546741],[114.082807,22.546729]]]}},{"type":"Feature","properties":{"oid":"way/351753432","name":null,"zh":null,"en":null,"levels":null},"geometry":{"type":"Polygon","coordinates":[[[114.085211,22.544156],[114.085218,22.54379],[114.085333,22.543791],[114.085329,22.544028],[114.085458,22.54403],[114.085456,22.544159],[114.085211,22.544156]]]}},{"type":"Feature","properties":{"oid":"way/351753433","name":null,"zh":null,"en":null,"levels":null},"geometry":{"type":"Polygon","coordinates":[[[114.089887,22.550209],[114.089887,22.550255],[114.089843,22.550255],[114.089843,22.550231],[114.089836,22.550231],[114.089836,22.550207],[114.089887,22.550209]]]}},{"type":"Feature","properties":{"oid":"way/351753437","name":"东方建富时尚广场","zh":"东方建富时尚广场","en":null,"levels":null},"geometry":{"type":"Polygon","coordinates":[[[114.084779,22.546957],[114.084781,22.546825],[114.084846,22.546824],[114.084851,22.546846],[114.085339,22.546854],[114.085337,22.546969],[114.084779,22.546957]]]}},{"type":"Feature","properties":{"oid":"way/351753440","name":"电子科技大厦D座","zh":"Building D, Dianzikeji Building","en":null,"levels":null},"geometry":{"type":"Polygon","coordinates":[[[114.082877,22.544305],[114.082879,22.543821],[114.083246,22.543823],[114.083242,22.544308],[114.08322,22.544307],[114.082877,22.544305]]]}},{"type":"Feature","properties":{"oid":"way/351753442","name":"建艺大厦","zh":"建艺大厦","en":null,"levels":null},"geometry":{"type":"Polygon","coordinates":[[[114.088736,22.54909],[114.0881,22.549068],[114.088101,22.54902],[114.088068,22.548997],[114.088071,22.548872],[114.088739,22.548882],[114.088736,22.54909]]]}},{"type":"Feature","properties":{"oid":"way/351753444","name":null,"zh":null,"en":null,"levels":null},"geometry":{"type":"Polygon","coordinates":[[[114.086993,22.546664],[114.086998,22.546343],[114.087656,22.546352],[114.087651,22.546674],[114.086993,22.546664]]]}},{"type":"Feature","properties":{"oid":"way/351753446","name":null,"zh":null,"en":null,"levels":null},"geometry":{"type":"Polygon","coordinates":[[[114.088301,22.545983],[114.088337,22.545984],[114.088337,22.545996],[114.088366,22.545996],[114.088366,22.545985],[114.088399,22.545985],[114.088399,22.545996],[114.088429,22.545996],[114.088429,22.545985],[114.088482,22.545986],[114.088483,22.545956],[114.088476,22.545956],[114.088476,22.545913],[114.088431,22.545913],[114.088431,22.545902],[114.088399,22.545901],[114.088399,22.545911],[114.088381,22.545911],[114.088381,22.545916],[114.088367,22.545916],[114.088367,22.545903],[114.088336,22.545903],[114.088336,22.545911],[114.088303,22.545911],[114.088303,22.545898],[114.08831,22.545898],[114.08831,22.545885],[114.088303,22.545885],[114.088303,22.54581],[114.088341,22.54581],[114.088341,22.545826],[114.088402,22.545826],[114.088402,22.545811],[114.088442,22.545811],[114.088442,22.545826],[114.088486,22.545826],[114.088486,22.545811],[114.088522,22.545811],[114.088521,22.545829],[114.088509,22.545829],[114.088509,22.545864],[114.088519,22.545864],[114.088519,22.545893],[114.088513,22.545893],[114.088513,22.545903],[114.088499,22.545903],[114.088499,22.546006],[114.088568,22.546006],[114.088567,22.546063],[114.088516,22.546062],[114.088516,22.54608],[114.088494,22.54608],[114.088494,22.546074],[114.088435,22.546074],[114.088435,22.546087],[114.088393,22.546087],[114.088393,22.546072],[114.088336,22.546072],[114.088336,22.546079],[114.088301,22.546079],[114.088301,22.545983]]]}},{"type":"Feature","properties":{"oid":"way/351753448","name":null,"zh":null,"en":null,"levels":null},"geometry":{"type":"Polygon","coordinates":[[[114.086909,22.550742],[114.086786,22.55074],[114.086785,22.550681],[114.086545,22.550677],[114.086547,22.550592],[114.086896,22.550597],[114.086918,22.550615],[114.086909,22.550742]]]}},{"type":"Feature","properties":{"oid":"way/351753450","name":null,"zh":null,"en":null,"levels":null},"geometry":{"type":"Polygon","coordinates":[[[114.078776,22.548948],[114.078787,22.548314],[114.078957,22.548317],[114.078949,22.54879],[114.079201,22.548794],[114.079199,22.54896],[114.078776,22.548953],[114.078776,22.548948]]]}},{"type":"Feature","properties":{"oid":"way/351753451","name":null,"zh":null,"en":null,"levels":null},"geometry":{"type":"Polygon","coordinates":[[[114.089007,22.550062],[114.089009,22.549967],[114.089074,22.549968],[114.089086,22.54995],[114.089393,22.549954],[114.089432,22.549979],[114.089431,22.550071],[114.089007,22.550062]]]}},{"type":"Feature","properties":{"oid":"way/351753453","name":null,"zh":null,"en":null,"levels":null},"geometry":{"type":"Polygon","coordinates":[[[114.084153,22.551356],[114.084152,22.551336],[114.084142,22.55133],[114.084144,22.551257],[114.084153,22.55125],[114.084274,22.551252],[114.084272,22.55136],[114.084153,22.551356]]]}},{"type":"Feature","properties":{"oid":"way/351753455","name":null,"zh":null,"en":null,"levels":null},"geometry":{"type":"Polygon","coordinates":[[[114.07858,22.549561],[114.078585,22.549286],[114.07929,22.549296],[114.079284,22.549601],[114.07868,22.549592],[114.078623,22.549595],[114.078618,22.549551],[114.07858,22.549561]]]}},{"type":"Feature","properties":{"oid":"way/351753457","name":null,"zh":null,"en":null,"levels":null},"geometry":{"type":"Polygon","coordinates":[[[114.07755,22.55028],[114.077552,22.550134],[114.078231,22.550143],[114.078228,22.550295],[114.07755,22.55028]]]}},{"type":"Feature","properties":{"oid":"way/351753458","name":null,"zh":null,"en":null,"levels":null},"geometry":{"type":"Polygon","coordinates":[[[114.083426,22.549043],[114.083436,22.548389],[114.083808,22.548398],[114.083828,22.548384],[114.083935,22.548384],[114.083924,22.549003],[114.08387,22.549058],[114.083426,22.549043]]]}},{"type":"Feature","properties":{"oid":"way/351753460","name":null,"zh":null,"en":null,"levels":null},"geometry":{"type":"Polygon","coordinates":[[[114.077452,22.548179],[114.077454,22.548062],[114.078477,22.548077],[114.078475,22.548176],[114.078037,22.54817],[114.078037,22.548198],[114.077451,22.548189],[114.077452,22.548179]]]}},{"type":"Feature","properties":{"oid":"way/351753464","name":null,"zh":null,"en":null,"levels":null},"geometry":{"type":"Polygon","coordinates":[[[114.088545,22.546167],[114.088546,22.546216],[114.088541,22.546216],[114.088541,22.54622],[114.088535,22.54622],[114.088535,22.546238],[114.088502,22.546238],[114.088502,22.54625],[114.088439,22.54625],[114.088439,22.546242],[114.088384,22.546241],[114.088384,22.546234],[114.088349,22.546234],[114.088349,22.546247],[114.088319,22.546246],[114.088319,22.54624],[114.088264,22.54624],[114.088264,22.546233],[114.0882,22.546233],[114.0882,22.546241],[114.088107,22.546241],[114.088107,22.546236],[114.088078,22.546236],[114.088077,22.546348],[114.088097,22.546348],[114.088097,22.546358],[114.088185,22.546358],[114.088185,22.54635],[114.088214,22.54635],[114.088214,22.546356],[114.08825,22.546356],[114.08825,22.546366],[114.088344,22.546367],[114.088344,22.546356],[114.088409,22.546356],[114.088409,22.546367],[114.088507,22.546367],[114.088507,22.546356],[114.088523,22.546356],[114.088523,22.546353],[114.088534,22.546353],[114.088534,22.546445],[114.088506,22.546445],[114.088506,22.546437],[114.088473,22.546437],[114.088473,22.546444],[114.088444,22.546444],[114.088444,22.546436],[114.088411,22.546436],[114.088411,22.546446],[114.088377,22.546446],[114.088377,22.546449],[114.088343,22.546449],[114.088343,22.546439],[114.088309,22.546439],[114.088309,22.546448],[114.088284,22.546448],[114.088284,22.546438],[114.088251,22.546438],[114.088251,22.546447],[114.088187,22.546447],[114.088187,22.546438],[114.088151,22.546438],[114.088151,22.546447],[114.088122,22.546447],[114.088122,22.546438],[114.088098,22.546438],[114.088098,22.546449],[114.088078,22.546449],[114.088078,22.546441],[114.088035,22.546441],[114.088036,22.546229],[114.088042,22.546229],[114.088042,22.546159],[114.088481,22.54616],[114.088481,22.546167],[114.088545,22.546167]]]}},{"type":"Feature","properties":{"oid":"way/351753466","name":null,"zh":null,"en":null,"levels":null},"geometry":{"type":"Polygon","coordinates":[[[114.078537,22.550031],[114.078541,22.549774],[114.079297,22.549785],[114.079293,22.550046],[114.079116,22.550043],[114.079118,22.549928],[114.078683,22.549922],[114.078681,22.550039],[114.078537,22.550031]]]}},{"type":"Feature","properties":{"oid":"way/351753468","name":null,"zh":null,"en":null,"levels":null},"geometry":{"type":"Polygon","coordinates":[[[114.079858,22.548964],[114.079861,22.548761],[114.079954,22.548762],[114.079955,22.548674],[114.079864,22.548673],[114.079868,22.548467],[114.080152,22.548471],[114.080143,22.548968],[114.079858,22.548964]]]}},{"type":"Feature","properties":{"oid":"way/351753470","name":null,"zh":null,"en":null,"levels":null},"geometry":{"type":"Polygon","coordinates":[[[114.086317,22.550659],[114.086398,22.550661],[114.086396,22.550757],[114.086421,22.550758],[114.08642,22.550806],[114.086313,22.550804],[114.086317,22.550659]]]}},{"type":"Feature","properties":{"oid":"way/351753472","name":"爱华大厦","zh":"爱华大厦","en":null,"levels":19},"geometry":{"type":"Polygon","coordinates":[[[114.085923,22.543827],[114.085585,22.543824],[114.085586,22.543688],[114.085969,22.543691],[114.085968,22.543753],[114.08605,22.543754],[114.086048,22.543961],[114.085921,22.54396],[114.085923,22.543827]]]}},{"type":"Feature","properties":{"oid":"way/351753474","name":null,"zh":null,"en":null,"levels":null},"geometry":{"type":"Polygon","coordinates":[[[114.077564,22.549649],[114.077524,22.549611],[114.077527,22.549415],[114.077571,22.549415],[114.07758,22.549314],[114.078417,22.549326],[114.078412,22.549632],[114.078415,22.549663],[114.077564,22.549649]]]}},{"type":"Feature","properties":{"oid":"way/351753475","name":null,"zh":null,"en":null,"levels":null},"geometry":{"type":"Polygon","coordinates":[[[114.086895,22.548228],[114.086898,22.548038],[114.087603,22.548049],[114.087602,22.548082],[114.087671,22.548083],[114.087669,22.548176],[114.087601,22.548175],[114.0876,22.548239],[114.086895,22.548228]]]}},{"type":"Feature","properties":{"oid":"way/351753476","name":null,"zh":null,"en":null,"levels":null},"geometry":{"type":"Polygon","coordinates":[[[114.08552,22.546713],[114.085522,22.546593],[114.086022,22.5466],[114.08602,22.546723],[114.085914,22.546721],[114.085914,22.546741],[114.085582,22.546737],[114.085582,22.546714],[114.08552,22.546713]]]}},{"type":"Feature","properties":{"oid":"way/351753477","name":null,"zh":null,"en":null,"levels":null},"geometry":{"type":"Polygon","coordinates":[[[114.078622,22.55133],[114.078624,22.551199],[114.078826,22.551202],[114.078829,22.551035],[114.078952,22.551037],[114.078949,22.551202],[114.079002,22.551209],[114.078999,22.551342],[114.078622,22.55133]]]}},{"type":"Feature","properties":{"oid":"way/351753480","name":null,"zh":null,"en":null,"levels":null},"geometry":{"type":"Polygon","coordinates":[[[114.09003,22.546627],[114.09003,22.546638],[114.090151,22.546638],[114.090151,22.546629],[114.090186,22.546629],[114.090185,22.546728],[114.089995,22.546727],[114.089995,22.546627],[114.09003,22.546627]]]}},{"type":"Feature","properties":{"oid":"way/351753482","name":null,"zh":null,"en":null,"levels":null},"geometry":{"type":"Polygon","coordinates":[[[114.088387,22.545095],[114.088244,22.545095],[114.088244,22.545019],[114.088495,22.545019],[114.088495,22.545025],[114.088533,22.545025],[114.088533,22.545099],[114.088387,22.545099],[114.088387,22.545095]]]}},{"type":"Feature","properties":{"oid":"way/351753484","name":null,"zh":null,"en":null,"levels":null},"geometry":{"type":"Polygon","coordinates":[[[114.082809,22.548415],[114.082828,22.547704],[114.082935,22.547707],[114.082913,22.548509],[114.082807,22.548507],[114.082809,22.548415]]]}},{"type":"Feature","properties":{"oid":"way/351753485","name":null,"zh":null,"en":null,"levels":null},"geometry":{"type":"Polygon","coordinates":[[[114.090705,22.545605],[114.090543,22.545604],[114.090543,22.545528],[114.09074,22.545529],[114.09074,22.545508],[114.090802,22.545508],[114.090802,22.545529],[114.090946,22.545529],[114.090945,22.545607],[114.090821,22.545607],[114.090821,22.545649],[114.090703,22.545647],[114.090705,22.545605]]]}},{"type":"Feature","properties":{"oid":"way/351753487","name":null,"zh":null,"en":null,"levels":null},"geometry":{"type":"Polygon","coordinates":[[[114.087319,22.54571],[114.087321,22.545553],[114.087377,22.545554],[114.087393,22.545527],[114.087531,22.545529],[114.087551,22.5455],[114.087785,22.545503],[114.087782,22.545702],[114.087319,22.54571]]]}},{"type":"Feature","properties":{"oid":"way/351753489","name":null,"zh":null,"en":null,"levels":null},"geometry":{"type":"Polygon","coordinates":[[[114.085749,22.548211],[114.085751,22.548035],[114.086432,22.548042],[114.086432,22.548062],[114.086459,22.548063],[114.086458,22.548154],[114.086429,22.548153],[114.086429,22.548217],[114.085749,22.548211]]]}},{"type":"Feature","properties":{"oid":"way/351753491","name":null,"zh":null,"en":null,"levels":null},"geometry":{"type":"Polygon","coordinates":[[[114.089312,22.548289],[114.089314,22.548209],[114.08971,22.548217],[114.089709,22.548277],[114.089665,22.548276],[114.089664,22.548328],[114.089468,22.548324],[114.089469,22.548292],[114.089312,22.548289]]]}},{"type":"Feature","properties":{"oid":"way/351753492","name":null,"zh":null,"en":null,"levels":null},"geometry":{"type":"Polygon","coordinates":[[[114.088643,22.54591],[114.088641,22.545888],[114.088646,22.545888],[114.088646,22.545825],[114.088697,22.545826],[114.088697,22.545888],[114.088691,22.545888],[114.088691,22.54591],[114.088643,22.54591]]]}},{"type":"Feature","properties":{"oid":"way/351753494","name":null,"zh":null,"en":null,"levels":null},"geometry":{"type":"Polygon","coordinates":[[[114.077448,22.546874],[114.077452,22.546575],[114.077952,22.546581],[114.077952,22.546556],[114.078111,22.546558],[114.078111,22.546583],[114.078199,22.546584],[114.078195,22.546882],[114.077448,22.546874]]]}},{"type":"Feature","properties":{"oid":"way/351753496","name":"109栋","zh":"109栋","en":"Block 109","levels":8},"geometry":{"type":"Polygon","coordinates":[[[114.08425,22.546242],[114.08423,22.54615],[114.084467,22.546121],[114.084681,22.546145],[114.084666,22.546235],[114.084466,22.546216],[114.08425,22.546242]]]}},{"type":"Feature","properties":{"oid":"way/351753499","name":"深圳市勘察测绘院","zh":"深圳市勘察测绘院","en":null,"levels":22},"geometry":{"type":"Polygon","coordinates":[[[114.09008,22.550658],[114.090084,22.550452],[114.090266,22.550454],[114.090331,22.550396],[114.090334,22.550229],[114.090552,22.550245],[114.090545,22.550647],[114.09052,22.550678],[114.09008,22.550658]]]}},{"type":"Feature","properties":{"oid":"way/351753501","name":"107栋","zh":"107栋","en":"Block 107","levels":null},"geometry":{"type":"Polygon","coordinates":[[[114.084211,22.545679],[114.084481,22.545652],[114.084692,22.545702],[114.084679,22.545786],[114.084468,22.545745],[114.084427,22.545745],[114.084427,22.545753],[114.084234,22.545775],[114.084211,22.545679]]]}},{"type":"Feature","properties":{"oid":"way/351753503","name":null,"zh":null,"en":null,"levels":null},"geometry":{"type":"Polygon","coordinates":[[[114.088081,22.550245],[114.087943,22.550243],[114.087947,22.549969],[114.088068,22.549971],[114.088067,22.550025],[114.088486,22.550031],[114.088484,22.550138],[114.088091,22.550132],[114.088081,22.550245]]]}},{"type":"Feature","properties":{"oid":"way/351753504","name":"中电迪富大厦","zh":"中电迪富大厦","en":"Zhongdiandifu Building","levels":31},"geometry":{"type":"Polygon","coordinates":[[[114.084269,22.546991],[114.08427,22.546945],[114.084232,22.546945],[114.084234,22.546828],[114.084276,22.546829],[114.084282,22.546492],[114.084689,22.546498],[114.08468,22.546997],[114.084269,22.546991]]]}},{"type":"Feature","properties":{"oid":"way/351753505","name":null,"zh":null,"en":null,"levels":null},"geometry":{"type":"Polygon","coordinates":[[[114.087091,22.550977],[114.086964,22.550974],[114.086975,22.550591],[114.087009,22.550602],[114.087005,22.55072],[114.087084,22.550722],[114.087087,22.550602],[114.087102,22.550602],[114.087091,22.550977]]]}},{"type":"Feature","properties":{"oid":"way/351753507","name":null,"zh":null,"en":null,"levels":null},"geometry":{"type":"Polygon","coordinates":[[[114.0827,22.546558],[114.082349,22.546551],[114.08236,22.546108],[114.082711,22.546115],[114.0827,22.546558]]]}},{"type":"Feature","properties":{"oid":"way/351753509","name":null,"zh":null,"en":null,"levels":null},"geometry":{"type":"Polygon","coordinates":[[[114.088029,22.546013],[114.088111,22.546014],[114.088111,22.546083],[114.088106,22.546083],[114.088106,22.546098],[114.088036,22.546098],[114.088036,22.546072],[114.088028,22.546072],[114.088029,22.546013]]]}},{"type":"Feature","properties":{"oid":"way/351753510","name":null,"zh":null,"en":null,"levels":null},"geometry":{"type":"Polygon","coordinates":[[[114.088051,22.545765],[114.088053,22.54567],[114.088223,22.545671],[114.088222,22.545765],[114.088175,22.545765],[114.088175,22.545792],[114.088121,22.545792],[114.088121,22.545765],[114.088051,22.545765]]]}},{"type":"Feature","properties":{"oid":"way/351753512","name":"华能大厦","zh":"华能大厦","en":null,"levels":38},"geometry":{"type":"Polygon","coordinates":[[[114.084317,22.544081],[114.084323,22.543841],[114.084621,22.543847],[114.084681,22.543821],[114.084817,22.543823],[114.084849,22.543854],[114.084988,22.543857],[114.084982,22.544095],[114.084317,22.544081]]]}},{"type":"Feature","properties":{"oid":"way/351753514","name":"振华数码城","zh":"振华数码城","en":"Zhenhua Digital City","levels":4},"geometry":{"type":"Polygon","coordinates":[[[114.082962,22.548247],[114.082964,22.548136],[114.082985,22.54811],[114.082983,22.548081],[114.083835,22.548093],[114.083865,22.548134],[114.083862,22.548301],[114.083735,22.548299],[114.083736,22.548251],[114.082962,22.548247]]]}},{"type":"Feature","properties":{"oid":"way/351753516","name":null,"zh":null,"en":null,"levels":null},"geometry":{"type":"Polygon","coordinates":[[[114.082809,22.544826],[114.082813,22.54456],[114.083191,22.544565],[114.083222,22.5446],[114.083219,22.544795],[114.083138,22.544799],[114.083103,22.544804],[114.082898,22.544801],[114.082889,22.544825],[114.082809,22.544826]]]}},{"type":"Feature","properties":{"oid":"way/351753521","name":null,"zh":null,"en":null,"levels":null},"geometry":{"type":"Polygon","coordinates":[[[114.086972,22.549597],[114.08684,22.549595],[114.086844,22.549373],[114.086875,22.549325],[114.087041,22.549305],[114.087292,22.549326],[114.087289,22.549488],[114.086998,22.549492],[114.086997,22.549573],[114.086972,22.549597]]]}},{"type":"Feature","properties":{"oid":"way/351753522","name":null,"zh":null,"en":null,"levels":null},"geometry":{"type":"Polygon","coordinates":[[[114.089443,22.549007],[114.089444,22.549157],[114.089014,22.54916],[114.089013,22.549068],[114.088986,22.549069],[114.088982,22.548694],[114.089093,22.548693],[114.089096,22.54901],[114.089443,22.549007]]]}},{"type":"Feature","properties":{"oid":"way/358734177","name":"中信大厦","zh":"中信大厦","en":"CITIC Building","levels":23},"geometry":{"type":"Polygon","coordinates":[[[114.094882,22.542622],[114.094791,22.542657],[114.094839,22.542766],[114.09473,22.542807],[114.094674,22.542679],[114.094653,22.542641],[114.094588,22.542667],[114.094553,22.542595],[114.094512,22.542525],[114.094465,22.542459],[114.094435,22.542424],[114.094412,22.542397],[114.094353,22.542339],[114.094445,22.54226],[114.094525,22.542192],[114.094552,22.542218],[114.094579,22.542246],[114.094605,22.542274],[114.094642,22.542254],[114.094715,22.542348],[114.094782,22.542446],[114.094843,22.542548],[114.094882,22.542622]]]}},{"type":"Feature","properties":{"oid":"way/430119005","name":"9栋","zh":"9栋","en":"Block 9","levels":17},"geometry":{"type":"Polygon","coordinates":[[[114.08399,22.552692],[114.084016,22.552586],[114.084114,22.55261],[114.08421,22.552638],[114.084305,22.552672],[114.084397,22.55271],[114.084371,22.552764],[114.084401,22.552777],[114.084454,22.55268],[114.084544,22.552722],[114.084632,22.552769],[114.084716,22.55282],[114.084797,22.552876],[114.084875,22.552936],[114.084949,22.552999],[114.084905,22.553043],[114.084941,22.553074],[114.085016,22.552998],[114.085076,22.553049],[114.085136,22.553095],[114.0852,22.553138],[114.085265,22.553177],[114.085321,22.553206],[114.08529,22.553256],[114.085335,22.55328],[114.08539,22.553189],[114.085461,22.553225],[114.085532,22.553257],[114.085604,22.553284],[114.085678,22.553308],[114.085756,22.553329],[114.085724,22.553432],[114.085636,22.553409],[114.085625,22.553431],[114.085559,22.553405],[114.085568,22.553387],[114.085458,22.553343],[114.085446,22.553365],[114.085381,22.553336],[114.085393,22.553314],[114.085338,22.553286],[114.085313,22.553326],[114.085198,22.553265],[114.085182,22.553285],[114.085125,22.553245],[114.085138,22.553229],[114.085042,22.553163],[114.085025,22.553182],[114.08497,22.553139],[114.084987,22.55312],[114.084937,22.553077],[114.084905,22.55311],[114.084824,22.553039],[114.084799,22.553065],[114.084745,22.553021],[114.08477,22.552995],[114.084725,22.55296],[114.084678,22.552928],[114.084657,22.552957],[114.084598,22.552919],[114.084619,22.55289],[114.08457,22.55286],[114.08452,22.552833],[114.084502,22.552864],[114.084439,22.552832],[114.084457,22.552802],[114.084415,22.552783],[114.084394,22.552827],[114.084293,22.552785],[114.084278,22.552817],[114.084212,22.552791],[114.084226,22.552759],[114.084172,22.55274],[114.084116,22.552724],[114.084106,22.552757],[114.084036,22.552739],[114.084047,22.552705],[114.08399,22.552692]]]}},{"type":"Feature","properties":{"oid":"way/430119007","name":"11栋","zh":"11栋","en":"Block 11","levels":7},"geometry":{"type":"Polygon","coordinates":[[[114.079718,22.552396],[114.079718,22.552321],[114.080094,22.55232],[114.080094,22.552395],[114.079718,22.552396]]]}},{"type":"Feature","properties":{"oid":"way/430119008","name":"上步中路垃圾转运站","zh":"上步中路垃圾转运站","en":null,"levels":null},"geometry":{"type":"Polygon","coordinates":[[[114.089726,22.55211],[114.089728,22.551997],[114.089892,22.551999],[114.08989,22.552112],[114.089726,22.55211]]]}},{"type":"Feature","properties":{"oid":"way/430119009","name":"22栋","zh":"22栋","en":"Block 22","levels":7},"geometry":{"type":"Polygon","coordinates":[[[114.078762,22.552295],[114.078762,22.552193],[114.079115,22.552194],[114.079114,22.552297],[114.078762,22.552295]]]}},{"type":"Feature","properties":{"oid":"way/430119011","name":null,"zh":null,"en":null,"levels":null},"geometry":{"type":"Polygon","coordinates":[[[114.088481,22.552548],[114.088484,22.55239],[114.088909,22.552398],[114.089203,22.552403],[114.0892,22.55256],[114.088481,22.552548]]]}},{"type":"Feature","properties":{"oid":"way/430119013","name":null,"zh":null,"en":null,"levels":null},"geometry":{"type":"Polygon","coordinates":[[[114.089535,22.552923],[114.089537,22.552748],[114.08984,22.552751],[114.089839,22.552926],[114.089535,22.552923]]]}},{"type":"Feature","properties":{"oid":"way/430119014","name":null,"zh":null,"en":null,"levels":null},"geometry":{"type":"Polygon","coordinates":[[[114.088658,22.553092],[114.088665,22.552976],[114.089058,22.552995],[114.089051,22.553112],[114.088658,22.553092]]]}},{"type":"Feature","properties":{"oid":"way/430119015","name":"7栋","zh":"7栋","en":"Block 7","levels":7},"geometry":{"type":"Polygon","coordinates":[[[114.080265,22.552404],[114.080265,22.55233],[114.080641,22.552329],[114.080641,22.552404],[114.080265,22.552404]]]}},{"type":"Feature","properties":{"oid":"way/430119017","name":"30栋","zh":"30栋","en":"Block 30","levels":7},"geometry":{"type":"Polygon","coordinates":[[[114.076926,22.552042],[114.076928,22.551938],[114.077622,22.551948],[114.07762,22.552052],[114.076926,22.552042]]]}},{"type":"Feature","properties":{"oid":"way/430119018","name":"23栋","zh":"23栋","en":"Block 23","levels":7},"geometry":{"type":"Polygon","coordinates":[[[114.079133,22.553049],[114.078454,22.553039],[114.078455,22.552947],[114.079135,22.552957],[114.079133,22.553049]]]}},{"type":"Feature","properties":{"oid":"way/430119019","name":"16栋","zh":"16栋","en":"Block 16","levels":7},"geometry":{"type":"Polygon","coordinates":[[[114.079214,22.552536],[114.079215,22.552445],[114.079408,22.552448],[114.079407,22.552538],[114.079214,22.552536]]]}},{"type":"Feature","properties":{"oid":"way/430119022","name":"12栋","zh":"12栋","en":"Block 12","levels":7},"geometry":{"type":"Polygon","coordinates":[[[114.079898,22.552838],[114.079899,22.552747],[114.080092,22.55275],[114.080091,22.55284],[114.079898,22.552838]]]}},{"type":"Feature","properties":{"oid":"way/430119027","name":null,"zh":null,"en":null,"levels":null},"geometry":{"type":"Polygon","coordinates":[[[114.078591,22.5527],[114.078594,22.552574],[114.078763,22.552577],[114.07876,22.552702],[114.078591,22.5527]]]}},{"type":"Feature","properties":{"oid":"way/430119029","name":null,"zh":null,"en":null,"levels":null},"geometry":{"type":"Polygon","coordinates":[[[114.088909,22.552398],[114.088912,22.552235],[114.089206,22.552239],[114.089203,22.552403],[114.088909,22.552398]]]}},{"type":"Feature","properties":{"oid":"way/430119030","name":null,"zh":null,"en":null,"levels":null},"geometry":{"type":"Polygon","coordinates":[[[114.078407,22.55232],[114.078407,22.55221],[114.07875,22.55221],[114.07875,22.55232],[114.078407,22.55232]]]}},{"type":"Feature","properties":{"oid":"way/430119036","name":"8栋","zh":"8栋","en":"Block 8","levels":7},"geometry":{"type":"Polygon","coordinates":[[[114.080268,22.552841],[114.080269,22.55275],[114.080462,22.552753],[114.080461,22.552843],[114.080268,22.552841]]]}},{"type":"Feature","properties":{"oid":"way/430119037","name":"3栋","zh":"3栋","en":"Block 3","levels":7},"geometry":{"type":"Polygon","coordinates":[[[114.080678,22.552834],[114.080679,22.552744],[114.081161,22.552748],[114.08116,22.552839],[114.080678,22.552834]]]}},{"type":"Feature","properties":{"oid":"way/430119040","name":"17栋","zh":"17栋","en":"Block 17","levels":7},"geometry":{"type":"Polygon","coordinates":[[[114.079204,22.552817],[114.079205,22.552743],[114.079702,22.55275],[114.0797,22.552824],[114.079204,22.552817]]]}},{"type":"Feature","properties":{"oid":"way/430119041","name":null,"zh":null,"en":null,"levels":null},"geometry":{"type":"Polygon","coordinates":[[[114.088455,22.552839],[114.088459,22.552664],[114.08883,22.552671],[114.088826,22.552847],[114.088455,22.552839]]]}},{"type":"Feature","properties":{"oid":"way/430119045","name":"25栋","zh":"25栋","en":"Block 25","levels":7},"geometry":{"type":"Polygon","coordinates":[[[114.077754,22.552285],[114.07825,22.552285],[114.07825,22.552372],[114.077754,22.552373],[114.077754,22.552285]]]}},{"type":"Feature","properties":{"oid":"way/430119047","name":null,"zh":null,"en":null,"levels":null},"geometry":{"type":"Polygon","coordinates":[[[114.079852,22.55209],[114.079855,22.551919],[114.080628,22.551932],[114.080625,22.552103],[114.079852,22.55209]]]}},{"type":"Feature","properties":{"oid":"way/430119051","name":null,"zh":null,"en":null,"levels":null},"geometry":{"type":"Polygon","coordinates":[[[114.078481,22.552729],[114.078409,22.552725],[114.078364,22.552678],[114.078364,22.552612],[114.078481,22.552612],[114.078481,22.552729]]]}},{"type":"Feature","properties":{"oid":"way/430119052","name":null,"zh":null,"en":null,"levels":null},"geometry":{"type":"Polygon","coordinates":[[[114.089336,22.552559],[114.089337,22.552372],[114.089625,22.552373],[114.089914,22.552313],[114.089912,22.552563],[114.089336,22.552559]]]}},{"type":"Feature","properties":{"oid":"way/430119056","name":"29栋","zh":"29栋","en":"Block 29","levels":7},"geometry":{"type":"Polygon","coordinates":[[[114.077239,22.552202],[114.077619,22.552208],[114.077617,22.5523],[114.077237,22.552295],[114.077238,22.552257],[114.077051,22.552254],[114.077053,22.552162],[114.077239,22.552165],[114.077239,22.552202]]]}},{"type":"Feature","properties":{"oid":"way/430119060","name":null,"zh":null,"en":null,"levels":null},"geometry":{"type":"Polygon","coordinates":[[[114.089047,22.55282],[114.089049,22.552701],[114.089278,22.552704],[114.089278,22.552722],[114.089417,22.552724],[114.089415,22.552853],[114.089221,22.55285],[114.089222,22.552822],[114.089047,22.55282]]]}},{"type":"Feature","properties":{"oid":"way/430119062","name":"26栋","zh":"26栋","en":"Block 26","levels":7},"geometry":{"type":"Polygon","coordinates":[[[114.077563,22.552607],[114.078233,22.552617],[114.078232,22.552709],[114.077561,22.5527],[114.077562,22.552662],[114.077375,22.552659],[114.077377,22.552567],[114.077563,22.55257],[114.077563,22.552607]]]}},{"type":"Feature","properties":{"oid":"way/430119064","name":"15栋","zh":"15栋","en":"Block 15","levels":7},"geometry":{"type":"Polygon","coordinates":[[[114.079419,22.552355],[114.07942,22.552318],[114.079217,22.552314],[114.07922,22.552212],[114.079429,22.552217],[114.079428,22.552254],[114.079593,22.552258],[114.07959,22.552359],[114.079419,22.552355]]]}},{"type":"Feature","properties":{"oid":"way/430119068","name":"1栋","zh":"1栋","en":"Block 1","levels":7},"geometry":{"type":"Polygon","coordinates":[[[114.080683,22.552359],[114.080683,22.552254],[114.080862,22.552254],[114.080862,22.552224],[114.081067,22.552224],[114.081067,22.552327],[114.080862,22.552327],[114.080862,22.552359],[114.080683,22.552359]]]}},{"type":"Feature","properties":{"oid":"way/430119071","name":"27栋","zh":"27栋","en":"Block 27","levels":7},"geometry":{"type":"Polygon","coordinates":[[[114.077836,22.552949],[114.078315,22.552956],[114.078314,22.553048],[114.077835,22.553041],[114.077835,22.553004],[114.077649,22.553001],[114.077651,22.552909],[114.077837,22.552912],[114.077836,22.552949]]]}},{"type":"Feature","properties":{"oid":"way/476035677","name":null,"zh":null,"en":null,"levels":22},"geometry":{"type":"Polygon","coordinates":[[[114.081904,22.542263],[114.081907,22.542192],[114.081977,22.542196],[114.081979,22.54217],[114.081916,22.542168],[114.081918,22.542106],[114.08197,22.542104],[114.08197,22.542022],[114.08204,22.542022],[114.08204,22.542091],[114.082077,22.542091],[114.082077,22.542024],[114.082149,22.542024],[114.082142,22.542108],[114.082189,22.54211],[114.082187,22.542166],[114.082107,22.542164],[114.082105,22.542188],[114.082189,22.542192],[114.082187,22.542261],[114.082131,22.542259],[114.082126,22.542343],[114.082056,22.542341],[114.082061,22.542274],[114.082033,22.542272],[114.08203,22.542341],[114.081958,22.542341],[114.08196,22.542261],[114.081904,22.542263]]]}},{"type":"Feature","properties":{"oid":"way/476035679","name":null,"zh":null,"en":null,"levels":22},"geometry":{"type":"Polygon","coordinates":[[[114.081918,22.541829],[114.081921,22.541757],[114.081991,22.541762],[114.081993,22.541736],[114.08193,22.541734],[114.081932,22.541671],[114.081984,22.541669],[114.081984,22.541587],[114.082054,22.541587],[114.082054,22.541656],[114.082091,22.541656],[114.082091,22.541589],[114.082163,22.541589],[114.082156,22.541673],[114.082203,22.541676],[114.082201,22.541732],[114.082121,22.541729],[114.082119,22.541753],[114.082203,22.541757],[114.082201,22.541827],[114.082145,22.541824],[114.08214,22.541908],[114.08207,22.541906],[114.082075,22.541839],[114.082047,22.541837],[114.082044,22.541906],[114.081972,22.541906],[114.081974,22.541827],[114.081918,22.541829]]]}},{"type":"Feature","properties":{"oid":"way/476035681","name":null,"zh":null,"en":null,"levels":22},"geometry":{"type":"Polygon","coordinates":[[[114.081924,22.541398],[114.081927,22.541327],[114.081997,22.541331],[114.081999,22.541305],[114.081936,22.541303],[114.081938,22.541241],[114.08199,22.541238],[114.08199,22.541156],[114.08206,22.541156],[114.08206,22.541225],[114.082097,22.541225],[114.082097,22.541159],[114.082169,22.541159],[114.082162,22.541243],[114.082209,22.541245],[114.082207,22.541301],[114.082127,22.541299],[114.082125,22.541323],[114.082209,22.541327],[114.082207,22.541396],[114.082151,22.541394],[114.082146,22.541478],[114.082076,22.541476],[114.082081,22.541409],[114.082053,22.541407],[114.08205,22.541476],[114.081978,22.541476],[114.08198,22.541396],[114.081924,22.541398]]]}},{"type":"Feature","properties":{"oid":"way/476035683","name":null,"zh":null,"en":null,"levels":1},"geometry":{"type":"Polygon","coordinates":[[[114.081872,22.542794],[114.082134,22.542569],[114.082202,22.542625],[114.081949,22.542859],[114.081872,22.542794]]]}},{"type":"Feature","properties":{"oid":"way/476035685","name":"如家和颐酒店","zh":"如家酒店","en":"Home Inn","levels":null},"geometry":{"type":"Polygon","coordinates":[[[114.083482,22.542959],[114.082302,22.542932],[114.08231,22.542637],[114.08349,22.542664],[114.083482,22.542959]]]}},{"type":"Feature","properties":{"oid":"way/476035687","name":null,"zh":null,"en":null,"levels":null},"geometry":{"type":"Polygon","coordinates":[[[114.083384,22.542408],[114.082901,22.542396],[114.082928,22.541974],[114.083408,22.541989],[114.083384,22.542408]]]}},{"type":"Feature","properties":{"oid":"way/476035688","name":"Maker Hotel","zh":null,"en":"Maker Hotel","levels":5},"geometry":{"type":"Polygon","coordinates":[[[114.0823,22.542574],[114.082295,22.542532],[114.082341,22.542529],[114.082349,22.542462],[114.082504,22.542472],[114.08251,22.542418],[114.082582,22.54242],[114.082582,22.542472],[114.082781,22.542475],[114.082777,22.542581],[114.0823,22.542574]]]}},{"type":"Feature","properties":{"oid":"way/476035690","name":"五邑大厦","zh":"五邑大厦","en":"Wuyi Building","levels":null},"geometry":{"type":"Polygon","coordinates":[[[114.082634,22.540945],[114.082724,22.540946],[114.082723,22.54098],[114.082697,22.54098],[114.082696,22.541061],[114.082289,22.541058],[114.082289,22.5411],[114.082133,22.541099],[114.082135,22.540895],[114.082297,22.540897],[114.082297,22.540878],[114.082564,22.54088],[114.082564,22.540904],[114.082634,22.540905],[114.082634,22.540945]]]}},{"type":"Feature","properties":{"oid":"way/476035692","name":null,"zh":null,"en":null,"levels":null},"geometry":{"type":"Polygon","coordinates":[[[114.082274,22.541577],[114.082274,22.541445],[114.082814,22.541446],[114.082814,22.541578],[114.082274,22.541577]]]}},{"type":"Feature","properties":{"oid":"way/476035694","name":null,"zh":null,"en":null,"levels":null},"geometry":{"type":"Polygon","coordinates":[[[114.082272,22.541332],[114.082272,22.541201],[114.082812,22.541202],[114.082812,22.541333],[114.082272,22.541332]]]}},{"type":"Feature","properties":{"oid":"way/476035695","name":null,"zh":null,"en":null,"levels":null},"geometry":{"type":"Polygon","coordinates":[[[114.082275,22.541816],[114.082275,22.541685],[114.082816,22.541686],[114.082815,22.541817],[114.082275,22.541816]]]}},{"type":"Feature","properties":{"oid":"way/476035697","name":null,"zh":null,"en":null,"levels":null},"geometry":{"type":"Polygon","coordinates":[[[114.082899,22.541699],[114.082898,22.541604],[114.083378,22.541602],[114.083379,22.541698],[114.082899,22.541699]]]}},{"type":"Feature","properties":{"oid":"way/476035698","name":null,"zh":null,"en":null,"levels":null},"geometry":{"type":"Polygon","coordinates":[[[114.083511,22.542402],[114.083511,22.542271],[114.084051,22.542272],[114.084051,22.542403],[114.083511,22.542402]]]}},{"type":"Feature","properties":{"oid":"way/476035700","name":null,"zh":null,"en":null,"levels":null},"geometry":{"type":"Polygon","coordinates":[[[114.08352,22.542169],[114.08352,22.542038],[114.08406,22.542039],[114.08406,22.54217],[114.08352,22.542169]]]}},{"type":"Feature","properties":{"oid":"way/476035701","name":null,"zh":null,"en":null,"levels":null},"geometry":{"type":"Polygon","coordinates":[[[114.083529,22.541939],[114.083529,22.541807],[114.08407,22.541808],[114.084069,22.541939],[114.083529,22.541939]]]}},{"type":"Feature","properties":{"oid":"way/476035703","name":null,"zh":null,"en":null,"levels":null},"geometry":{"type":"Polygon","coordinates":[[[114.083532,22.541725],[114.083533,22.541594],[114.084073,22.541595],[114.084072,22.541726],[114.083532,22.541725]]]}},{"type":"Feature","properties":{"oid":"way/476035704","name":null,"zh":null,"en":null,"levels":6},"geometry":{"type":"Polygon","coordinates":[[[114.083508,22.542616],[114.083508,22.542484],[114.084048,22.542485],[114.084048,22.542617],[114.083508,22.542616]]]}},{"type":"Feature","properties":{"oid":"way/476035706","name":null,"zh":null,"en":null,"levels":null},"geometry":{"type":"Polygon","coordinates":[[[114.082876,22.54261],[114.082876,22.542479],[114.083416,22.54248],[114.083416,22.542611],[114.082876,22.54261]]]}},{"type":"Feature","properties":{"oid":"way/476035707","name":null,"zh":null,"en":null,"levels":null},"geometry":{"type":"Polygon","coordinates":[[[114.082303,22.5423],[114.082303,22.542169],[114.082843,22.542169],[114.082843,22.542301],[114.082303,22.5423]]]}},{"type":"Feature","properties":{"oid":"way/476035709","name":null,"zh":null,"en":null,"levels":null},"geometry":{"type":"Polygon","coordinates":[[[114.082432,22.54205],[114.082432,22.541923],[114.082838,22.541924],[114.082838,22.542051],[114.082432,22.54205]]]}},{"type":"Feature","properties":{"oid":"way/476035711","name":null,"zh":null,"en":null,"levels":null},"geometry":{"type":"Polygon","coordinates":[[[114.082903,22.541899],[114.082903,22.541803],[114.083383,22.541802],[114.083383,22.541898],[114.082903,22.541899]]]}},{"type":"Feature","properties":{"oid":"way/476254578","name":null,"zh":null,"en":null,"levels":null},"geometry":{"type":"Polygon","coordinates":[[[114.08057,22.54374],[114.080577,22.54349],[114.081396,22.543507],[114.08139,22.543758],[114.08057,22.54374]]]}},{"type":"Feature","properties":{"oid":"way/476254579","name":"电子科技大厦","zh":"电子科技大厦","en":null,"levels":null},"geometry":{"type":"Polygon","coordinates":[[[114.08343,22.54392],[114.0835,22.543876],[114.083558,22.543848],[114.083625,22.543828],[114.083689,22.543824],[114.083751,22.543829],[114.08383,22.543848],[114.0839,22.543878],[114.083962,22.543923],[114.08396,22.544134],[114.083956,22.54464],[114.083954,22.544892],[114.083422,22.544889],[114.083424,22.544635],[114.083428,22.544131],[114.08343,22.54392]]]}},{"type":"Feature","properties":{"oid":"way/476254580","name":null,"zh":null,"en":null,"levels":null},"geometry":{"type":"Polygon","coordinates":[[[114.084539,22.542842],[114.084475,22.542841],[114.084476,22.542779],[114.084544,22.54278],[114.084545,22.542704],[114.084666,22.542705],[114.084665,22.542781],[114.08474,22.542781],[114.084739,22.542847],[114.084673,22.542847],[114.084672,22.542912],[114.084539,22.54291],[114.084539,22.542842]]]}},{"type":"Feature","properties":{"oid":"way/476254581","name":null,"zh":null,"en":null,"levels":null},"geometry":{"type":"Polygon","coordinates":[[[114.085136,22.542902],[114.085072,22.542901],[114.085072,22.542839],[114.08514,22.54284],[114.085141,22.542763],[114.085262,22.542765],[114.085261,22.54284],[114.085336,22.542841],[114.085335,22.542907],[114.08527,22.542907],[114.085269,22.542972],[114.085135,22.54297],[114.085136,22.542902]]]}},{"type":"Feature","properties":{"oid":"way/476254582","name":null,"zh":null,"en":null,"levels":null},"geometry":{"type":"Polygon","coordinates":[[[114.085555,22.542908],[114.085491,22.542907],[114.085491,22.542845],[114.085559,22.542846],[114.08556,22.54277],[114.085681,22.542771],[114.08568,22.542847],[114.085755,22.542847],[114.085754,22.542913],[114.085689,22.542913],[114.085688,22.542978],[114.085554,22.542976],[114.085555,22.542908]]]}},{"type":"Feature","properties":{"oid":"way/476254583","name":null,"zh":null,"en":null,"levels":null},"geometry":{"type":"Polygon","coordinates":[[[114.085941,22.542933],[114.085876,22.542933],[114.085877,22.54287],[114.085945,22.542871],[114.085946,22.542795],[114.086067,22.542796],[114.086066,22.542872],[114.086141,22.542873],[114.08614,22.542939],[114.086074,22.542938],[114.086073,22.543003],[114.08594,22.543002],[114.085941,22.542933]]]}},{"type":"Feature","properties":{"oid":"way/476254584","name":null,"zh":null,"en":null,"levels":6},"geometry":{"type":"Polygon","coordinates":[[[114.084213,22.542589],[114.084214,22.542495],[114.084747,22.5425],[114.084746,22.542593],[114.084213,22.542589]]]}},{"type":"Feature","properties":{"oid":"way/476254585","name":null,"zh":null,"en":null,"levels":null},"geometry":{"type":"Polygon","coordinates":[[[114.084216,22.542438],[114.084215,22.542305],[114.084726,22.542303],[114.084727,22.542436],[114.084216,22.542438]]]}},{"type":"Feature","properties":{"oid":"way/476254586","name":null,"zh":null,"en":null,"levels":null},"geometry":{"type":"Polygon","coordinates":[[[114.084226,22.541968],[114.084224,22.541813],[114.08472,22.541808],[114.084724,22.54216],[114.084593,22.542161],[114.084591,22.541964],[114.084226,22.541968]]]}},{"type":"Feature","properties":{"oid":"way/476254587","name":null,"zh":null,"en":null,"levels":null},"geometry":{"type":"Polygon","coordinates":[[[114.084834,22.542221],[114.084836,22.542107],[114.085318,22.542115],[114.085316,22.542229],[114.084834,22.542221]]]}},{"type":"Feature","properties":{"oid":"way/476254588","name":null,"zh":null,"en":null,"levels":null},"geometry":{"type":"Polygon","coordinates":[[[114.084819,22.541984],[114.084821,22.54187],[114.085303,22.541878],[114.085301,22.541992],[114.084819,22.541984]]]}},{"type":"Feature","properties":{"oid":"way/476254589","name":null,"zh":null,"en":null,"levels":null},"geometry":{"type":"Polygon","coordinates":[[[114.084834,22.541753],[114.084837,22.54164],[114.085319,22.541647],[114.085317,22.541761],[114.084834,22.541753]]]}},{"type":"Feature","properties":{"oid":"way/476254590","name":null,"zh":null,"en":null,"levels":null},"geometry":{"type":"Polygon","coordinates":[[[114.085796,22.541594],[114.085798,22.54148],[114.08628,22.541488],[114.086278,22.541602],[114.085796,22.541594]]]}},{"type":"Feature","properties":{"oid":"way/476254591","name":null,"zh":null,"en":null,"levels":null},"geometry":{"type":"Polygon","coordinates":[[[114.085799,22.541847],[114.085801,22.541733],[114.086283,22.541741],[114.086281,22.541855],[114.085799,22.541847]]]}},{"type":"Feature","properties":{"oid":"way/476254592","name":null,"zh":null,"en":null,"levels":6},"geometry":{"type":"Polygon","coordinates":[[[114.084833,22.5426],[114.084836,22.542497],[114.085223,22.542507],[114.08522,22.54261],[114.084833,22.5426]]]}},{"type":"Feature","properties":{"oid":"way/476254593","name":null,"zh":null,"en":null,"levels":7},"geometry":{"type":"Polygon","coordinates":[[[114.08527,22.542612],[114.085273,22.542509],[114.08566,22.542519],[114.085657,22.542622],[114.08527,22.542612]]]}},{"type":"Feature","properties":{"oid":"way/476254594","name":null,"zh":null,"en":null,"levels":7},"geometry":{"type":"Polygon","coordinates":[[[114.0857,22.542624],[114.085704,22.54252],[114.086175,22.542533],[114.086172,22.542636],[114.0857,22.542624]]]}},{"type":"Feature","properties":{"oid":"way/476254595","name":null,"zh":null,"en":null,"levels":6},"geometry":{"type":"Polygon","coordinates":[[[114.086327,22.542629],[114.08633,22.542526],[114.086716,22.542536],[114.086713,22.542639],[114.086327,22.542629]]]}},{"type":"Feature","properties":{"oid":"way/476254596","name":null,"zh":null,"en":null,"levels":null},"geometry":{"type":"Polygon","coordinates":[[[114.085327,22.542437],[114.08533,22.542319],[114.085651,22.542327],[114.085648,22.542445],[114.085327,22.542437]]]}},{"type":"Feature","properties":{"oid":"way/476254597","name":null,"zh":null,"en":null,"levels":null},"geometry":{"type":"Polygon","coordinates":[[[114.085342,22.542219],[114.085346,22.542101],[114.085667,22.542109],[114.085664,22.542227],[114.085342,22.542219]]]}},{"type":"Feature","properties":{"oid":"way/476254598","name":null,"zh":null,"en":null,"levels":null},"geometry":{"type":"Polygon","coordinates":[[[114.085333,22.541992],[114.085337,22.541873],[114.085658,22.541881],[114.085654,22.542],[114.085333,22.541992]]]}},{"type":"Feature","properties":{"oid":"way/476254599","name":null,"zh":null,"en":null,"levels":null},"geometry":{"type":"Polygon","coordinates":[[[114.085336,22.541773],[114.08534,22.541654],[114.085661,22.541662],[114.085657,22.541781],[114.085336,22.541773]]]}},{"type":"Feature","properties":{"oid":"way/476254600","name":null,"zh":null,"en":null,"levels":null},"geometry":{"type":"Polygon","coordinates":[[[114.085346,22.541525],[114.085349,22.541407],[114.08567,22.541415],[114.085667,22.541533],[114.085346,22.541525]]]}},{"type":"Feature","properties":{"oid":"way/476254601","name":null,"zh":null,"en":null,"levels":null},"geometry":{"type":"Polygon","coordinates":[[[114.084917,22.541519],[114.084921,22.541401],[114.085242,22.541409],[114.085238,22.541527],[114.084917,22.541519]]]}},{"type":"Feature","properties":{"oid":"way/476254602","name":null,"zh":null,"en":null,"levels":null},"geometry":{"type":"Polygon","coordinates":[[[114.084227,22.541563],[114.08423,22.541331],[114.084347,22.541333],[114.084344,22.541564],[114.084227,22.541563]]]}},{"type":"Feature","properties":{"oid":"way/476254603","name":null,"zh":null,"en":null,"levels":null},"geometry":{"type":"Polygon","coordinates":[[[114.084235,22.541271],[114.084237,22.541059],[114.084444,22.541061],[114.084442,22.541174],[114.08453,22.541175],[114.084529,22.541274],[114.084235,22.541271]]]}},{"type":"Feature","properties":{"oid":"way/476254604","name":null,"zh":null,"en":null,"levels":null},"geometry":{"type":"Polygon","coordinates":[[[114.084254,22.540994],[114.084258,22.540833],[114.084464,22.540837],[114.084461,22.540998],[114.084254,22.540994]]]}},{"type":"Feature","properties":{"oid":"way/476254605","name":null,"zh":null,"en":null,"levels":null},"geometry":{"type":"Polygon","coordinates":[[[114.084982,22.540962],[114.084983,22.540866],[114.085181,22.540866],[114.085181,22.540963],[114.084982,22.540962]]]}},{"type":"Feature","properties":{"oid":"way/476254606","name":null,"zh":null,"en":null,"levels":null},"geometry":{"type":"Polygon","coordinates":[[[114.085205,22.54096],[114.085206,22.540863],[114.085404,22.540864],[114.085404,22.540961],[114.085205,22.54096]]]}},{"type":"Feature","properties":{"oid":"way/476254607","name":null,"zh":null,"en":null,"levels":null},"geometry":{"type":"Polygon","coordinates":[[[114.08543,22.540957],[114.08543,22.540861],[114.085629,22.540861],[114.085628,22.540958],[114.08543,22.540957]]]}},{"type":"Feature","properties":{"oid":"way/476254608","name":null,"zh":null,"en":null,"levels":null},"geometry":{"type":"Polygon","coordinates":[[[114.086345,22.540995],[114.086346,22.540873],[114.08671,22.540875],[114.086709,22.540997],[114.086345,22.540995]]]}},{"type":"Feature","properties":{"oid":"way/476254609","name":null,"zh":null,"en":null,"levels":null},"geometry":{"type":"Polygon","coordinates":[[[114.086361,22.541214],[114.086362,22.541092],[114.086725,22.541094],[114.086724,22.541216],[114.086361,22.541214]]]}},{"type":"Feature","properties":{"oid":"way/476254610","name":null,"zh":null,"en":null,"levels":null},"geometry":{"type":"Polygon","coordinates":[[[114.086358,22.541496],[114.086359,22.541373],[114.086722,22.541376],[114.086721,22.541498],[114.086358,22.541496]]]}},{"type":"Feature","properties":{"oid":"way/476254611","name":null,"zh":null,"en":null,"levels":null},"geometry":{"type":"Polygon","coordinates":[[[114.086346,22.541766],[114.086346,22.541644],[114.08671,22.541646],[114.086709,22.541768],[114.086346,22.541766]]]}},{"type":"Feature","properties":{"oid":"way/476254612","name":null,"zh":null,"en":null,"levels":null},"geometry":{"type":"Polygon","coordinates":[[[114.085799,22.542384],[114.085802,22.542231],[114.086252,22.542236],[114.08625,22.542385],[114.086105,22.542383],[114.086105,22.542422],[114.085997,22.542421],[114.085997,22.542387],[114.085799,22.542384]]]}},{"type":"Feature","properties":{"oid":"way/476254613","name":null,"zh":null,"en":null,"levels":null},"geometry":{"type":"Polygon","coordinates":[[[114.085788,22.542113],[114.085791,22.541988],[114.086188,22.541997],[114.086185,22.542084],[114.085869,22.542076],[114.085868,22.542115],[114.085788,22.542113]]]}},{"type":"Feature","properties":{"oid":"way/476254620","name":null,"zh":null,"en":null,"levels":null},"geometry":{"type":"Polygon","coordinates":[[[114.08501,22.541108],[114.085011,22.541017],[114.085628,22.541021],[114.085628,22.541112],[114.08501,22.541108]]]}},{"type":"Feature","properties":{"oid":"way/476254621","name":null,"zh":null,"en":null,"levels":null},"geometry":{"type":"Polygon","coordinates":[[[114.085731,22.54134],[114.085733,22.541227],[114.086268,22.541235],[114.086263,22.541348],[114.085731,22.54134]]]}},{"type":"Feature","properties":{"oid":"way/476254622","name":null,"zh":null,"en":null,"levels":null},"geometry":{"type":"Polygon","coordinates":[[[114.085687,22.541123],[114.085691,22.541033],[114.085883,22.54104],[114.08588,22.54113],[114.085687,22.541123]]]}},{"type":"Feature","properties":{"oid":"way/476254623","name":null,"zh":null,"en":null,"levels":7},"geometry":{"type":"Polygon","coordinates":[[[114.085675,22.540948],[114.085677,22.540857],[114.086282,22.540865],[114.086281,22.54096],[114.086216,22.540959],[114.086215,22.540998],[114.086104,22.540997],[114.086105,22.54095],[114.085999,22.540949],[114.085999,22.541004],[114.085921,22.541003],[114.085921,22.540953],[114.085814,22.540951],[114.085814,22.540993],[114.085741,22.540992],[114.085741,22.540949],[114.085675,22.540948]]]}},{"type":"Feature","properties":{"oid":"way/476254624","name":null,"zh":null,"en":null,"levels":null},"geometry":{"type":"Polygon","coordinates":[[[114.086096,22.541138],[114.086098,22.54104],[114.086259,22.541043],[114.086257,22.541141],[114.086096,22.541138]]]}},{"type":"Feature","properties":{"oid":"way/476254625","name":null,"zh":null,"en":null,"levels":null},"geometry":{"type":"Polygon","coordinates":[[[114.085119,22.54124],[114.085118,22.541142],[114.085665,22.541141],[114.085665,22.541239],[114.085119,22.54124]]]}},{"type":"Feature","properties":{"oid":"way/476254626","name":null,"zh":null,"en":null,"levels":null},"geometry":{"type":"Polygon","coordinates":[[[114.084385,22.541509],[114.084386,22.541407],[114.084731,22.541411],[114.08473,22.541512],[114.084385,22.541509]]]}},{"type":"Feature","properties":{"oid":"way/476254627","name":null,"zh":null,"en":null,"levels":null},"geometry":{"type":"Polygon","coordinates":[[[114.084504,22.540898],[114.084508,22.54082],[114.084893,22.540833],[114.08489,22.540912],[114.084504,22.540898]]]}},{"type":"Feature","properties":{"oid":"way/476254628","name":null,"zh":null,"en":null,"levels":null},"geometry":{"type":"Polygon","coordinates":[[[114.084586,22.541228],[114.084587,22.541112],[114.084971,22.541115],[114.08497,22.541231],[114.084586,22.541228]]]}},{"type":"Feature","properties":{"oid":"way/476254629","name":"中国工商银行","zh":"中国工商银行","en":"Industrial and Commercial Bank of China","levels":null},"geometry":{"type":"Polygon","coordinates":[[[114.084511,22.541059],[114.084512,22.540932],[114.084906,22.540933],[114.084906,22.54106],[114.084511,22.541059]]]}},{"type":"Feature","properties":{"oid":"way/476254630","name":null,"zh":null,"en":null,"levels":null},"geometry":{"type":"Polygon","coordinates":[[[114.086353,22.542041],[114.086356,22.5418],[114.086654,22.541802],[114.086653,22.541896],[114.086712,22.541933],[114.086701,22.542001],[114.086675,22.54204],[114.086604,22.542042],[114.086577,22.542004],[114.086533,22.542004],[114.086494,22.542042],[114.086353,22.542041]]]}},{"type":"Feature","properties":{"oid":"way/478200729","name":null,"zh":null,"en":null,"levels":null},"geometry":{"type":"Polygon","coordinates":[[[114.082695,22.54845],[114.082727,22.548451],[114.082727,22.548471],[114.082784,22.548472],[114.082782,22.548553],[114.082693,22.548551],[114.082695,22.54845]]]}},{"type":"Feature","properties":{"oid":"way/478200730","name":null,"zh":null,"en":null,"levels":null},"geometry":{"type":"Polygon","coordinates":[[[114.08304,22.548585],[114.083044,22.5484],[114.083386,22.548407],[114.083381,22.548592],[114.08304,22.548585]]]}},{"type":"Feature","properties":{"oid":"way/478781744","name":null,"zh":null,"en":null,"levels":null},"geometry":{"type":"Polygon","coordinates":[[[114.08645,22.545458],[114.086727,22.545461],[114.086726,22.545568],[114.086449,22.545565],[114.08645,22.545458]]]}},{"type":"Feature","properties":{"oid":"way/478799139","name":null,"zh":null,"en":null,"levels":null},"geometry":{"type":"Polygon","coordinates":[[[114.086632,22.547038],[114.086636,22.546873],[114.086791,22.546876],[114.086787,22.547042],[114.086632,22.547038]]]}},{"type":"Feature","properties":{"oid":"way/478799141","name":null,"zh":null,"en":null,"levels":null},"geometry":{"type":"Polygon","coordinates":[[[114.085778,22.547038],[114.085784,22.546837],[114.085995,22.546842],[114.085989,22.547043],[114.085778,22.547038]]]}},{"type":"Feature","properties":{"oid":"way/478799143","name":null,"zh":null,"en":null,"levels":null},"geometry":{"type":"Polygon","coordinates":[[[114.086015,22.546907],[114.086018,22.546822],[114.086586,22.546835],[114.086583,22.546921],[114.086015,22.546907]]]}},{"type":"Feature","properties":{"oid":"way/478799145","name":null,"zh":null,"en":null,"levels":null},"geometry":{"type":"Polygon","coordinates":[[[114.085509,22.546842],[114.085509,22.546813],[114.085624,22.546816],[114.085623,22.546845],[114.085509,22.546842]]]}},{"type":"Feature","properties":{"oid":"way/479219493","name":null,"zh":null,"en":null,"levels":null},"geometry":{"type":"Polygon","coordinates":[[[114.090588,22.547746],[114.090249,22.547744],[114.09025,22.54761],[114.090589,22.547612],[114.090588,22.547746]]]}},{"type":"Feature","properties":{"oid":"way/487794911","name":"世纪汇","zh":"世纪汇","en":"Century Place","levels":5},"geometry":{"type":"Polygon","coordinates":[[[114.078225,22.544383],[114.078226,22.54436],[114.078234,22.543772],[114.078263,22.543772],[114.078263,22.543738],[114.078109,22.543736],[114.078112,22.543548],[114.079111,22.543562],[114.079103,22.544155],[114.079095,22.544591],[114.078599,22.544583],[114.078358,22.54458],[114.078225,22.544383]]]}},{"type":"Feature","properties":{"oid":"way/488896095","name":"华强广场","zh":"华强广场","en":null,"levels":null},"geometry":{"type":"Polygon","coordinates":[[[114.081303,22.54518],[114.081298,22.545595],[114.08129,22.546228],[114.081151,22.546327],[114.08107,22.546196],[114.080947,22.545997],[114.080881,22.545866],[114.080859,22.545772],[114.080853,22.54566],[114.080884,22.54554],[114.080936,22.545442],[114.081043,22.545274],[114.081145,22.545175],[114.081303,22.54518]]]}},{"type":"Feature","properties":{"oid":"way/488896097","name":"华强广场酒店","zh":"华强广场酒店","en":"Huaqiang Plaza Hotel","levels":36},"geometry":{"type":"Polygon","coordinates":[[[114.080915,22.546413],[114.080978,22.546454],[114.081028,22.546504],[114.081078,22.546576],[114.081103,22.546648],[114.081112,22.546733],[114.081102,22.546785],[114.081064,22.546807],[114.080992,22.546814],[114.080908,22.546795],[114.080829,22.546754],[114.080731,22.546684],[114.08067,22.546617],[114.080625,22.546527],[114.080618,22.546475],[114.080625,22.546431],[114.080645,22.546384],[114.080692,22.546365],[114.080764,22.546364],[114.08084,22.54638],[114.080915,22.546413]]]}},{"type":"Feature","properties":{"oid":"way/492615862","name":null,"zh":null,"en":null,"levels":null},"geometry":{"type":"Polygon","coordinates":[[[114.081087,22.544984],[114.081083,22.544943],[114.081093,22.544903],[114.081116,22.544868],[114.08115,22.544842],[114.081193,22.544827],[114.081239,22.544826],[114.081282,22.544839],[114.081319,22.544865],[114.081344,22.5449],[114.081356,22.544941],[114.081351,22.544983],[114.081333,22.545022],[114.081301,22.545052],[114.081262,22.545071],[114.081218,22.545077],[114.081174,22.54507],[114.081136,22.545051],[114.081106,22.545021],[114.081087,22.544984]]]}},{"type":"Feature","properties":{"oid":"way/492615866","name":"深纺大厦A座","zh":"深纺大厦A座","en":null,"levels":null},"geometry":{"type":"Polygon","coordinates":[[[114.079489,22.547224],[114.080224,22.547228],[114.080223,22.547465],[114.079488,22.547461],[114.079489,22.547224]]]}},{"type":"Feature","properties":{"oid":"way/492615869","name":"赛格经济大厦","zh":"赛格经济大厦","en":null,"levels":28},"geometry":{"type":"Polygon","coordinates":[[[114.082717,22.545668],[114.082711,22.545925],[114.08194,22.545908],[114.081905,22.545908],[114.081912,22.545651],[114.082717,22.545668]]]}},{"type":"Feature","properties":{"oid":"way/492615870","name":"赛格工业大厦","zh":"赛格工业大厦","en":"SEG Factory Store","levels":8},"geometry":{"type":"Polygon","coordinates":[[[114.082724,22.54529],[114.082722,22.545547],[114.081917,22.545543],[114.081918,22.545286],[114.082724,22.54529]]]}},{"type":"Feature","properties":{"oid":"way/492615872","name":"赛格康乐大厦","zh":"赛格康乐大厦","en":null,"levels":8},"geometry":{"type":"Polygon","coordinates":[[[114.082737,22.544949],[114.082735,22.545206],[114.08193,22.545201],[114.081932,22.544944],[114.082737,22.544949]]]}},{"type":"Feature","properties":{"oid":"way/494903919","name":null,"zh":null,"en":null,"levels":null},"geometry":{"type":"Polygon","coordinates":[[[114.080701,22.544834],[114.0807,22.544908],[114.080874,22.54491],[114.080872,22.545048],[114.080701,22.545046],[114.080698,22.54529],[114.080859,22.545292],[114.080858,22.54542],[114.080697,22.545418],[114.080696,22.545501],[114.080552,22.5455],[114.080553,22.545417],[114.080452,22.545416],[114.080453,22.545294],[114.080551,22.545295],[114.080554,22.545045],[114.080458,22.545044],[114.08046,22.544904],[114.080563,22.544905],[114.080564,22.544833],[114.080701,22.544834]]]}},{"type":"Feature","properties":{"oid":"way/494903920","name":null,"zh":null,"en":null,"levels":null},"geometry":{"type":"Polygon","coordinates":[[[114.080535,22.54599],[114.080535,22.545922],[114.080425,22.545921],[114.080426,22.545759],[114.080526,22.54576],[114.080527,22.545677],[114.08067,22.545677],[114.080669,22.545766],[114.080845,22.545767],[114.080844,22.545904],[114.080675,22.545903],[114.080674,22.545991],[114.080535,22.54599]]]}},{"type":"Feature","properties":{"oid":"way/527641709","name":null,"zh":null,"en":null,"levels":null},"geometry":{"type":"Polygon","coordinates":[[[114.09036,22.545139],[114.090258,22.545043],[114.090261,22.54489],[114.090372,22.544794],[114.090535,22.5448],[114.090577,22.544838],[114.090635,22.544891],[114.090634,22.545035],[114.090565,22.5451],[114.090521,22.545142],[114.09036,22.545139]]]}},{"type":"Feature","properties":{"oid":"way/527641710","name":null,"zh":null,"en":null,"levels":null},"geometry":{"type":"Polygon","coordinates":[[[114.090628,22.545268],[114.09063,22.545162],[114.090717,22.545089],[114.090827,22.545089],[114.090899,22.545166],[114.090895,22.54527],[114.090816,22.545342],[114.090703,22.54534],[114.090628,22.545268]]]}},{"type":"Feature","properties":{"oid":"way/527641711","name":null,"zh":null,"en":null,"levels":null},"geometry":{"type":"Polygon","coordinates":[[[114.090329,22.544658],[114.090732,22.544663],[114.09085,22.544786],[114.090908,22.544847],[114.090875,22.544877],[114.090872,22.544891],[114.090928,22.544931],[114.090927,22.545026],[114.09087,22.545074],[114.090829,22.545036],[114.090827,22.545089],[114.090717,22.545089],[114.09063,22.545162],[114.090565,22.5451],[114.090634,22.545035],[114.090635,22.544891],[114.090577,22.544838],[114.090638,22.544785],[114.090614,22.544761],[114.090329,22.544756],[114.090329,22.544658]]]}},{"type":"Feature","properties":{"oid":"way/527641713","name":"中核大厦","zh":"中核大厦","en":null,"levels":41},"geometry":{"type":"Polygon","coordinates":[[[114.089612,22.54392],[114.090193,22.543925],[114.090189,22.544262],[114.089608,22.544256],[114.089612,22.54392]]]}},{"type":"Feature","properties":{"oid":"way/527641714","name":"茂业百货","zh":"茂业百货","en":null,"levels":null},"geometry":{"type":"Polygon","coordinates":[[[114.087664,22.544071],[114.087668,22.543711],[114.087534,22.543709],[114.087533,22.543725],[114.08738,22.543723],[114.087381,22.543642],[114.087048,22.54364],[114.087048,22.543617],[114.08702,22.543616],[114.087021,22.543492],[114.087543,22.543495],[114.087543,22.543556],[114.087907,22.543558],[114.087906,22.543682],[114.087886,22.543682],[114.087881,22.544058],[114.087778,22.544057],[114.087778,22.544072],[114.087664,22.544071]]]}},{"type":"Feature","properties":{"oid":"way/527641715","name":"兴华宾馆","zh":"兴华宾馆","en":null,"levels":null},"geometry":{"type":"Polygon","coordinates":[[[114.086972,22.544047],[114.086973,22.543898],[114.087294,22.5439],[114.087293,22.544049],[114.086972,22.544047]]]}},{"type":"Feature","properties":{"oid":"way/527641716","name":null,"zh":null,"en":null,"levels":null},"geometry":{"type":"Polygon","coordinates":[[[114.087339,22.544077],[114.087339,22.543982],[114.087584,22.543982],[114.087584,22.544076],[114.087339,22.544077]]]}},{"type":"Feature","properties":{"oid":"way/527641719","name":null,"zh":null,"en":null,"levels":31},"geometry":{"type":"Polygon","coordinates":[[[114.089279,22.545182],[114.089281,22.545119],[114.089308,22.54512],[114.089308,22.545096],[114.089336,22.545097],[114.089337,22.54503],[114.08928,22.545029],[114.089282,22.544937],[114.089334,22.544938],[114.089333,22.544955],[114.089398,22.544956],[114.089398,22.544943],[114.089548,22.544946],[114.089548,22.544956],[114.089617,22.544958],[114.089617,22.544941],[114.089678,22.544942],[114.089676,22.545045],[114.089606,22.545044],[114.089605,22.545111],[114.089634,22.545111],[114.089633,22.545137],[114.089664,22.545137],[114.089663,22.545188],[114.089279,22.545182]]]}},{"type":"Feature","properties":{"oid":"way/527641720","name":null,"zh":null,"en":null,"levels":31},"geometry":{"type":"Polygon","coordinates":[[[114.088767,22.545174],[114.088769,22.545112],[114.088796,22.545112],[114.088796,22.545089],[114.088823,22.545089],[114.088825,22.545023],[114.088768,22.545022],[114.08877,22.544929],[114.088821,22.54493],[114.088821,22.544948],[114.088885,22.544949],[114.088886,22.544936],[114.089035,22.544938],[114.089035,22.544949],[114.089105,22.54495],[114.089105,22.544933],[114.089165,22.544934],[114.089163,22.545038],[114.089094,22.545036],[114.089093,22.545103],[114.089122,22.545104],[114.089121,22.545129],[114.089152,22.54513],[114.089151,22.545181],[114.088767,22.545174]]]}},{"type":"Feature","properties":{"oid":"way/527641721","name":null,"zh":null,"en":null,"levels":31},"geometry":{"type":"Polygon","coordinates":[[[114.089419,22.544692],[114.089419,22.544655],[114.089294,22.544653],[114.089298,22.544485],[114.089422,22.544487],[114.089424,22.544431],[114.089559,22.544433],[114.089557,22.54449],[114.089692,22.544493],[114.089689,22.544665],[114.089558,22.544662],[114.089557,22.544695],[114.089419,22.544692]]]}},{"type":"Feature","properties":{"oid":"way/527641722","name":null,"zh":null,"en":null,"levels":31},"geometry":{"type":"Polygon","coordinates":[[[114.088918,22.544686],[114.088919,22.544649],[114.088794,22.544647],[114.088797,22.544479],[114.088922,22.544481],[114.088923,22.544425],[114.089058,22.544427],[114.089057,22.544484],[114.089192,22.544486],[114.089188,22.544659],[114.089058,22.544656],[114.089057,22.544688],[114.088918,22.544686]]]}},{"type":"Feature","properties":{"oid":"way/527641725","name":"汽车大厦","zh":"汽车大厦","en":null,"levels":null},"geometry":{"type":"Polygon","coordinates":[[[114.088133,22.546537],[114.088324,22.546542],[114.088318,22.546766],[114.088663,22.546774],[114.088656,22.547043],[114.088276,22.547034],[114.088276,22.547018],[114.088162,22.547016],[114.088136,22.546986],[114.088141,22.546792],[114.088126,22.546792],[114.088133,22.546537]]]}},{"type":"Feature","properties":{"oid":"way/527641726","name":"爱华电脑大厦","zh":"爱华电脑大厦","en":null,"levels":10},"geometry":{"type":"Polygon","coordinates":[[[114.086194,22.543633],[114.086195,22.54358],[114.086253,22.54358],[114.086253,22.543543],[114.086375,22.543543],[114.086375,22.543561],[114.086821,22.543561],[114.086821,22.5437],[114.086378,22.543699],[114.086378,22.543716],[114.086253,22.543716],[114.086253,22.543633],[114.086194,22.543633]]]}},{"type":"Feature","properties":{"oid":"way/527641727","name":"104栋","zh":"104栋","en":"Block 104","levels":null},"geometry":{"type":"Polygon","coordinates":[[[114.084828,22.546258],[114.084827,22.546143],[114.085412,22.546138],[114.085413,22.546253],[114.084828,22.546258]]]}},{"type":"Feature","properties":{"oid":"way/527641729","name":"深圳市老干部活动中心","zh":"深圳市老干部活动中心","en":null,"levels":null},"geometry":{"type":"Polygon","coordinates":[[[114.091459,22.545439],[114.091463,22.544975],[114.091592,22.544976],[114.091596,22.544468],[114.091781,22.544469],[114.091778,22.54491],[114.091834,22.54491],[114.091832,22.545129],[114.091908,22.54513],[114.091907,22.545271],[114.09253,22.545275],[114.092533,22.544916],[114.09271,22.544918],[114.092706,22.545447],[114.091459,22.545439]]]}},{"type":"Feature","properties":{"oid":"way/527641743","name":null,"zh":null,"en":null,"levels":null},"geometry":{"type":"Polygon","coordinates":[[[114.092954,22.546463],[114.092958,22.546203],[114.093087,22.546204],[114.093712,22.546208],[114.093819,22.54621],[114.093813,22.546478],[114.093163,22.546467],[114.092954,22.546463]]]}},{"type":"Feature","properties":{"oid":"way/527641744","name":null,"zh":null,"en":null,"levels":null},"geometry":{"type":"Polygon","coordinates":[[[114.093163,22.546467],[114.093813,22.546478],[114.093819,22.54621],[114.093712,22.546208],[114.093715,22.546068],[114.093813,22.54607],[114.093815,22.546003],[114.094084,22.546008],[114.094081,22.546194],[114.09417,22.546196],[114.094163,22.546549],[114.093162,22.546532],[114.093163,22.546467]]]}},{"type":"Feature","properties":{"oid":"way/527641745","name":null,"zh":null,"en":null,"levels":null},"geometry":{"type":"Polygon","coordinates":[[[114.092958,22.546203],[114.092959,22.546047],[114.093089,22.546048],[114.093087,22.546204],[114.092958,22.546203]]]}},{"type":"Feature","properties":{"oid":"way/527641746","name":null,"zh":null,"en":null,"levels":null},"geometry":{"type":"Polygon","coordinates":[[[114.093144,22.547093],[114.093146,22.547011],[114.093199,22.547012],[114.093206,22.546731],[114.09334,22.546734],[114.093332,22.547064],[114.093373,22.547064],[114.093372,22.547098],[114.093144,22.547093]]]}},{"type":"Feature","properties":{"oid":"way/527641752","name":"设计大厦","zh":"设计大厦","en":null,"levels":22},"geometry":{"type":"Polygon","coordinates":[[[114.089034,22.547602],[114.089036,22.547392],[114.090007,22.547402],[114.090049,22.547422],[114.090048,22.547656],[114.089803,22.547655],[114.08978,22.547669],[114.089361,22.547664],[114.089362,22.547605],[114.089034,22.547602]]]}},{"type":"Feature","properties":{"oid":"way/612995517","name":null,"zh":null,"en":null,"levels":null},"geometry":{"type":"Polygon","coordinates":[[[114.086132,22.539459],[114.086132,22.539383],[114.086244,22.539383],[114.086245,22.539269],[114.086415,22.53927],[114.086415,22.539373],[114.086483,22.539373],[114.086482,22.539461],[114.086132,22.539459]]]}},{"type":"Feature","properties":{"oid":"way/616351219","name":"交通银行大厦","zh":"交通银行大厦","en":"Bank of Communications Building","levels":52},"geometry":{"type":"Polygon","coordinates":[[[114.078234,22.543772],[114.078263,22.543772],[114.078605,22.543777],[114.078596,22.544365],[114.078226,22.54436],[114.078234,22.543772]]]}},{"type":"Feature","properties":{"oid":"way/616351231","name":"都会轩","zh":"都会轩","en":null,"levels":48},"geometry":{"type":"Polygon","coordinates":[[[114.078602,22.544427],[114.078897,22.544432],[114.078902,22.544152],[114.079103,22.544155],[114.079095,22.544591],[114.078599,22.544583],[114.078602,22.544427]]]}},{"type":"Feature","properties":{"oid":"way/616351232","name":"中航城天虹购物中心","zh":"中航城天虹购物中心","en":"AVIC Center Rainbow Shopping Center","levels":6},"geometry":{"type":"Polygon","coordinates":[[[114.076636,22.545487],[114.077369,22.545486],[114.077369,22.545554],[114.077674,22.545495],[114.07771,22.545283],[114.077603,22.545281],[114.077605,22.544429],[114.077666,22.544298],[114.077907,22.54417],[114.077918,22.544044],[114.078135,22.54403],[114.078146,22.544751],[114.078096,22.544818],[114.078217,22.544841],[114.07829,22.544817],[114.078402,22.544782],[114.079068,22.544786],[114.079073,22.54522],[114.078988,22.545298],[114.078287,22.545289],[114.078223,22.545288],[114.078179,22.545536],[114.078204,22.545564],[114.078198,22.546071],[114.078043,22.546149],[114.077996,22.54607],[114.077843,22.546069],[114.077844,22.546131],[114.077547,22.546133],[114.077547,22.546068],[114.077295,22.546067],[114.077294,22.546193],[114.077073,22.546191],[114.076599,22.546188],[114.076602,22.5458],[114.076637,22.5458],[114.076636,22.545487]]]}},{"type":"Feature","properties":{"oid":"way/616351239","name":"上海宾馆","zh":"上海宾馆","en":"Shanghai Hotel","levels":null},"geometry":{"type":"Polygon","coordinates":[[[114.076619,22.544091],[114.076622,22.543619],[114.076754,22.54362],[114.076935,22.543621],[114.077051,22.543622],[114.077047,22.54412],[114.076733,22.544118],[114.076733,22.544091],[114.076619,22.544091]]]}},{"type":"Feature","properties":{"oid":"way/616351250","name":"中航中心","zh":"中航中心","en":"AVIC Center","levels":41},"geometry":{"type":"Polygon","coordinates":[[[114.076599,22.546188],[114.076602,22.5458],[114.076637,22.5458],[114.077076,22.545803],[114.077073,22.546191],[114.076599,22.546188]]]}},{"type":"Feature","properties":{"oid":"way/616357300","name":"都会100大厦","zh":"都会100大厦","en":null,"levels":34},"geometry":{"type":"Polygon","coordinates":[[[114.079379,22.544279],[114.079609,22.544283],[114.079608,22.544333],[114.080084,22.544341],[114.080088,22.544156],[114.08029,22.54416],[114.08028,22.544641],[114.080082,22.544637],[114.080085,22.544534],[114.07962,22.544527],[114.079619,22.544583],[114.079412,22.544579],[114.079413,22.544529],[114.079355,22.544528],[114.079358,22.544337],[114.079378,22.544338],[114.079379,22.544279]]]}},{"type":"Feature","properties":{"oid":"way/629936158","name":"深圳少年儿童图书馆","zh":"深圳少年儿童图书馆","en":"Shenzhen Children's Library","levels":null},"geometry":{"type":"Polygon","coordinates":[[[114.093907,22.551254],[114.093916,22.550824],[114.09395,22.550824],[114.09395,22.550786],[114.093793,22.550784],[114.093788,22.550654],[114.09395,22.550654],[114.09397,22.550693],[114.094429,22.550697],[114.094433,22.550751],[114.094592,22.550751],[114.09459,22.55061],[114.094747,22.550615],[114.094747,22.550745],[114.094731,22.550755],[114.094734,22.550797],[114.094812,22.550801],[114.094812,22.550921],[114.09468,22.550919],[114.094673,22.551072],[114.094845,22.55107],[114.09485,22.551274],[114.094608,22.55127],[114.094606,22.551303],[114.094386,22.551301],[114.094384,22.551258],[114.093907,22.551254]]]}},{"type":"Feature","properties":{"oid":"way/638532485","name":"食堂及文体馆","zh":"食堂及文体馆","en":null,"levels":null},"geometry":{"type":"Polygon","coordinates":[[[114.087032,22.553193],[114.08755,22.552831],[114.087669,22.552976],[114.087152,22.553339],[114.087032,22.553193]]]}},{"type":"Feature","properties":{"oid":"way/638534990","name":null,"zh":null,"en":null,"levels":6},"geometry":{"type":"Polygon","coordinates":[[[114.091516,22.551598],[114.091517,22.551496],[114.092041,22.551503],[114.09204,22.551605],[114.091516,22.551598]]]}},{"type":"Feature","properties":{"oid":"way/638534991","name":null,"zh":null,"en":null,"levels":6},"geometry":{"type":"Polygon","coordinates":[[[114.092147,22.551618],[114.092149,22.551511],[114.09281,22.551523],[114.092808,22.55163],[114.092147,22.551618]]]}},{"type":"Feature","properties":{"oid":"way/638534993","name":null,"zh":null,"en":null,"levels":6},"geometry":{"type":"Polygon","coordinates":[[[114.091525,22.551382],[114.091526,22.55128],[114.092031,22.551286],[114.09203,22.551388],[114.091525,22.551382]]]}},{"type":"Feature","properties":{"oid":"way/638534994","name":null,"zh":null,"en":null,"levels":6},"geometry":{"type":"Polygon","coordinates":[[[114.092163,22.551408],[114.092167,22.551298],[114.092816,22.551314],[114.092813,22.551425],[114.092163,22.551408]]]}},{"type":"Feature","properties":{"oid":"way/638534995","name":null,"zh":null,"en":null,"levels":6},"geometry":{"type":"Polygon","coordinates":[[[114.09153,22.551175],[114.091532,22.551074],[114.092036,22.551081],[114.092035,22.551182],[114.09153,22.551175]]]}},{"type":"Feature","properties":{"oid":"way/638534996","name":null,"zh":null,"en":null,"levels":6},"geometry":{"type":"Polygon","coordinates":[[[114.092156,22.551158],[114.092158,22.551054],[114.092833,22.551067],[114.092831,22.551172],[114.092156,22.551158]]]}},{"type":"Feature","properties":{"oid":"way/638534997","name":null,"zh":null,"en":null,"levels":6},"geometry":{"type":"Polygon","coordinates":[[[114.091372,22.550611],[114.091375,22.550506],[114.09205,22.55052],[114.092047,22.550624],[114.091372,22.550611]]]}},{"type":"Feature","properties":{"oid":"way/638534998","name":null,"zh":null,"en":null,"levels":6},"geometry":{"type":"Polygon","coordinates":[[[114.092168,22.550625],[114.09217,22.55052],[114.092845,22.550534],[114.092843,22.550638],[114.092168,22.550625]]]}},{"type":"Feature","properties":{"oid":"way/638534999","name":null,"zh":null,"en":null,"levels":6},"geometry":{"type":"Polygon","coordinates":[[[114.09138,22.550261],[114.091383,22.550156],[114.092058,22.55017],[114.092055,22.550274],[114.09138,22.550261]]]}},{"type":"Feature","properties":{"oid":"way/638535000","name":null,"zh":null,"en":null,"levels":6},"geometry":{"type":"Polygon","coordinates":[[[114.092179,22.550269],[114.092181,22.550165],[114.092856,22.550178],[114.092854,22.550283],[114.092179,22.550269]]]}},{"type":"Feature","properties":{"oid":"way/638535001","name":null,"zh":null,"en":null,"levels":6},"geometry":{"type":"Polygon","coordinates":[[[114.091674,22.549671],[114.091675,22.549574],[114.092064,22.549578],[114.092063,22.549675],[114.091674,22.549671]]]}},{"type":"Feature","properties":{"oid":"way/638535002","name":null,"zh":null,"en":null,"levels":6},"geometry":{"type":"Polygon","coordinates":[[[114.092209,22.549654],[114.09221,22.549554],[114.092554,22.549557],[114.092553,22.549657],[114.092209,22.549654]]]}},{"type":"Feature","properties":{"oid":"way/638535005","name":null,"zh":null,"en":null,"levels":6},"geometry":{"type":"Polygon","coordinates":[[[114.091377,22.550964],[114.091377,22.550862],[114.092037,22.55086],[114.092037,22.550962],[114.091377,22.550964]]]}},{"type":"Feature","properties":{"oid":"way/638535006","name":null,"zh":null,"en":null,"levels":6},"geometry":{"type":"Polygon","coordinates":[[[114.092161,22.550973],[114.092165,22.550872],[114.092219,22.550874],[114.092222,22.550807],[114.092345,22.550812],[114.092342,22.550877],[114.092404,22.550879],[114.092407,22.550816],[114.092536,22.55082],[114.092533,22.5509],[114.092575,22.550901],[114.092571,22.550992],[114.092498,22.55099],[114.092499,22.550955],[114.092436,22.550953],[114.092435,22.550974],[114.092303,22.55097],[114.092304,22.550941],[114.092237,22.550939],[114.092236,22.550975],[114.092161,22.550973]]]}},{"type":"Feature","properties":{"oid":"way/638535007","name":null,"zh":null,"en":null,"levels":6},"geometry":{"type":"Polygon","coordinates":[[[114.091321,22.551507],[114.091321,22.551402],[114.091487,22.551403],[114.091486,22.551508],[114.091321,22.551507]]]}},{"type":"Feature","properties":{"oid":"way/638535009","name":null,"zh":null,"en":null,"levels":6},"geometry":{"type":"Polygon","coordinates":[[[114.091339,22.55135],[114.091339,22.551246],[114.091505,22.551246],[114.091504,22.551351],[114.091339,22.55135]]]}},{"type":"Feature","properties":{"oid":"way/638535010","name":null,"zh":null,"en":null,"levels":6},"geometry":{"type":"Polygon","coordinates":[[[114.091346,22.551169],[114.091346,22.551065],[114.091512,22.551066],[114.091511,22.55117],[114.091346,22.551169]]]}},{"type":"Feature","properties":{"oid":"way/638535014","name":null,"zh":null,"en":null,"levels":6},"geometry":{"type":"Polygon","coordinates":[[[114.092657,22.549682],[114.092658,22.549646],[114.092624,22.549645],[114.092626,22.549583],[114.092724,22.549585],[114.092726,22.549522],[114.092817,22.549525],[114.092815,22.549586],[114.092869,22.549588],[114.092866,22.549684],[114.092792,22.549682],[114.092794,22.549639],[114.092746,22.549637],[114.092744,22.549684],[114.092657,22.549682]]]}},{"type":"Feature","properties":{"oid":"way/638535015","name":null,"zh":null,"en":null,"levels":6},"geometry":{"type":"Polygon","coordinates":[[[114.091362,22.549692],[114.091363,22.549594],[114.091563,22.549595],[114.091562,22.549693],[114.091362,22.549692]]]}},{"type":"Feature","properties":{"oid":"way/638535016","name":null,"zh":null,"en":null,"levels":6},"geometry":{"type":"Polygon","coordinates":[[[114.091369,22.549501],[114.091369,22.549403],[114.09157,22.549405],[114.091569,22.549502],[114.091369,22.549501]]]}},{"type":"Feature","properties":{"oid":"way/638535017","name":null,"zh":null,"en":null,"levels":6},"geometry":{"type":"Polygon","coordinates":[[[114.09137,22.549333],[114.091371,22.549235],[114.091571,22.549236],[114.09157,22.549334],[114.09137,22.549333]]]}},{"type":"Feature","properties":{"oid":"way/643527693","name":null,"zh":null,"en":null,"levels":1},"geometry":{"type":"Polygon","coordinates":[[[114.085162,22.552849],[114.08514,22.552885],[114.084759,22.552681],[114.084781,22.552645],[114.085162,22.552849]]]}},{"type":"Feature","properties":{"oid":"way/664026053","name":null,"zh":null,"en":null,"levels":6},"geometry":{"type":"Polygon","coordinates":[[[114.091995,22.549015],[114.091997,22.548845],[114.092058,22.548846],[114.092058,22.548877],[114.092297,22.54888],[114.092298,22.548838],[114.092391,22.548839],[114.092388,22.54902],[114.091995,22.549015]]]}},{"type":"Feature","properties":{"oid":"way/664026056","name":"园岭派出所","zh":"园岭派出所","en":null,"levels":null},"geometry":{"type":"Polygon","coordinates":[[[114.091488,22.54782],[114.091488,22.547792],[114.091724,22.547792],[114.091724,22.547875],[114.091518,22.547875],[114.091518,22.547901],[114.0914,22.5479],[114.0914,22.54782],[114.091488,22.54782]]]}},{"type":"Feature","properties":{"oid":"way/664026057","name":null,"zh":null,"en":null,"levels":null},"geometry":{"type":"Polygon","coordinates":[[[114.091448,22.548121],[114.091443,22.547969],[114.091894,22.547971],[114.091897,22.548126],[114.091448,22.548121]]]}},{"type":"Feature","properties":{"oid":"way/664026058","name":null,"zh":null,"en":null,"levels":null},"geometry":{"type":"Polygon","coordinates":[[[114.091929,22.547798],[114.092064,22.547796],[114.092276,22.5478],[114.092284,22.547825],[114.092422,22.54783],[114.092417,22.547948],[114.091919,22.54793],[114.091929,22.547798]]]}},{"type":"Feature","properties":{"oid":"way/664026060","name":null,"zh":null,"en":null,"levels":6},"geometry":{"type":"Polygon","coordinates":[[[114.092474,22.548872],[114.092633,22.548877],[114.092631,22.548905],[114.092952,22.548918],[114.092972,22.548959],[114.092903,22.549007],[114.092787,22.549028],[114.092636,22.549031],[114.092471,22.549016],[114.092474,22.548872]]]}},{"type":"Feature","properties":{"oid":"way/664026061","name":null,"zh":null,"en":null,"levels":6},"geometry":{"type":"Polygon","coordinates":[[[114.092715,22.548709],[114.092716,22.548611],[114.092817,22.548612],[114.092817,22.548559],[114.092623,22.548556],[114.092622,22.548634],[114.092492,22.548632],[114.092494,22.54854],[114.092562,22.548541],[114.092563,22.548479],[114.092499,22.548478],[114.0925,22.548404],[114.092625,22.548406],[114.092624,22.548453],[114.092826,22.548456],[114.092825,22.548524],[114.092973,22.548526],[114.092973,22.548546],[114.093122,22.548548],[114.093145,22.548556],[114.093159,22.548577],[114.093166,22.548606],[114.093159,22.548635],[114.093144,22.548655],[114.093121,22.548664],[114.092995,22.548663],[114.092994,22.548712],[114.092715,22.548709]]]}},{"type":"Feature","properties":{"oid":"way/664026062","name":null,"zh":null,"en":null,"levels":2},"geometry":{"type":"Polygon","coordinates":[[[114.092976,22.548901],[114.093091,22.548769],[114.093156,22.548817],[114.093041,22.54895],[114.092976,22.548901]]]}},{"type":"Feature","properties":{"oid":"way/664026063","name":null,"zh":null,"en":null,"levels":null},"geometry":{"type":"Polygon","coordinates":[[[114.093069,22.551073],[114.093082,22.550757],[114.093287,22.550769],[114.093287,22.55108],[114.093069,22.551073]]]}},{"type":"Feature","properties":{"oid":"way/664026064","name":null,"zh":null,"en":null,"levels":null},"geometry":{"type":"Polygon","coordinates":[[[114.093069,22.550443],[114.093069,22.550373],[114.093276,22.550366],[114.093283,22.550446],[114.093069,22.550443]]]}},{"type":"Feature","properties":{"oid":"way/664026065","name":null,"zh":null,"en":null,"levels":null},"geometry":{"type":"Polygon","coordinates":[[[114.093069,22.550315],[114.093072,22.550213],[114.093349,22.550226],[114.093349,22.550315],[114.093069,22.550315]]]}},{"type":"Feature","properties":{"oid":"way/664026066","name":null,"zh":null,"en":null,"levels":null},"geometry":{"type":"Polygon","coordinates":[[[114.093082,22.550174],[114.093082,22.550094],[114.093412,22.550094],[114.093412,22.550174],[114.093082,22.550174]]]}},{"type":"Feature","properties":{"oid":"way/664026067","name":null,"zh":null,"en":null,"levels":null},"geometry":{"type":"Polygon","coordinates":[[[114.093079,22.550043],[114.093089,22.549954],[114.093453,22.549963],[114.09345,22.550043],[114.093079,22.550043]]]}},{"type":"Feature","properties":{"oid":"way/664026068","name":null,"zh":null,"en":null,"levels":null},"geometry":{"type":"Polygon","coordinates":[[[114.093068,22.549775],[114.093077,22.549487],[114.093806,22.549506],[114.093797,22.549794],[114.093068,22.549775]]]}},{"type":"Feature","properties":{"oid":"way/664026069","name":null,"zh":null,"en":null,"levels":6},"geometry":{"type":"Polygon","coordinates":[[[114.093475,22.54931],[114.093475,22.549287],[114.093441,22.549287],[114.093442,22.5492],[114.093554,22.549202],[114.093555,22.549163],[114.093666,22.549165],[114.093666,22.549204],[114.093765,22.549205],[114.093763,22.54929],[114.093735,22.54929],[114.093734,22.549313],[114.093475,22.54931]]]}},{"type":"Feature","properties":{"oid":"way/664026078","name":null,"zh":null,"en":null,"levels":7},"geometry":{"type":"Polygon","coordinates":[[[114.094606,22.548742],[114.094781,22.548742],[114.094781,22.548866],[114.094606,22.548866],[114.094606,22.548742]]]}},{"type":"Feature","properties":{"oid":"way/664026082","name":null,"zh":null,"en":null,"levels":2},"geometry":{"type":"Polygon","coordinates":[[[114.094024,22.548186],[114.094024,22.548082],[114.094115,22.548082],[114.094115,22.548109],[114.094144,22.548109],[114.09414,22.548122],[114.094191,22.548122],[114.094191,22.548206],[114.094129,22.548206],[114.094129,22.548186],[114.094024,22.548186]]]}},{"type":"Feature","properties":{"oid":"way/664026083","name":null,"zh":null,"en":null,"levels":2},"geometry":{"type":"Polygon","coordinates":[[[114.094184,22.548318],[114.094184,22.548214],[114.094275,22.548214],[114.094274,22.548242],[114.0943,22.548242],[114.0943,22.548253],[114.094351,22.548253],[114.09435,22.548338],[114.094288,22.548338],[114.094288,22.548318],[114.094184,22.548318]]]}},{"type":"Feature","properties":{"oid":"way/664026088","name":null,"zh":null,"en":null,"levels":2},"geometry":{"type":"Polygon","coordinates":[[[114.094632,22.547758],[114.094632,22.547654],[114.094723,22.547654],[114.094723,22.547681],[114.094751,22.547681],[114.094747,22.547694],[114.094798,22.547694],[114.094798,22.547778],[114.094736,22.547778],[114.094736,22.547758],[114.094632,22.547758]]]}},{"type":"Feature","properties":{"oid":"way/664026089","name":null,"zh":null,"en":null,"levels":7},"geometry":{"type":"Polygon","coordinates":[[[114.095227,22.547837],[114.095239,22.547802],[114.095224,22.547798],[114.095244,22.54774],[114.095437,22.547796],[114.095431,22.547814],[114.095536,22.547845],[114.095515,22.547907],[114.095495,22.547901],[114.095488,22.54792],[114.095405,22.547896],[114.095399,22.547913],[114.095295,22.547883],[114.095303,22.547859],[114.095227,22.547837]]]}},{"type":"Feature","properties":{"oid":"way/665895621","name":"福田大厦","zh":"福田大厦","en":null,"levels":4},"geometry":{"type":"Polygon","coordinates":[[[114.07726,22.542243],[114.077898,22.542245],[114.077942,22.542414],[114.077944,22.542483],[114.077943,22.542576],[114.077856,22.542576],[114.077259,22.542574],[114.077259,22.542438],[114.07726,22.542283],[114.07726,22.542243]]]}},{"type":"Feature","properties":{"oid":"way/665895624","name":"国际科技大厦","zh":"国际科技大厦","en":null,"levels":48},"geometry":{"type":"Polygon","coordinates":[[[114.0786,22.542478],[114.07817,22.542482],[114.078165,22.542133],[114.0786,22.542133],[114.0786,22.542478]]]}},{"type":"Feature","properties":{"oid":"way/665895625","name":null,"zh":null,"en":null,"levels":null},"geometry":{"type":"Polygon","coordinates":[[[114.078486,22.541985],[114.078412,22.541984],[114.077944,22.54198],[114.077952,22.541203],[114.078425,22.541207],[114.078494,22.541208],[114.078486,22.541985]]]}},{"type":"Feature","properties":{"oid":"way/665895626","name":"世界贸易广场","zh":"世界贸易广场","en":null,"levels":45},"geometry":{"type":"Polygon","coordinates":[[[114.078412,22.541984],[114.077944,22.54198],[114.077952,22.541203],[114.078425,22.541207],[114.078423,22.54141],[114.078183,22.541408],[114.07818,22.541749],[114.078414,22.541751],[114.078412,22.541984]]]}},{"type":"Feature","properties":{"oid":"way/665895627","name":"北方大厦","zh":"北方大厦","en":null,"levels":null},"geometry":{"type":"Polygon","coordinates":[[[114.079428,22.542874],[114.079386,22.542792],[114.079643,22.542623],[114.08025,22.542628],[114.080245,22.542887],[114.079428,22.542874]]]}},{"type":"Feature","properties":{"oid":"way/665895628","name":"档案大厦","zh":"档案大厦","en":null,"levels":null},"geometry":{"type":"Polygon","coordinates":[[[114.095327,22.542892],[114.095331,22.542753],[114.095717,22.542753],[114.095717,22.542712],[114.096152,22.542708],[114.096144,22.5429],[114.095327,22.542892]]]}},{"type":"Feature","properties":{"oid":"way/665895631","name":null,"zh":null,"en":null,"levels":null},"geometry":{"type":"Polygon","coordinates":[[[114.095319,22.544454],[114.095319,22.544259],[114.095998,22.544263],[114.095998,22.544462],[114.095319,22.544454]]]}},{"type":"Feature","properties":{"oid":"way/665895632","name":"报春大厦","zh":"报春大厦","en":null,"levels":null},"geometry":{"type":"Polygon","coordinates":[[[114.095697,22.544053],[114.095697,22.543992],[114.095698,22.543916],[114.095477,22.543914],[114.095479,22.543772],[114.096293,22.543779],[114.09629,22.544058],[114.095697,22.544053]]]}},{"type":"Feature","properties":{"oid":"way/665895633","name":null,"zh":null,"en":null,"levels":null},"geometry":{"type":"Polygon","coordinates":[[[114.095694,22.544151],[114.095377,22.544145],[114.095381,22.543985],[114.095697,22.543992],[114.095697,22.544053],[114.095694,22.544151]]]}},{"type":"Feature","properties":{"oid":"way/665904278","name":"统建办公大楼","zh":"统建办公大楼","en":null,"levels":null},"geometry":{"type":"Polygon","coordinates":[[[114.086843,22.54297],[114.086848,22.542763],[114.087251,22.542772],[114.087299,22.542773],[114.087664,22.542781],[114.08773,22.542783],[114.088103,22.542791],[114.088156,22.542792],[114.088549,22.542801],[114.088544,22.543008],[114.088151,22.543],[114.088098,22.542998],[114.087724,22.54299],[114.087659,22.542989],[114.087293,22.54298],[114.087246,22.542979],[114.086843,22.54297]]]}},{"type":"Feature","properties":{"oid":"way/665904281","name":"4栋","zh":"4栋","en":null,"levels":null},"geometry":{"type":"Polygon","coordinates":[[[114.086843,22.54297],[114.086848,22.542763],[114.087251,22.542772],[114.087246,22.542979],[114.086843,22.54297]]]}},{"type":"Feature","properties":{"oid":"way/665904284","name":"3栋","zh":"3栋","en":null,"levels":null},"geometry":{"type":"Polygon","coordinates":[[[114.087293,22.54298],[114.087299,22.542773],[114.087664,22.542781],[114.087659,22.542989],[114.087293,22.54298]]]}},{"type":"Feature","properties":{"oid":"way/665904287","name":"2栋","zh":"2栋","en":null,"levels":null},"geometry":{"type":"Polygon","coordinates":[[[114.087724,22.54299],[114.08773,22.542783],[114.088103,22.542791],[114.088098,22.542998],[114.087724,22.54299]]]}},{"type":"Feature","properties":{"oid":"way/665904289","name":"1栋","zh":"1栋","en":null,"levels":null},"geometry":{"type":"Polygon","coordinates":[[[114.088151,22.543],[114.088156,22.542792],[114.088549,22.542801],[114.088544,22.543008],[114.088151,22.543]]]}},{"type":"Feature","properties":{"oid":"way/668890134","name":null,"zh":null,"en":null,"levels":6},"geometry":{"type":"Polygon","coordinates":[[[114.092573,22.548218],[114.092574,22.548183],[114.092536,22.548182],[114.092538,22.548117],[114.092603,22.548119],[114.092604,22.548101],[114.092753,22.548105],[114.092753,22.548129],[114.092823,22.54813],[114.092821,22.548192],[114.092791,22.548191],[114.09279,22.548224],[114.092573,22.548218]]]}},{"type":"Feature","properties":{"oid":"way/668890135","name":null,"zh":null,"en":null,"levels":6},"geometry":{"type":"Polygon","coordinates":[[[114.092838,22.548378],[114.092839,22.548343],[114.092801,22.548342],[114.092803,22.548277],[114.092868,22.548279],[114.092868,22.548261],[114.093018,22.548265],[114.093017,22.548288],[114.093088,22.54829],[114.093086,22.548352],[114.093055,22.548351],[114.093054,22.548383],[114.092838,22.548378]]]}},{"type":"Feature","properties":{"oid":"way/668890136","name":null,"zh":null,"en":null,"levels":6},"geometry":{"type":"Polygon","coordinates":[[[114.093173,22.548383],[114.093174,22.548349],[114.093136,22.548348],[114.093138,22.548283],[114.093203,22.548284],[114.093203,22.548267],[114.093353,22.548271],[114.093352,22.548294],[114.093423,22.548296],[114.093421,22.548357],[114.09339,22.548357],[114.093389,22.548389],[114.093173,22.548383]]]}},{"type":"Feature","properties":{"oid":"way/668890137","name":null,"zh":null,"en":null,"levels":6},"geometry":{"type":"Polygon","coordinates":[[[114.092578,22.547954],[114.092579,22.547919],[114.092541,22.547918],[114.092543,22.547853],[114.092608,22.547855],[114.092609,22.547837],[114.092758,22.547841],[114.092758,22.547864],[114.092828,22.547866],[114.092826,22.547927],[114.092796,22.547927],[114.092795,22.547959],[114.092578,22.547954]]]}},{"type":"Feature","properties":{"oid":"way/668890138","name":null,"zh":null,"en":null,"levels":12},"geometry":{"type":"Polygon","coordinates":[[[114.09194,22.54809],[114.09194,22.548011],[114.092045,22.548013],[114.092045,22.548058],[114.092079,22.548056],[114.092074,22.547997],[114.092252,22.548002],[114.092254,22.548031],[114.092369,22.548031],[114.092371,22.548112],[114.09194,22.54809]]]}},{"type":"Feature","properties":{"oid":"way/671193805","name":null,"zh":null,"en":null,"levels":null},"geometry":{"type":"Polygon","coordinates":[[[114.093497,22.547428],[114.093722,22.547559],[114.093674,22.547631],[114.093624,22.547602],[114.093607,22.547628],[114.093557,22.5476],[114.093575,22.547574],[114.093448,22.5475],[114.093497,22.547428]]]}},{"type":"Feature","properties":{"oid":"way/689820683","name":null,"zh":null,"en":null,"levels":null},"geometry":{"type":"Polygon","coordinates":[[[114.085116,22.538687],[114.08448,22.538674],[114.084488,22.538307],[114.085127,22.53832],[114.085125,22.538416],[114.0846,22.538406],[114.084596,22.538572],[114.085118,22.538582],[114.085116,22.538687]]]}},{"type":"Feature","properties":{"oid":"way/691162555","name":"深圳实验教育集团综合楼","zh":"深圳实验教育集团综合楼","en":"Shenzhen Experimental Education Group Office Building","levels":null},"geometry":{"type":"Polygon","coordinates":[[[114.086305,22.552934],[114.086313,22.552092],[114.086462,22.552093],[114.086456,22.552882],[114.086378,22.552934],[114.086305,22.552934]]]}},{"type":"Feature","properties":{"oid":"way/691162561","name":null,"zh":null,"en":null,"levels":null},"geometry":{"type":"Polygon","coordinates":[[[114.087521,22.552647],[114.08759,22.552648],[114.087589,22.552715],[114.08752,22.552714],[114.087521,22.552647]]]}},{"type":"Feature","properties":{"oid":"way/691162563","name":null,"zh":null,"en":null,"levels":null},"geometry":{"type":"Polygon","coordinates":[[[114.088747,22.552233],[114.088749,22.552085],[114.089399,22.552092],[114.089398,22.552133],[114.089446,22.552134],[114.089445,22.552257],[114.089322,22.552255],[114.089322,22.55224],[114.089206,22.552239],[114.088912,22.552235],[114.088747,22.552233]]]}},{"type":"Feature","properties":{"oid":"way/691162577","name":"四川大厦","zh":"四川大厦","en":null,"levels":null},"geometry":{"type":"Polygon","coordinates":[[[114.089906,22.551118],[114.090221,22.551121],[114.090217,22.551443],[114.09011,22.551442],[114.089901,22.551439],[114.089905,22.55127],[114.089906,22.551118]]]}},{"type":"Feature","properties":{"oid":"way/691162614","name":"园岭大厦","zh":"园岭大厦","en":null,"levels":null},"geometry":{"type":"Polygon","coordinates":[[[114.089839,22.552926],[114.089535,22.552923],[114.089537,22.552748],[114.08984,22.552751],[114.090257,22.552755],[114.090255,22.552929],[114.089839,22.552926]]]}},{"type":"Feature","properties":{"oid":"way/691162617","name":null,"zh":null,"en":null,"levels":null},"geometry":{"type":"Polygon","coordinates":[[[114.089554,22.551265],[114.089905,22.55127],[114.089901,22.551439],[114.09011,22.551442],[114.090109,22.551505],[114.089549,22.551496],[114.089554,22.551265]]]}},{"type":"Feature","properties":{"oid":"way/691162618","name":null,"zh":null,"en":null,"levels":null},"geometry":{"type":"Polygon","coordinates":[[[114.089559,22.550871],[114.089769,22.550873],[114.089763,22.551237],[114.089554,22.551234],[114.089559,22.550871]]]}},{"type":"Feature","properties":{"oid":"way/691162619","name":"四川大厦南楼","zh":"四川大厦南楼","en":null,"levels":null},"geometry":{"type":"Polygon","coordinates":[[[114.089859,22.550876],[114.090194,22.55088],[114.090191,22.551076],[114.089856,22.551072],[114.089859,22.550876]]]}},{"type":"Feature","properties":{"oid":"way/691162623","name":"城际酒店","zh":"城际酒店","en":"IntercityHotel","levels":null},"geometry":{"type":"Polygon","coordinates":[[[114.082369,22.551993],[114.082433,22.551982],[114.082515,22.551983],[114.082594,22.552],[114.082668,22.552032],[114.082733,22.552078],[114.082775,22.552125],[114.08342,22.552128],[114.083443,22.552155],[114.083433,22.552675],[114.083109,22.552672],[114.083107,22.55265],[114.082948,22.552648],[114.082815,22.552768],[114.082812,22.552974],[114.082698,22.552973],[114.082698,22.552939],[114.082361,22.552937],[114.082366,22.552668],[114.082312,22.552651],[114.082267,22.552629],[114.082226,22.552602],[114.082189,22.552569],[114.082157,22.552533],[114.082131,22.552492],[114.082111,22.552449],[114.082097,22.552404],[114.08209,22.552358],[114.082089,22.552311],[114.082095,22.552264],[114.082108,22.552219],[114.082128,22.552176],[114.082153,22.552135],[114.082185,22.552098],[114.082221,22.552065],[114.082261,22.552037],[114.082306,22.552014],[114.082369,22.551993]]]}},{"type":"Feature","properties":{"oid":"way/691307335","name":null,"zh":null,"en":null,"levels":null},"geometry":{"type":"Polygon","coordinates":[[[114.090296,22.545791],[114.090673,22.545793],[114.090672,22.545877],[114.090851,22.545878],[114.09085,22.545947],[114.09066,22.545945],[114.09066,22.545931],[114.090295,22.545928],[114.090296,22.545791]]]}},{"type":"Feature","properties":{"oid":"way/706872174","name":"深圳市文化馆","zh":"深圳市文化馆","en":null,"levels":null},"geometry":{"type":"Polygon","coordinates":[[[114.087146,22.550205],[114.087162,22.549778],[114.087208,22.549739],[114.087589,22.549741],[114.087625,22.549778],[114.08768,22.549833],[114.087675,22.55015],[114.087602,22.550209],[114.087146,22.550205]]]}},{"type":"Feature","properties":{"oid":"way/746192355","name":"平安银行深圳分行大厦","zh":"平安银行深圳分行大厦","en":null,"levels":null},"geometry":{"type":"Polygon","coordinates":[[[114.091613,22.542789],[114.091613,22.542495],[114.09213,22.542496],[114.09213,22.542789],[114.091613,22.542789]]]}},{"type":"Feature","properties":{"oid":"way/746192356","name":"佳兆业中心","zh":"佳兆业中心","en":null,"levels":null},"geometry":{"type":"Polygon","coordinates":[[[114.092118,22.542347],[114.091785,22.54234],[114.091789,22.542178],[114.09177,22.542122],[114.091757,22.542073],[114.091751,22.542029],[114.091748,22.541979],[114.091647,22.541977],[114.091655,22.541615],[114.091976,22.541621],[114.091971,22.541824],[114.091988,22.541872],[114.091999,22.541921],[114.092006,22.541977],[114.092127,22.541979],[114.092118,22.542347]]]}},{"type":"Feature","properties":{"oid":"way/746192357","name":"深圳市福田区上步小学","zh":"深圳市福田区上步小学","en":null,"levels":null},"geometry":{"type":"Polygon","coordinates":[[[114.092921,22.540651],[114.092913,22.540209],[114.09371,22.540287],[114.093748,22.540672],[114.092921,22.540651]]]}},{"type":"Feature","properties":{"oid":"way/762904771","name":null,"zh":null,"en":null,"levels":null},"geometry":{"type":"Polygon","coordinates":[[[114.089567,22.541393],[114.089565,22.541051],[114.090045,22.541049],[114.090047,22.541391],[114.089567,22.541393]]]}},{"type":"Feature","properties":{"oid":"way/762904772","name":"杰恩大厦","zh":"杰恩大厦","en":null,"levels":null},"geometry":{"type":"Polygon","coordinates":[[[114.089633,22.538621],[114.089909,22.538627],[114.089905,22.538798],[114.089629,22.538792],[114.089633,22.538621]]]}},{"type":"Feature","properties":{"oid":"way/763943200","name":null,"zh":null,"en":null,"levels":6},"geometry":{"type":"Polygon","coordinates":[[[114.092616,22.550964],[114.092619,22.550879],[114.092671,22.55088],[114.092672,22.55083],[114.092783,22.550833],[114.092781,22.550883],[114.092824,22.550885],[114.092821,22.550972],[114.092749,22.55097],[114.09275,22.550932],[114.092692,22.55093],[114.092691,22.550967],[114.092616,22.550964]]]}},{"type":"Feature","properties":{"oid":"way/763943201","name":null,"zh":null,"en":null,"levels":6},"geometry":{"type":"Polygon","coordinates":[[[114.0922,22.549993],[114.092204,22.549892],[114.092258,22.549894],[114.092261,22.549828],[114.092384,22.549832],[114.092381,22.549898],[114.092443,22.5499],[114.092446,22.549837],[114.092575,22.549841],[114.092572,22.54992],[114.092614,22.549922],[114.09261,22.550013],[114.092537,22.550011],[114.092538,22.549975],[114.092475,22.549973],[114.092474,22.549995],[114.092341,22.549991],[114.092343,22.549962],[114.092276,22.549959],[114.092275,22.549996],[114.0922,22.549993]]]}},{"type":"Feature","properties":{"oid":"way/763943202","name":null,"zh":null,"en":null,"levels":6},"geometry":{"type":"Polygon","coordinates":[[[114.092652,22.549975],[114.092656,22.549889],[114.092707,22.549891],[114.092709,22.549841],[114.092819,22.549844],[114.092817,22.549894],[114.09286,22.549896],[114.092857,22.549983],[114.092785,22.549981],[114.092786,22.549943],[114.092728,22.549941],[114.092727,22.549977],[114.092652,22.549975]]]}},{"type":"Feature","properties":{"oid":"way/763943203","name":null,"zh":null,"en":null,"levels":6},"geometry":{"type":"Polygon","coordinates":[[[114.092054,22.550017],[114.091979,22.550016],[114.09198,22.549979],[114.091913,22.549978],[114.091913,22.550007],[114.09178,22.550004],[114.09178,22.549982],[114.091717,22.54998],[114.091716,22.550015],[114.091643,22.550014],[114.091645,22.549922],[114.091688,22.549923],[114.09169,22.549844],[114.091819,22.549847],[114.091817,22.54991],[114.091879,22.549911],[114.091881,22.549846],[114.092004,22.549849],[114.092002,22.549915],[114.092056,22.549916],[114.092054,22.550017]]]}},{"type":"Feature","properties":{"oid":"way/763943204","name":null,"zh":null,"en":null,"levels":6},"geometry":{"type":"Polygon","coordinates":[[[114.09162,22.549981],[114.091546,22.549979],[114.091547,22.549942],[114.091489,22.549941],[114.091488,22.549979],[114.091416,22.549977],[114.091418,22.54989],[114.091462,22.549891],[114.091463,22.549841],[114.091573,22.549843],[114.091572,22.549894],[114.091623,22.549895],[114.09162,22.549981]]]}},{"type":"Feature","properties":{"oid":"way/763943205","name":null,"zh":null,"en":null,"levels":6},"geometry":{"type":"Polygon","coordinates":[[[114.091679,22.549386],[114.09168,22.549289],[114.09207,22.549292],[114.092069,22.549389],[114.091679,22.549386]]]}},{"type":"Feature","properties":{"oid":"way/763943206","name":null,"zh":null,"en":null,"levels":6},"geometry":{"type":"Polygon","coordinates":[[[114.092227,22.5494],[114.092229,22.5493],[114.092573,22.549304],[114.092572,22.549404],[114.092227,22.5494]]]}},{"type":"Feature","properties":{"oid":"way/763943207","name":null,"zh":null,"en":null,"levels":6},"geometry":{"type":"Polygon","coordinates":[[[114.092667,22.549412],[114.092668,22.549377],[114.092634,22.549376],[114.092636,22.549314],[114.092734,22.549316],[114.092736,22.549253],[114.092827,22.549255],[114.092825,22.549317],[114.092879,22.549318],[114.092876,22.549414],[114.092802,22.549412],[114.092803,22.549369],[114.092755,22.549368],[114.092754,22.549415],[114.092667,22.549412]]]}},{"type":"Feature","properties":{"oid":"way/763943208","name":null,"zh":null,"en":null,"levels":6},"geometry":{"type":"Polygon","coordinates":[[[114.093834,22.54932],[114.093834,22.549297],[114.0938,22.549297],[114.093801,22.54921],[114.093913,22.549212],[114.093914,22.549173],[114.094025,22.549175],[114.094025,22.549214],[114.094123,22.549215],[114.094122,22.5493],[114.094094,22.5493],[114.094093,22.549323],[114.093834,22.54932]]]}},{"type":"Feature","properties":{"oid":"way/763943209","name":null,"zh":null,"en":null,"levels":6},"geometry":{"type":"Polygon","coordinates":[[[114.094127,22.549165],[114.094127,22.549142],[114.094093,22.549142],[114.094094,22.549055],[114.094206,22.549057],[114.094207,22.549018],[114.094318,22.54902],[114.094318,22.549059],[114.094417,22.54906],[114.094415,22.549145],[114.094387,22.549145],[114.094387,22.549168],[114.094127,22.549165]]]}},{"type":"Feature","properties":{"oid":"way/763943210","name":null,"zh":null,"en":null,"levels":6},"geometry":{"type":"Polygon","coordinates":[[[114.09425,22.548926],[114.094251,22.548903],[114.094216,22.548902],[114.094218,22.548816],[114.09433,22.548818],[114.094331,22.548779],[114.094442,22.548781],[114.094441,22.54882],[114.09454,22.548821],[114.094539,22.548906],[114.09451,22.548906],[114.09451,22.548929],[114.09425,22.548926]]]}},{"type":"Feature","properties":{"oid":"way/763943211","name":null,"zh":null,"en":null,"levels":6},"geometry":{"type":"Polygon","coordinates":[[[114.094042,22.548698],[114.094042,22.548675],[114.094008,22.548675],[114.094009,22.548588],[114.094122,22.54859],[114.094122,22.548551],[114.094234,22.548553],[114.094233,22.548592],[114.094332,22.548593],[114.09433,22.548678],[114.094302,22.548678],[114.094302,22.548701],[114.094042,22.548698]]]}},{"type":"Feature","properties":{"oid":"way/763943212","name":null,"zh":null,"en":null,"levels":6},"geometry":{"type":"Polygon","coordinates":[[[114.093751,22.548502],[114.093751,22.548479],[114.093717,22.548479],[114.093718,22.548392],[114.09383,22.548394],[114.093831,22.548355],[114.093942,22.548357],[114.093942,22.548396],[114.09404,22.548397],[114.094039,22.548482],[114.094011,22.548482],[114.09401,22.548505],[114.093751,22.548502]]]}},{"type":"Feature","properties":{"oid":"way/763943213","name":null,"zh":null,"en":null,"levels":6},"geometry":{"type":"Polygon","coordinates":[[[114.093556,22.548746],[114.093557,22.548724],[114.093523,22.548723],[114.093524,22.548637],[114.093636,22.548638],[114.093637,22.5486],[114.093748,22.548601],[114.093748,22.54864],[114.093846,22.548642],[114.093845,22.548727],[114.093817,22.548726],[114.093816,22.54875],[114.093556,22.548746]]]}},{"type":"Feature","properties":{"oid":"way/763943214","name":null,"zh":null,"en":null,"levels":6},"geometry":{"type":"Polygon","coordinates":[[[114.093314,22.549025],[114.093314,22.549002],[114.09328,22.549001],[114.093281,22.548915],[114.093394,22.548917],[114.093394,22.548878],[114.093505,22.54888],[114.093505,22.548919],[114.093604,22.54892],[114.093602,22.549005],[114.093574,22.549005],[114.093574,22.549028],[114.093314,22.549025]]]}},{"type":"Feature","properties":{"oid":"way/763943215","name":null,"zh":null,"en":null,"levels":6},"geometry":{"type":"Polygon","coordinates":[[[114.093112,22.549305],[114.093112,22.549282],[114.093078,22.549282],[114.093079,22.549195],[114.093191,22.549197],[114.093192,22.549158],[114.093303,22.54916],[114.093303,22.549199],[114.093401,22.5492],[114.0934,22.549285],[114.093372,22.549285],[114.093371,22.549308],[114.093112,22.549305]]]}},{"type":"Feature","properties":{"oid":"way/763943216","name":null,"zh":null,"en":null,"levels":7},"geometry":{"type":"Polygon","coordinates":[[[114.094802,22.548608],[114.094977,22.548608],[114.094977,22.548731],[114.094802,22.548731],[114.094802,22.548608]]]}},{"type":"Feature","properties":{"oid":"way/763943217","name":null,"zh":null,"en":null,"levels":7},"geometry":{"type":"Polygon","coordinates":[[[114.094616,22.548468],[114.094791,22.548468],[114.094791,22.548591],[114.094616,22.548591],[114.094616,22.548468]]]}},{"type":"Feature","properties":{"oid":"way/763943218","name":null,"zh":null,"en":null,"levels":7},"geometry":{"type":"Polygon","coordinates":[[[114.09443,22.548301],[114.094605,22.548301],[114.094605,22.548425],[114.09443,22.548425],[114.09443,22.548301]]]}},{"type":"Feature","properties":{"oid":"way/763943219","name":null,"zh":null,"en":null,"levels":2},"geometry":{"type":"Polygon","coordinates":[[[114.094248,22.547996],[114.094248,22.547892],[114.094339,22.547892],[114.094339,22.547919],[114.094367,22.547919],[114.094363,22.547932],[114.094414,22.547932],[114.094414,22.548016],[114.094353,22.548016],[114.094353,22.547996],[114.094248,22.547996]]]}},{"type":"Feature","properties":{"oid":"way/763943220","name":null,"zh":null,"en":null,"levels":2},"geometry":{"type":"Polygon","coordinates":[[[114.094408,22.548128],[114.094408,22.548024],[114.094498,22.548025],[114.094498,22.548052],[114.094524,22.548052],[114.094524,22.548063],[114.094575,22.548063],[114.094574,22.548148],[114.094512,22.548148],[114.094512,22.548128],[114.094408,22.548128]]]}},{"type":"Feature","properties":{"oid":"way/763943221","name":null,"zh":null,"en":null,"levels":2},"geometry":{"type":"Polygon","coordinates":[[[114.094405,22.547827],[114.094405,22.547723],[114.094496,22.547723],[114.094496,22.54775],[114.094524,22.54775],[114.09452,22.547763],[114.094571,22.547763],[114.094571,22.547847],[114.094509,22.547847],[114.094509,22.547827],[114.094405,22.547827]]]}},{"type":"Feature","properties":{"oid":"way/763943222","name":null,"zh":null,"en":null,"levels":2},"geometry":{"type":"Polygon","coordinates":[[[114.094564,22.547959],[114.094565,22.547855],[114.094655,22.547855],[114.094655,22.547883],[114.09468,22.547883],[114.09468,22.547894],[114.094731,22.547894],[114.094731,22.547979],[114.094669,22.547979],[114.094669,22.547959],[114.094564,22.547959]]]}},{"type":"Feature","properties":{"oid":"way/763943223","name":null,"zh":null,"en":null,"levels":7},"geometry":{"type":"Polygon","coordinates":[[[114.095105,22.54809],[114.095117,22.548056],[114.095102,22.548051],[114.095122,22.547993],[114.095315,22.54805],[114.095309,22.548067],[114.095415,22.548098],[114.095394,22.548161],[114.095373,22.548155],[114.095367,22.548173],[114.095284,22.548149],[114.095278,22.548167],[114.095174,22.548136],[114.095182,22.548112],[114.095105,22.54809]]]}},{"type":"Feature","properties":{"oid":"way/763943224","name":null,"zh":null,"en":null,"levels":7},"geometry":{"type":"Polygon","coordinates":[[[114.095158,22.54751],[114.09517,22.547475],[114.095155,22.547471],[114.095175,22.547413],[114.095368,22.547469],[114.095362,22.547487],[114.095468,22.547518],[114.095446,22.54758],[114.095426,22.547574],[114.09542,22.547593],[114.095337,22.547569],[114.095331,22.547586],[114.095227,22.547556],[114.095235,22.547532],[114.095158,22.54751]]]}},{"type":"Feature","properties":{"oid":"way/769200173","name":"52栋","zh":"52栋","en":null,"levels":6},"geometry":{"type":"Polygon","coordinates":[[[114.093088,22.552908],[114.092928,22.552904],[114.092923,22.552892],[114.092763,22.55289],[114.092764,22.552812],[114.092923,22.552814],[114.092926,22.552826],[114.09309,22.55283],[114.093088,22.552908]]]}},{"type":"Feature","properties":{"oid":"way/769200174","name":"50栋","zh":"50栋","en":null,"levels":6},"geometry":{"type":"Polygon","coordinates":[[[114.093094,22.552627],[114.092929,22.552626],[114.092929,22.552607],[114.092769,22.552606],[114.09277,22.55253],[114.092924,22.552532],[114.092924,22.55255],[114.093094,22.552551],[114.093094,22.552627]]]}},{"type":"Feature","properties":{"oid":"way/769200175","name":"53栋","zh":"53栋","en":null,"levels":6},"geometry":{"type":"Polygon","coordinates":[[[114.092234,22.552909],[114.091892,22.552903],[114.091895,22.552796],[114.092236,22.552802],[114.092234,22.552909]]]}},{"type":"Feature","properties":{"oid":"way/769200176","name":"51栋","zh":"51栋","en":null,"levels":6},"geometry":{"type":"Polygon","coordinates":[[[114.092235,22.552616],[114.091896,22.552614],[114.091897,22.552506],[114.092236,22.552508],[114.092235,22.552616]]]}},{"type":"Feature","properties":{"oid":"way/769200177","name":"49栋","zh":"49栋","en":null,"levels":6},"geometry":{"type":"Polygon","coordinates":[[[114.092449,22.552321],[114.091919,22.552312],[114.091921,22.552229],[114.09245,22.552238],[114.092449,22.552321]]]}},{"type":"Feature","properties":{"oid":"way/769200178","name":"48栋","zh":"48栋","en":null,"levels":6},"geometry":{"type":"Polygon","coordinates":[[[114.092459,22.552054],[114.091916,22.552045],[114.091918,22.551947],[114.092461,22.551955],[114.092459,22.552054]]]}},{"type":"Feature","properties":{"oid":"way/771860736","name":null,"zh":null,"en":null,"levels":24},"geometry":{"type":"Polygon","coordinates":[[[114.088692,22.544209],[114.088693,22.543898],[114.088812,22.543898],[114.088898,22.543899],[114.089019,22.543899],[114.089018,22.544211],[114.088692,22.544209]]]}},{"type":"Feature","properties":{"oid":"way/771860757","name":null,"zh":null,"en":null,"levels":null},"geometry":{"type":"Polygon","coordinates":[[[114.086847,22.542667],[114.08685,22.54255],[114.087507,22.542564],[114.087504,22.542681],[114.086847,22.542667]]]}},{"type":"Feature","properties":{"oid":"way/771860758","name":null,"zh":null,"en":null,"levels":null},"geometry":{"type":"Polygon","coordinates":[[[114.087593,22.542688],[114.087596,22.542571],[114.088254,22.542585],[114.088251,22.542702],[114.087593,22.542688]]]}},{"type":"Feature","properties":{"oid":"way/771860759","name":null,"zh":null,"en":null,"levels":null},"geometry":{"type":"Polygon","coordinates":[[[114.087589,22.542387],[114.087592,22.54227],[114.08825,22.542284],[114.088247,22.542401],[114.087589,22.542387]]]}},{"type":"Feature","properties":{"oid":"way/771860760","name":null,"zh":null,"en":null,"levels":null},"geometry":{"type":"Polygon","coordinates":[[[114.086852,22.542374],[114.086855,22.542257],[114.087512,22.542271],[114.087509,22.542388],[114.086852,22.542374]]]}},{"type":"Feature","properties":{"oid":"way/771860761","name":null,"zh":null,"en":null,"levels":null},"geometry":{"type":"Polygon","coordinates":[[[114.086862,22.542064],[114.086865,22.541946],[114.087523,22.54196],[114.08752,22.542078],[114.086862,22.542064]]]}},{"type":"Feature","properties":{"oid":"way/771860762","name":null,"zh":null,"en":null,"levels":null},"geometry":{"type":"Polygon","coordinates":[[[114.087593,22.542077],[114.087596,22.541959],[114.088254,22.541973],[114.088251,22.542091],[114.087593,22.542077]]]}},{"type":"Feature","properties":{"oid":"way/771860763","name":null,"zh":null,"en":null,"levels":null},"geometry":{"type":"Polygon","coordinates":[[[114.087608,22.541779],[114.087611,22.541661],[114.088269,22.541675],[114.088266,22.541793],[114.087608,22.541779]]]}},{"type":"Feature","properties":{"oid":"way/771860764","name":null,"zh":null,"en":null,"levels":null},"geometry":{"type":"Polygon","coordinates":[[[114.086867,22.541766],[114.08687,22.541649],[114.087528,22.541663],[114.087525,22.54178],[114.086867,22.541766]]]}},{"type":"Feature","properties":{"oid":"way/771860765","name":null,"zh":null,"en":null,"levels":null},"geometry":{"type":"Polygon","coordinates":[[[114.086875,22.541502],[114.086877,22.541398],[114.087211,22.541402],[114.08721,22.541506],[114.086875,22.541502]]]}},{"type":"Feature","properties":{"oid":"way/771860766","name":null,"zh":null,"en":null,"levels":null},"geometry":{"type":"Polygon","coordinates":[[[114.087249,22.541536],[114.08725,22.541401],[114.087532,22.541403],[114.087531,22.541538],[114.087469,22.541538],[114.087469,22.541509],[114.087298,22.541508],[114.087298,22.541536],[114.087249,22.541536]]]}},{"type":"Feature","properties":{"oid":"way/771860767","name":null,"zh":null,"en":null,"levels":null},"geometry":{"type":"Polygon","coordinates":[[[114.088322,22.542408],[114.088323,22.542321],[114.088352,22.542321],[114.088352,22.542306],[114.088398,22.542307],[114.088397,22.542321],[114.088411,22.542322],[114.088411,22.542307],[114.088457,22.542307],[114.088457,22.542322],[114.088485,22.542322],[114.088483,22.54241],[114.088442,22.542409],[114.088442,22.542416],[114.088365,22.542415],[114.088365,22.542408],[114.088322,22.542408]]]}},{"type":"Feature","properties":{"oid":"way/771860768","name":null,"zh":null,"en":null,"levels":null},"geometry":{"type":"Polygon","coordinates":[[[114.088323,22.542197],[114.088324,22.54211],[114.088354,22.54211],[114.088354,22.542095],[114.088399,22.542096],[114.088399,22.542111],[114.088413,22.542111],[114.088413,22.542096],[114.088459,22.542097],[114.088458,22.542111],[114.088486,22.542112],[114.088485,22.542199],[114.088443,22.542198],[114.088443,22.542205],[114.088366,22.542204],[114.088366,22.542198],[114.088323,22.542197]]]}},{"type":"Feature","properties":{"oid":"way/771860769","name":null,"zh":null,"en":null,"levels":null},"geometry":{"type":"Polygon","coordinates":[[[114.08833,22.541999],[114.088331,22.541912],[114.088361,22.541912],[114.088361,22.541897],[114.088406,22.541898],[114.088406,22.541912],[114.088419,22.541913],[114.08842,22.541898],[114.088465,22.541898],[114.088465,22.541913],[114.088493,22.541913],[114.088492,22.542001],[114.08845,22.542],[114.08845,22.542007],[114.088373,22.542006],[114.088373,22.541999],[114.08833,22.541999]]]}},{"type":"Feature","properties":{"oid":"way/771860770","name":null,"zh":null,"en":null,"levels":null},"geometry":{"type":"Polygon","coordinates":[[[114.088297,22.542692],[114.088298,22.542596],[114.088351,22.542596],[114.088351,22.542537],[114.088462,22.542537],[114.088462,22.542595],[114.088518,22.542595],[114.088517,22.542692],[114.088432,22.542692],[114.088432,22.542647],[114.08838,22.542647],[114.08838,22.542692],[114.088297,22.542692]]]}},{"type":"Feature","properties":{"oid":"way/771860778","name":null,"zh":null,"en":null,"levels":null},"geometry":{"type":"Polygon","coordinates":[[[114.082031,22.542523],[114.082141,22.542525],[114.08214,22.542553],[114.08203,22.542551],[114.082031,22.542523]]]}},{"type":"Feature","properties":{"oid":"way/776917128","name":null,"zh":null,"en":null,"levels":2},"geometry":{"type":"Polygon","coordinates":[[[114.094237,22.542408],[114.094428,22.542243],[114.094445,22.54226],[114.094525,22.542192],[114.094552,22.542218],[114.094579,22.542246],[114.094605,22.542274],[114.094642,22.542254],[114.094715,22.542348],[114.094782,22.542446],[114.094843,22.542548],[114.094882,22.542622],[114.094791,22.542657],[114.094839,22.542766],[114.094865,22.542824],[114.094636,22.54291],[114.094609,22.542835],[114.094574,22.542762],[114.094533,22.542692],[114.094485,22.542626],[114.094431,22.542564],[114.094371,22.542507],[114.094349,22.542488],[114.094306,22.542454],[114.094237,22.542408]]]}},{"type":"Feature","properties":{"oid":"way/776917140","name":null,"zh":null,"en":null,"levels":null},"geometry":{"type":"Polygon","coordinates":[[[114.094681,22.541744],[114.094699,22.541734],[114.094719,22.541731],[114.09474,22.541734],[114.094757,22.541742],[114.094771,22.541755],[114.09478,22.541772],[114.094782,22.54179],[114.094778,22.541808],[114.094768,22.541824],[114.094753,22.541837],[114.094735,22.541844],[114.094714,22.541845],[114.094694,22.54184],[114.094677,22.541829],[114.094665,22.541813],[114.094659,22.541795],[114.09466,22.541776],[114.094667,22.541758],[114.094681,22.541744]]]}},{"type":"Feature","properties":{"oid":"way/776917144","name":null,"zh":null,"en":null,"levels":null},"geometry":{"type":"Polygon","coordinates":[[[114.093027,22.54287],[114.092974,22.542756],[114.09328,22.542656],[114.093319,22.542738],[114.093027,22.54287]]]}},{"type":"Feature","properties":{"oid":"way/776917146","name":null,"zh":null,"en":null,"levels":null},"geometry":{"type":"Polygon","coordinates":[[[114.094445,22.54226],[114.094428,22.542243],[114.094237,22.542408],[114.094306,22.542454],[114.094349,22.542488],[114.094308,22.542518],[114.094099,22.54232],[114.094448,22.542034],[114.094349,22.54199],[114.094373,22.541894],[114.094035,22.54182],[114.094079,22.541778],[114.094333,22.541789],[114.094712,22.542178],[114.094642,22.542254],[114.094605,22.542274],[114.094579,22.542246],[114.094552,22.542218],[114.094525,22.542192],[114.094445,22.54226]]]}},{"type":"Feature","properties":{"oid":"way/776917148","name":null,"zh":null,"en":null,"levels":null},"geometry":{"type":"Polygon","coordinates":[[[114.092534,22.542635],[114.092678,22.542449],[114.092742,22.54249],[114.092598,22.542677],[114.092534,22.542635]]]}},{"type":"Feature","properties":{"oid":"way/781190702","name":null,"zh":null,"en":null,"levels":6},"geometry":{"type":"Polygon","coordinates":[[[114.076701,22.542154],[114.076707,22.541779],[114.077225,22.541786],[114.077219,22.542161],[114.076701,22.542154]]]}},{"type":"Feature","properties":{"oid":"way/812441544","name":null,"zh":null,"en":null,"levels":null},"geometry":{"type":"Polygon","coordinates":[[[114.078288,22.539846],[114.078288,22.539732],[114.078811,22.539732],[114.078811,22.539846],[114.078288,22.539846]]]}},{"type":"Feature","properties":{"oid":"way/812441675","name":null,"zh":null,"en":null,"levels":null},"geometry":{"type":"Polygon","coordinates":[[[114.079482,22.539502],[114.079481,22.53941],[114.079893,22.539405],[114.079894,22.539497],[114.079482,22.539502]]]}},{"type":"Feature","properties":{"oid":"way/812441676","name":null,"zh":null,"en":null,"levels":null},"geometry":{"type":"Polygon","coordinates":[[[114.079839,22.539172],[114.07984,22.539273],[114.079493,22.539277],[114.079491,22.539176],[114.079839,22.539172]]]}},{"type":"Feature","properties":{"oid":"way/812441677","name":null,"zh":null,"en":null,"levels":null},"geometry":{"type":"Polygon","coordinates":[[[114.079493,22.538933],[114.079853,22.538933],[114.079853,22.539045],[114.079493,22.539045],[114.079493,22.538933]]]}},{"type":"Feature","properties":{"oid":"way/812441678","name":null,"zh":null,"en":null,"levels":null},"geometry":{"type":"Polygon","coordinates":[[[114.078894,22.539074],[114.078894,22.538947],[114.079409,22.538947],[114.079409,22.539074],[114.078894,22.539074]]]}},{"type":"Feature","properties":{"oid":"way/812441679","name":null,"zh":null,"en":null,"levels":null},"geometry":{"type":"Polygon","coordinates":[[[114.078884,22.53934],[114.078885,22.539231],[114.079401,22.539236],[114.0794,22.539345],[114.078884,22.53934]]]}},{"type":"Feature","properties":{"oid":"way/812441680","name":null,"zh":null,"en":null,"levels":null},"geometry":{"type":"Polygon","coordinates":[[[114.078889,22.539575],[114.078889,22.539478],[114.079448,22.539478],[114.079448,22.539575],[114.078889,22.539575]]]}},{"type":"Feature","properties":{"oid":"way/812441732","name":null,"zh":null,"en":null,"levels":null},"geometry":{"type":"Polygon","coordinates":[[[114.078283,22.539322],[114.078283,22.539223],[114.078791,22.539223],[114.078791,22.539322],[114.078283,22.539322]]]}},{"type":"Feature","properties":{"oid":"way/812441758","name":null,"zh":null,"en":null,"levels":null},"geometry":{"type":"Polygon","coordinates":[[[114.078806,22.538931],[114.078807,22.539062],[114.078274,22.539067],[114.078272,22.538935],[114.078806,22.538931]]]}},{"type":"Feature","properties":{"oid":"way/813759963","name":"30栋","zh":"30栋","en":null,"levels":null},"geometry":{"type":"Polygon","coordinates":[[[114.095088,22.552474],[114.09509,22.55233],[114.09564,22.552335],[114.095639,22.552441],[114.095205,22.552437],[114.095205,22.552475],[114.095088,22.552474]]]}},{"type":"Feature","properties":{"oid":"way/813759964","name":"33栋","zh":"33栋","en":null,"levels":null},"geometry":{"type":"Polygon","coordinates":[[[114.095347,22.552891],[114.095349,22.552782],[114.095752,22.552785],[114.095751,22.552896],[114.095347,22.552891]]]}},{"type":"Feature","properties":{"oid":"way/813759969","name":"深圳市第四幼儿园","zh":"深圳市第四幼儿园","en":null,"levels":null},"geometry":{"type":"Polygon","coordinates":[[[114.093264,22.55262],[114.093698,22.552625],[114.093696,22.552818],[114.093261,22.552814],[114.093264,22.55262]]]}},{"type":"Feature","properties":{"oid":"way/817047833","name":"富怡雅居","zh":"富怡雅居","en":null,"levels":24},"geometry":{"type":"Polygon","coordinates":[[[114.088709,22.546572],[114.088713,22.546396],[114.089265,22.546402],[114.089262,22.546578],[114.088709,22.546572]]]}},{"type":"Feature","properties":{"oid":"way/979927784","name":null,"zh":null,"en":null,"levels":null},"geometry":{"type":"Polygon","coordinates":[[[114.093602,22.537546],[114.09358,22.537542],[114.093568,22.537527],[114.093568,22.537509],[114.093575,22.537498],[114.093585,22.537488],[114.093964,22.53734],[114.094234,22.537332],[114.094228,22.537553],[114.093602,22.537546]]]}},{"type":"Feature","properties":{"oid":"way/996615404","name":null,"zh":null,"en":null,"levels":null},"geometry":{"type":"Polygon","coordinates":[[[114.093886,22.54132],[114.093888,22.541167],[114.094023,22.541169],[114.094021,22.541322],[114.093886,22.54132]]]}},{"type":"Feature","properties":{"oid":"way/996615405","name":null,"zh":null,"en":null,"levels":null},"geometry":{"type":"Polygon","coordinates":[[[114.09404,22.541323],[114.094043,22.541174],[114.094158,22.541176],[114.094155,22.541325],[114.09404,22.541323]]]}},{"type":"Feature","properties":{"oid":"way/996615406","name":null,"zh":null,"en":null,"levels":null},"geometry":{"type":"Polygon","coordinates":[[[114.094171,22.541328],[114.094176,22.541169],[114.094293,22.541172],[114.094288,22.541331],[114.094171,22.541328]]]}},{"type":"Feature","properties":{"oid":"way/996615407","name":null,"zh":null,"en":null,"levels":null},"geometry":{"type":"Polygon","coordinates":[[[114.09431,22.541324],[114.094313,22.541174],[114.094424,22.541176],[114.094422,22.541326],[114.09431,22.541324]]]}},{"type":"Feature","properties":{"oid":"way/996615408","name":null,"zh":null,"en":null,"levels":null},"geometry":{"type":"Polygon","coordinates":[[[114.094451,22.541329],[114.094453,22.541182],[114.09448,22.541182],[114.09448,22.54117],[114.094532,22.541171],[114.094531,22.541187],[114.094559,22.541187],[114.094557,22.54133],[114.094451,22.541329]]]}},{"type":"Feature","properties":{"oid":"way/996615409","name":null,"zh":null,"en":null,"levels":null},"geometry":{"type":"Polygon","coordinates":[[[114.094579,22.541325],[114.09458,22.541181],[114.094695,22.541182],[114.094693,22.541326],[114.094579,22.541325]]]}},{"type":"Feature","properties":{"oid":"way/996615410","name":null,"zh":null,"en":null,"levels":null},"geometry":{"type":"Polygon","coordinates":[[[114.094713,22.541331],[114.094715,22.541182],[114.094825,22.541183],[114.094824,22.541332],[114.094713,22.541331]]]}},{"type":"Feature","properties":{"oid":"way/996615411","name":null,"zh":null,"en":null,"levels":null},"geometry":{"type":"Polygon","coordinates":[[[114.094853,22.541334],[114.094853,22.541188],[114.094963,22.541189],[114.094962,22.541334],[114.094853,22.541334]]]}},{"type":"Feature","properties":{"oid":"way/996615412","name":null,"zh":null,"en":null,"levels":null},"geometry":{"type":"Polygon","coordinates":[[[114.094981,22.541331],[114.094983,22.541186],[114.095082,22.541187],[114.095081,22.541332],[114.094981,22.541331]]]}},{"type":"Feature","properties":{"oid":"way/996615413","name":null,"zh":null,"en":null,"levels":null},"geometry":{"type":"Polygon","coordinates":[[[114.093886,22.54112],[114.093888,22.540985],[114.094017,22.540987],[114.094015,22.541122],[114.093886,22.54112]]]}},{"type":"Feature","properties":{"oid":"way/996615414","name":null,"zh":null,"en":null,"levels":null},"geometry":{"type":"Polygon","coordinates":[[[114.094053,22.541128],[114.094056,22.54099],[114.094154,22.540992],[114.094151,22.54113],[114.094053,22.541128]]]}},{"type":"Feature","properties":{"oid":"way/996615415","name":null,"zh":null,"en":null,"levels":null},"geometry":{"type":"Polygon","coordinates":[[[114.094181,22.541131],[114.094184,22.54099],[114.094298,22.540992],[114.094295,22.541133],[114.094181,22.541131]]]}},{"type":"Feature","properties":{"oid":"way/996615416","name":null,"zh":null,"en":null,"levels":null},"geometry":{"type":"Polygon","coordinates":[[[114.094314,22.541133],[114.094316,22.540991],[114.094425,22.540993],[114.094422,22.541135],[114.094314,22.541133]]]}},{"type":"Feature","properties":{"oid":"way/996615417","name":null,"zh":null,"en":null,"levels":null},"geometry":{"type":"Polygon","coordinates":[[[114.094445,22.541136],[114.094449,22.54099],[114.094561,22.540993],[114.094557,22.541138],[114.094445,22.541136]]]}},{"type":"Feature","properties":{"oid":"way/996615418","name":null,"zh":null,"en":null,"levels":null},"geometry":{"type":"Polygon","coordinates":[[[114.094577,22.54114],[114.09458,22.540995],[114.094698,22.540997],[114.094695,22.541143],[114.094577,22.54114]]]}},{"type":"Feature","properties":{"oid":"way/996615419","name":null,"zh":null,"en":null,"levels":null},"geometry":{"type":"Polygon","coordinates":[[[114.09472,22.541143],[114.094722,22.541057],[114.094824,22.541059],[114.094822,22.541145],[114.09472,22.541143]]]}},{"type":"Feature","properties":{"oid":"way/996615420","name":null,"zh":null,"en":null,"levels":null},"geometry":{"type":"Polygon","coordinates":[[[114.094719,22.54105],[114.09472,22.540988],[114.09482,22.54099],[114.094818,22.541052],[114.094719,22.54105]]]}},{"type":"Feature","properties":{"oid":"way/996615421","name":null,"zh":null,"en":null,"levels":null},"geometry":{"type":"Polygon","coordinates":[[[114.094843,22.541144],[114.094848,22.540994],[114.094963,22.540997],[114.094959,22.541147],[114.094843,22.541144]]]}},{"type":"Feature","properties":{"oid":"way/996615422","name":null,"zh":null,"en":null,"levels":null},"geometry":{"type":"Polygon","coordinates":[[[114.094981,22.541146],[114.094982,22.540992],[114.095036,22.540993],[114.095036,22.541009],[114.095086,22.54101],[114.095085,22.541147],[114.094981,22.541146]]]}},{"type":"Feature","properties":{"oid":"way/996615424","name":null,"zh":null,"en":null,"levels":null},"geometry":{"type":"Polygon","coordinates":[[[114.0939,22.540416],[114.093921,22.540359],[114.093996,22.540274],[114.094056,22.540276],[114.094051,22.540421],[114.0939,22.540416]]]}},{"type":"Feature","properties":{"oid":"way/996615425","name":null,"zh":null,"en":null,"levels":null},"geometry":{"type":"Polygon","coordinates":[[[114.094075,22.540421],[114.094078,22.540279],[114.09419,22.540281],[114.094188,22.540423],[114.094075,22.540421]]]}},{"type":"Feature","properties":{"oid":"way/996615426","name":null,"zh":null,"en":null,"levels":null},"geometry":{"type":"Polygon","coordinates":[[[114.094204,22.540421],[114.094208,22.540286],[114.094319,22.540289],[114.094314,22.540424],[114.094204,22.540421]]]}},{"type":"Feature","properties":{"oid":"way/996615427","name":null,"zh":null,"en":null,"levels":null},"geometry":{"type":"Polygon","coordinates":[[[114.094334,22.540423],[114.094338,22.540284],[114.094449,22.540287],[114.094446,22.540426],[114.094334,22.540423]]]}},{"type":"Feature","properties":{"oid":"way/996615428","name":null,"zh":null,"en":null,"levels":null},"geometry":{"type":"Polygon","coordinates":[[[114.094466,22.540426],[114.094469,22.540276],[114.094583,22.540278],[114.094579,22.540428],[114.094466,22.540426]]]}},{"type":"Feature","properties":{"oid":"way/996615429","name":null,"zh":null,"en":null,"levels":null},"geometry":{"type":"Polygon","coordinates":[[[114.0946,22.540429],[114.094601,22.540282],[114.094704,22.540283],[114.094703,22.540429],[114.0946,22.540429]]]}},{"type":"Feature","properties":{"oid":"way/996615430","name":null,"zh":null,"en":null,"levels":null},"geometry":{"type":"Polygon","coordinates":[[[114.094732,22.54043],[114.094735,22.540288],[114.094847,22.54029],[114.094845,22.540432],[114.094732,22.54043]]]}},{"type":"Feature","properties":{"oid":"way/996615431","name":null,"zh":null,"en":null,"levels":null},"geometry":{"type":"Polygon","coordinates":[[[114.09486,22.54043],[114.094861,22.540295],[114.094952,22.540296],[114.094969,22.540302],[114.094967,22.540431],[114.09486,22.54043]]]}},{"type":"Feature","properties":{"oid":"way/996615432","name":null,"zh":null,"en":null,"levels":null},"geometry":{"type":"Polygon","coordinates":[[[114.094994,22.540428],[114.094994,22.540298],[114.09509,22.540298],[114.095107,22.540308],[114.095126,22.540329],[114.095126,22.540428],[114.094994,22.540428]]]}},{"type":"Feature","properties":{"oid":"way/996615437","name":null,"zh":null,"en":null,"levels":null},"geometry":{"type":"Polygon","coordinates":[[[114.094707,22.540951],[114.09471,22.540824],[114.094814,22.540826],[114.09481,22.540953],[114.094707,22.540951]]]}},{"type":"Feature","properties":{"oid":"way/996615438","name":null,"zh":null,"en":null,"levels":null},"geometry":{"type":"Polygon","coordinates":[[[114.09485,22.540958],[114.094853,22.540827],[114.094958,22.540829],[114.094955,22.54096],[114.09485,22.540958]]]}},{"type":"Feature","properties":{"oid":"way/996615439","name":null,"zh":null,"en":null,"levels":null},"geometry":{"type":"Polygon","coordinates":[[[114.094983,22.540958],[114.094988,22.540832],[114.095095,22.540836],[114.09509,22.540961],[114.094983,22.540958]]]}},{"type":"Feature","properties":{"oid":"way/996615440","name":null,"zh":null,"en":null,"levels":null},"geometry":{"type":"Polygon","coordinates":[[[114.09471,22.54079],[114.094716,22.540647],[114.094829,22.540651],[114.094823,22.540794],[114.09471,22.54079]]]}},{"type":"Feature","properties":{"oid":"way/996615441","name":null,"zh":null,"en":null,"levels":null},"geometry":{"type":"Polygon","coordinates":[[[114.094853,22.540795],[114.094857,22.540641],[114.094965,22.540644],[114.094961,22.540798],[114.094853,22.540795]]]}},{"type":"Feature","properties":{"oid":"way/996615442","name":null,"zh":null,"en":null,"levels":null},"geometry":{"type":"Polygon","coordinates":[[[114.094989,22.540797],[114.094996,22.540649],[114.095103,22.540654],[114.095096,22.540801],[114.094989,22.540797]]]}},{"type":"Feature","properties":{"oid":"way/996615443","name":null,"zh":null,"en":null,"levels":null},"geometry":{"type":"Polygon","coordinates":[[[114.093909,22.540457],[114.094033,22.540458],[114.094031,22.540599],[114.093906,22.540597],[114.093909,22.540457]]]}},{"type":"Feature","properties":{"oid":"way/996615444","name":null,"zh":null,"en":null,"levels":null},"geometry":{"type":"Polygon","coordinates":[[[114.094068,22.540599],[114.094071,22.540461],[114.094176,22.540463],[114.094174,22.540601],[114.094068,22.540599]]]}},{"type":"Feature","properties":{"oid":"way/996615445","name":null,"zh":null,"en":null,"levels":null},"geometry":{"type":"Polygon","coordinates":[[[114.094206,22.540598],[114.094208,22.540463],[114.094309,22.540464],[114.094307,22.540599],[114.094206,22.540598]]]}},{"type":"Feature","properties":{"oid":"way/996615446","name":null,"zh":null,"en":null,"levels":null},"geometry":{"type":"Polygon","coordinates":[[[114.094334,22.540599],[114.094337,22.54046],[114.09444,22.540462],[114.094438,22.5406],[114.094334,22.540599]]]}},{"type":"Feature","properties":{"oid":"way/996615447","name":null,"zh":null,"en":null,"levels":null},"geometry":{"type":"Polygon","coordinates":[[[114.093901,22.540773],[114.093907,22.540632],[114.094032,22.540636],[114.094026,22.540777],[114.093901,22.540773]]]}},{"type":"Feature","properties":{"oid":"way/996615448","name":null,"zh":null,"en":null,"levels":null},"geometry":{"type":"Polygon","coordinates":[[[114.094058,22.540775],[114.094062,22.540639],[114.094165,22.540642],[114.094161,22.540778],[114.094058,22.540775]]]}},{"type":"Feature","properties":{"oid":"way/996615449","name":null,"zh":null,"en":null,"levels":null},"geometry":{"type":"Polygon","coordinates":[[[114.094194,22.540778],[114.094197,22.540645],[114.094297,22.540647],[114.094294,22.54078],[114.094194,22.540778]]]}},{"type":"Feature","properties":{"oid":"way/996615450","name":null,"zh":null,"en":null,"levels":null},"geometry":{"type":"Polygon","coordinates":[[[114.094193,22.540817],[114.094299,22.540819],[114.094296,22.540952],[114.09419,22.54095],[114.094193,22.540817]]]}},{"type":"Feature","properties":{"oid":"way/996615451","name":null,"zh":null,"en":null,"levels":null},"geometry":{"type":"Polygon","coordinates":[[[114.093892,22.540948],[114.093896,22.540812],[114.09402,22.540815],[114.094017,22.540951],[114.093892,22.540948]]]}},{"type":"Feature","properties":{"oid":"way/996615452","name":null,"zh":null,"en":null,"levels":null},"geometry":{"type":"Polygon","coordinates":[[[114.09406,22.540817],[114.09416,22.540819],[114.094157,22.540955],[114.094057,22.540953],[114.09406,22.540817]]]}},{"type":"Feature","properties":{"oid":"way/996615453","name":null,"zh":null,"en":null,"levels":null},"geometry":{"type":"Polygon","coordinates":[[[114.094469,22.540463],[114.094569,22.540464],[114.094566,22.540604],[114.094466,22.540602],[114.094469,22.540463]]]}},{"type":"Feature","properties":{"oid":"way/996615454","name":null,"zh":null,"en":null,"levels":null},"geometry":{"type":"Polygon","coordinates":[[[114.094594,22.540601],[114.094597,22.540469],[114.094693,22.540471],[114.09469,22.540603],[114.094594,22.540601]]]}},{"type":"Feature","properties":{"oid":"way/996615455","name":null,"zh":null,"en":null,"levels":null},"geometry":{"type":"Polygon","coordinates":[[[114.094722,22.540603],[114.094724,22.540468],[114.094831,22.54047],[114.094829,22.540605],[114.094722,22.540603]]]}},{"type":"Feature","properties":{"oid":"way/996615456","name":null,"zh":null,"en":null,"levels":null},"geometry":{"type":"Polygon","coordinates":[[[114.094856,22.540605],[114.094858,22.540471],[114.094963,22.540472],[114.094961,22.540607],[114.094856,22.540605]]]}},{"type":"Feature","properties":{"oid":"way/996615457","name":null,"zh":null,"en":null,"levels":null},"geometry":{"type":"Polygon","coordinates":[[[114.094989,22.540606],[114.094991,22.540469],[114.095103,22.540471],[114.095102,22.540607],[114.094989,22.540606]]]}},{"type":"Feature","properties":{"oid":"way/1002180895","name":null,"zh":null,"en":null,"levels":null},"geometry":{"type":"Polygon","coordinates":[[[114.095393,22.541498],[114.095341,22.541321],[114.095436,22.541298],[114.095488,22.541474],[114.095393,22.541498]]]}},{"type":"Feature","properties":{"oid":"way/1002180896","name":null,"zh":null,"en":null,"levels":null},"geometry":{"type":"Polygon","coordinates":[[[114.095353,22.541654],[114.095322,22.54155],[114.095413,22.541527],[114.095443,22.541631],[114.095353,22.541654]]]}},{"type":"Feature","properties":{"oid":"way/1002180897","name":null,"zh":null,"en":null,"levels":null},"geometry":{"type":"Polygon","coordinates":[[[114.095483,22.54162],[114.095449,22.541513],[114.095544,22.541487],[114.095578,22.541595],[114.095483,22.54162]]]}},{"type":"Feature","properties":{"oid":"way/1002180898","name":null,"zh":null,"en":null,"levels":null},"geometry":{"type":"Polygon","coordinates":[[[114.095571,22.541485],[114.095668,22.54146],[114.095699,22.541565],[114.095602,22.54159],[114.095571,22.541485]]]}},{"type":"Feature","properties":{"oid":"way/1120219570","name":null,"zh":null,"en":null,"levels":null},"geometry":{"type":"Polygon","coordinates":[[[114.081297,22.54124],[114.081297,22.541148],[114.081459,22.541147],[114.08146,22.541239],[114.081297,22.54124]]]}},{"type":"Feature","properties":{"oid":"way/1239038557","name":null,"zh":null,"en":null,"levels":null},"geometry":{"type":"Polygon","coordinates":[[[114.094033,22.545332],[114.094083,22.544446],[114.094201,22.544451],[114.094149,22.545338],[114.094033,22.545332]]]}},{"type":"Feature","properties":{"oid":"way/1239038558","name":null,"zh":null,"en":null,"levels":null},"geometry":{"type":"Polygon","coordinates":[[[114.094474,22.544915],[114.094478,22.54476],[114.095027,22.54477],[114.095024,22.544925],[114.094474,22.544915]]]}},{"type":"Feature","properties":{"oid":"way/1239038559","name":null,"zh":null,"en":null,"levels":null},"geometry":{"type":"Polygon","coordinates":[[[114.094414,22.544557],[114.094418,22.544341],[114.094983,22.54435],[114.094978,22.544566],[114.094414,22.544557]]]}},{"type":"Feature","properties":{"oid":"way/1239038560","name":"深圳市信访局","zh":"深圳市信访局","en":null,"levels":null},"geometry":{"type":"Polygon","coordinates":[[[114.094316,22.545004],[114.09477,22.545012],[114.094761,22.545441],[114.094307,22.545433],[114.094316,22.545004]]]}},{"type":"Feature","properties":{"oid":"way/1239038561","name":null,"zh":null,"en":null,"levels":null},"geometry":{"type":"Polygon","coordinates":[[[114.094286,22.546071],[114.09429,22.54581],[114.094379,22.545811],[114.094595,22.545972],[114.094593,22.546074],[114.094286,22.546071]]]}},{"type":"Feature","properties":{"oid":"way/1239038562","name":null,"zh":null,"en":null,"levels":null},"geometry":{"type":"Polygon","coordinates":[[[114.094634,22.54611],[114.094636,22.545976],[114.094931,22.54598],[114.094934,22.545729],[114.09501,22.54573],[114.095005,22.546053],[114.094718,22.546049],[114.094718,22.546111],[114.094634,22.54611]]]}},{"type":"Feature","properties":{"oid":"way/1239038565","name":null,"zh":null,"en":null,"levels":null},"geometry":{"type":"Polygon","coordinates":[[[114.094498,22.546358],[114.09449,22.54616],[114.094947,22.546146],[114.094952,22.546285],[114.09478,22.546291],[114.094787,22.546462],[114.094594,22.546496],[114.094547,22.546452],[114.094546,22.546422],[114.09453,22.546422],[114.094527,22.546357],[114.094498,22.546358]]]}},{"type":"Feature","properties":{"oid":"way/1239052955","name":null,"zh":null,"en":null,"levels":31},"geometry":{"type":"Polygon","coordinates":[[[114.08978,22.545189],[114.089781,22.545127],[114.089808,22.545127],[114.089808,22.545104],[114.089836,22.545104],[114.089837,22.545038],[114.089781,22.545037],[114.089783,22.544944],[114.089834,22.544945],[114.089834,22.544963],[114.089898,22.544964],[114.089898,22.544951],[114.090048,22.544953],[114.090048,22.544964],[114.090117,22.544965],[114.090117,22.544948],[114.090178,22.544949],[114.090176,22.545053],[114.090106,22.545052],[114.090105,22.545118],[114.090134,22.545119],[114.090133,22.545144],[114.090165,22.545145],[114.090163,22.545196],[114.08978,22.545189]]]}},{"type":"Feature","properties":{"oid":"way/1252231013","name":"中信国际大厦","zh":"中信国际大厦","en":null,"levels":52},"geometry":{"type":"Polygon","coordinates":[[[114.088856,22.542821],[114.088861,22.542345],[114.089388,22.54235],[114.089388,22.542366],[114.089384,22.542806],[114.089383,22.542826],[114.088856,22.542821]]]}},{"type":"Feature","properties":{"oid":"way/1252231014","name":"中信国际大厦·信荟","zh":"中信国际大厦·信荟","en":null,"levels":6},"geometry":{"type":"Polygon","coordinates":[[[114.090411,22.542375],[114.090411,22.542413],[114.089833,22.54281],[114.089741,22.542809],[114.089384,22.542806],[114.089388,22.542366],[114.090411,22.542375]]]}},{"type":"Feature","properties":{"oid":"way/1252773699","name":"永辉楼","zh":"永辉楼","en":null,"levels":null},"geometry":{"type":"Polygon","coordinates":[[[114.091562,22.540925],[114.091529,22.540898],[114.091556,22.54087],[114.091534,22.540851],[114.09156,22.540824],[114.091558,22.540789],[114.091531,22.540764],[114.091555,22.540742],[114.091532,22.54072],[114.091557,22.540698],[114.091571,22.540711],[114.091611,22.540674],[114.091645,22.540705],[114.091712,22.540707],[114.091742,22.540675],[114.091767,22.540695],[114.091787,22.540673],[114.091846,22.540719],[114.09182,22.540748],[114.091842,22.540766],[114.091818,22.540792],[114.091816,22.540827],[114.091852,22.540853],[114.091828,22.540883],[114.091853,22.540901],[114.091824,22.540936],[114.091702,22.54085],[114.091638,22.540847],[114.091562,22.540925]]]}},{"type":"Feature","properties":{"oid":"way/1252773700","name":"永富楼","zh":"永富楼","en":null,"levels":null},"geometry":{"type":"Polygon","coordinates":[[[114.091554,22.54131],[114.091521,22.541284],[114.091548,22.541256],[114.091526,22.541237],[114.091552,22.54121],[114.09155,22.541174],[114.091523,22.541149],[114.091547,22.541127],[114.091524,22.541106],[114.091549,22.541084],[114.091563,22.541097],[114.091603,22.541059],[114.091637,22.541091],[114.091704,22.541092],[114.091734,22.54106],[114.091759,22.54108],[114.091779,22.541059],[114.091838,22.541104],[114.091812,22.541133],[114.091834,22.541151],[114.09181,22.541178],[114.091808,22.541213],[114.091845,22.541239],[114.09182,22.541269],[114.091845,22.541286],[114.091816,22.541322],[114.091694,22.541235],[114.09163,22.541233],[114.091554,22.54131]]]}},{"type":"Feature","properties":{"oid":"way/1252773701","name":"永裕楼","zh":"永裕楼","en":null,"levels":null},"geometry":{"type":"Polygon","coordinates":[[[114.091583,22.540528],[114.09155,22.540501],[114.091577,22.540473],[114.091555,22.540454],[114.091581,22.540427],[114.091579,22.540392],[114.091552,22.540367],[114.091576,22.540345],[114.091553,22.540324],[114.091578,22.540301],[114.091592,22.540314],[114.091632,22.540277],[114.091666,22.540309],[114.091733,22.54031],[114.091763,22.540278],[114.091788,22.540298],[114.091808,22.540276],[114.091867,22.540322],[114.091841,22.540351],[114.091863,22.540369],[114.091839,22.540395],[114.091837,22.54043],[114.091873,22.540456],[114.091849,22.540486],[114.091874,22.540504],[114.091845,22.540539],[114.091723,22.540453],[114.091659,22.54045],[114.091583,22.540528]]]}},{"type":"Feature","properties":{"oid":"way/1252773705","name":"巴登市场商住楼","zh":"巴登市场商住楼","en":null,"levels":null},"geometry":{"type":"Polygon","coordinates":[[[114.09249,22.540531],[114.092492,22.540376],[114.092425,22.540376],[114.092426,22.540232],[114.092799,22.540234],[114.092796,22.540514],[114.092634,22.540513],[114.092633,22.540532],[114.09249,22.540531]]]}},{"type":"Feature","properties":{"oid":"way/1252773724","name":null,"zh":null,"en":null,"levels":null},"geometry":{"type":"Polygon","coordinates":[[[114.082399,22.542052],[114.082265,22.54205],[114.082268,22.541923],[114.082402,22.541926],[114.082399,22.542052]]]}},{"type":"Feature","properties":{"oid":"way/1252773726","name":"医技楼","zh":"医技楼","en":null,"levels":null},"geometry":{"type":"Polygon","coordinates":[[[114.080334,22.539582],[114.080012,22.539577],[114.080019,22.539166],[114.080341,22.53917],[114.080334,22.539582]]]}},{"type":"Feature","properties":{"oid":"way/1252773727","name":"综合楼","zh":"综合楼","en":null,"levels":null},"geometry":{"type":"Polygon","coordinates":[[[114.079816,22.540152],[114.079513,22.540146],[114.079523,22.539658],[114.079826,22.539664],[114.079816,22.540152]]]}},{"type":"Feature","properties":{"oid":"way/1252773728","name":"生殖健康科","zh":"生殖健康科","en":null,"levels":null},"geometry":{"type":"Polygon","coordinates":[[[114.080912,22.539567],[114.080494,22.539567],[114.080494,22.539369],[114.080912,22.539369],[114.080912,22.539567]]]}},{"type":"Feature","properties":{"oid":"way/1252773729","name":"门诊楼","zh":"门诊楼","en":null,"levels":null},"geometry":{"type":"Polygon","coordinates":[[[114.080929,22.540175],[114.079948,22.540161],[114.079956,22.539702],[114.080937,22.539716],[114.080929,22.540175]]]}},{"type":"Feature","properties":{"oid":"way/1258089060","name":"A座","zh":"A座","en":"Block A","levels":30},"geometry":{"type":"Polygon","coordinates":[[[114.093463,22.539644],[114.093484,22.539626],[114.093509,22.539651],[114.093528,22.539634],[114.093542,22.539648],[114.093583,22.539613],[114.093562,22.539592],[114.093581,22.539575],[114.093559,22.539554],[114.093589,22.539528],[114.09365,22.539587],[114.09368,22.53959],[114.093738,22.539534],[114.093764,22.539556],[114.093735,22.539584],[114.093752,22.539599],[114.09374,22.53961],[114.093779,22.539644],[114.093791,22.539632],[114.093816,22.539654],[114.093837,22.539634],[114.093856,22.539651],[114.093811,22.539695],[114.093809,22.539756],[114.093851,22.539793],[114.093829,22.539814],[114.093804,22.539792],[114.09379,22.539804],[114.093772,22.539787],[114.093733,22.539824],[114.093746,22.539836],[114.093726,22.539855],[114.093753,22.539879],[114.09373,22.5399],[114.093706,22.539879],[114.093616,22.539873],[114.09358,22.539902],[114.093556,22.539875],[114.093575,22.53986],[114.09356,22.539843],[114.093571,22.539835],[114.093538,22.5398],[114.093521,22.539813],[114.093504,22.539795],[114.093483,22.539811],[114.093458,22.539784],[114.093515,22.53974],[114.093519,22.539699],[114.093463,22.539644]]]}},{"type":"Feature","properties":{"oid":"way/1258089061","name":"B座","zh":"B座","en":"Block B","levels":30},"geometry":{"type":"Polygon","coordinates":[[[114.092742,22.53962],[114.092763,22.539601],[114.092788,22.539626],[114.092806,22.53961],[114.092821,22.539624],[114.092861,22.539588],[114.09284,22.539568],[114.09286,22.539551],[114.092838,22.539529],[114.092868,22.539503],[114.092928,22.539562],[114.092959,22.539565],[114.093016,22.539509],[114.093042,22.539532],[114.093014,22.539559],[114.09303,22.539574],[114.093019,22.539586],[114.093057,22.53962],[114.093069,22.539608],[114.093094,22.53963],[114.093115,22.539609],[114.093135,22.539627],[114.09309,22.539671],[114.093088,22.539731],[114.09313,22.539769],[114.093108,22.53979],[114.093082,22.539767],[114.093069,22.53978],[114.09305,22.539763],[114.093011,22.5398],[114.093024,22.539812],[114.093005,22.53983],[114.093031,22.539854],[114.093008,22.539876],[114.092984,22.539854],[114.092895,22.539849],[114.092859,22.539878],[114.092834,22.539851],[114.092854,22.539835],[114.092839,22.539819],[114.092849,22.53981],[114.092817,22.539775],[114.0928,22.539789],[114.092782,22.53977],[114.092762,22.539787],[114.092737,22.53976],[114.092793,22.539715],[114.092798,22.539675],[114.092742,22.53962]]]}},{"type":"Feature","properties":{"oid":"way/1258089068","name":"40栋","zh":"40栋","en":"Block 40","levels":8},"geometry":{"type":"Polygon","coordinates":[[[114.093477,22.538824],[114.093556,22.538802],[114.093553,22.538741],[114.093517,22.538733],[114.09353,22.538671],[114.093659,22.538673],[114.09367,22.538734],[114.09363,22.538746],[114.093628,22.538804],[114.093711,22.538829],[114.09369,22.538894],[114.093614,22.538872],[114.093569,22.538871],[114.093491,22.538896],[114.093477,22.538824]]]}},{"type":"Feature","properties":{"oid":"way/1258089069","name":"42栋","zh":"42栋","en":"Block 42","levels":8},"geometry":{"type":"Polygon","coordinates":[[[114.092969,22.538804],[114.093048,22.538782],[114.093044,22.538721],[114.093009,22.538713],[114.093022,22.538651],[114.09315,22.538653],[114.093162,22.538714],[114.093121,22.538726],[114.093119,22.538784],[114.093203,22.538809],[114.093181,22.538874],[114.093105,22.538852],[114.093061,22.538851],[114.092982,22.538876],[114.092969,22.538804]]]}},{"type":"Feature","properties":{"oid":"way/1258089070","name":"41栋","zh":"41栋","en":"Block 41","levels":8},"geometry":{"type":"Polygon","coordinates":[[[114.093229,22.538805],[114.093308,22.538783],[114.093305,22.538723],[114.093269,22.538714],[114.093282,22.538652],[114.093411,22.538655],[114.093422,22.538715],[114.093382,22.538727],[114.09338,22.538785],[114.093463,22.538811],[114.093442,22.538875],[114.093366,22.538853],[114.093321,22.538852],[114.093243,22.538877],[114.093229,22.538805]]]}},{"type":"Feature","properties":{"oid":"way/1258137565","name":"38栋","zh":"38栋","en":"Block 38","levels":8},"geometry":{"type":"Polygon","coordinates":[[[114.094124,22.538832],[114.094112,22.538758],[114.094146,22.538749],[114.094148,22.538757],[114.094191,22.538751],[114.09419,22.538702],[114.094174,22.538703],[114.094174,22.538652],[114.094236,22.538652],[114.094237,22.538701],[114.094267,22.538701],[114.094268,22.538647],[114.094334,22.538648],[114.094332,22.538703],[114.094312,22.538703],[114.094309,22.538747],[114.094351,22.538759],[114.094354,22.538751],[114.094388,22.538762],[114.094372,22.538792],[114.094389,22.538799],[114.094376,22.538834],[114.09427,22.538808],[114.094273,22.538792],[114.094207,22.538791],[114.09421,22.538812],[114.094124,22.538832]]]}},{"type":"Feature","properties":{"oid":"way/1258137566","name":"39栋","zh":"39栋","en":"Block 39","levels":8},"geometry":{"type":"Polygon","coordinates":[[[114.093808,22.538852],[114.093796,22.538778],[114.09383,22.538769],[114.093832,22.538777],[114.093875,22.53877],[114.093874,22.538722],[114.093858,22.538722],[114.093858,22.538675],[114.09392,22.538674],[114.093921,22.53872],[114.093948,22.53872],[114.093948,22.538674],[114.094018,22.538674],[114.094015,22.538722],[114.093996,22.538722],[114.093993,22.538767],[114.094035,22.538778],[114.094038,22.538771],[114.094071,22.538781],[114.094056,22.538811],[114.094073,22.538818],[114.09406,22.538853],[114.093954,22.538828],[114.093957,22.538812],[114.093891,22.538811],[114.093894,22.538832],[114.093808,22.538852]]]}},{"type":"Feature","properties":{"oid":"way/1258137567","name":"37栋","zh":"37栋","en":"Block 37","levels":8},"geometry":{"type":"Polygon","coordinates":[[[114.094438,22.538802],[114.094426,22.538728],[114.09446,22.538719],[114.094462,22.538727],[114.094505,22.53872],[114.094503,22.538672],[114.094488,22.538672],[114.094487,22.538625],[114.09455,22.538624],[114.094551,22.53867],[114.094578,22.538669],[114.094578,22.538623],[114.094647,22.538624],[114.094645,22.538672],[114.094625,22.538672],[114.094623,22.538716],[114.094665,22.538728],[114.094668,22.53872],[114.094701,22.538731],[114.094686,22.538761],[114.094703,22.538768],[114.09469,22.538803],[114.094584,22.538778],[114.094587,22.538762],[114.094521,22.53876],[114.094524,22.538782],[114.094438,22.538802]]]}},{"type":"Feature","properties":{"oid":"way/1258137568","name":"36栋","zh":"36栋","en":"Block 36","levels":8},"geometry":{"type":"Polygon","coordinates":[[[114.094752,22.538776],[114.094739,22.538702],[114.094773,22.538693],[114.094776,22.538701],[114.094819,22.538695],[114.094817,22.538646],[114.094802,22.538647],[114.094801,22.538599],[114.094864,22.538598],[114.094865,22.538645],[114.094891,22.538644],[114.094892,22.538598],[114.094961,22.538598],[114.094959,22.538647],[114.094939,22.538647],[114.094937,22.538691],[114.094979,22.538702],[114.094982,22.538695],[114.095015,22.538705],[114.095,22.538736],[114.095017,22.538743],[114.095004,22.538778],[114.094897,22.538752],[114.0949,22.538736],[114.094834,22.538735],[114.094837,22.538756],[114.094752,22.538776]]]}},{"type":"Feature","properties":{"oid":"way/1258137569","name":"35栋","zh":"35栋","en":"Block 35","levels":8},"geometry":{"type":"Polygon","coordinates":[[[114.094747,22.539074],[114.094735,22.539],[114.094769,22.53899],[114.094771,22.538999],[114.094814,22.538992],[114.094812,22.538944],[114.094797,22.538944],[114.094796,22.538897],[114.094859,22.538896],[114.09486,22.538942],[114.094887,22.538941],[114.094887,22.538895],[114.094956,22.538896],[114.094954,22.538944],[114.094934,22.538944],[114.094932,22.538988],[114.094974,22.539],[114.094977,22.538992],[114.09501,22.539003],[114.094995,22.539033],[114.095012,22.53904],[114.094999,22.539075],[114.094893,22.539049],[114.094896,22.539034],[114.094829,22.539032],[114.094833,22.539054],[114.094747,22.539074]]]}},{"type":"Feature","properties":{"oid":"way/1258137570","name":"34栋","zh":"34栋","en":"Block 34","levels":8},"geometry":{"type":"Polygon","coordinates":[[[114.094743,22.539362],[114.09473,22.539288],[114.094764,22.539279],[114.094767,22.539287],[114.09481,22.53928],[114.094808,22.539232],[114.094793,22.539232],[114.094792,22.539185],[114.094855,22.539184],[114.094856,22.53923],[114.094882,22.53923],[114.094883,22.539184],[114.094952,22.539184],[114.09495,22.539232],[114.09493,22.539232],[114.094928,22.539277],[114.094969,22.539288],[114.094973,22.539281],[114.095006,22.539291],[114.094991,22.539321],[114.095008,22.539328],[114.094995,22.539363],[114.094888,22.539338],[114.094891,22.539322],[114.094825,22.539321],[114.094828,22.539342],[114.094743,22.539362]]]}},{"type":"Feature","properties":{"oid":"way/1258137571","name":"33栋","zh":"33栋","en":"Block 33","levels":8},"geometry":{"type":"Polygon","coordinates":[[[114.094739,22.539692],[114.094727,22.539618],[114.094761,22.539609],[114.094763,22.539617],[114.094806,22.53961],[114.094805,22.539562],[114.094789,22.539562],[114.094789,22.539515],[114.094851,22.539514],[114.094852,22.53956],[114.094879,22.539559],[114.094879,22.539513],[114.094949,22.539514],[114.094946,22.539562],[114.094927,22.539562],[114.094924,22.539606],[114.094966,22.539618],[114.094969,22.53961],[114.095002,22.539621],[114.094987,22.539651],[114.095004,22.539658],[114.094991,22.539693],[114.094885,22.539667],[114.094888,22.539652],[114.094822,22.53965],[114.094825,22.539672],[114.094739,22.539692]]]}},{"type":"Feature","properties":{"oid":"way/1258137572","name":"32栋","zh":"32栋","en":"Block 32","levels":8},"geometry":{"type":"Polygon","coordinates":[[[114.094403,22.539688],[114.094391,22.539614],[114.094425,22.539605],[114.094427,22.539613],[114.09447,22.539606],[114.094469,22.539558],[114.094453,22.539558],[114.094452,22.539511],[114.094515,22.53951],[114.094516,22.539556],[114.094543,22.539555],[114.094543,22.539509],[114.094613,22.53951],[114.09461,22.539558],[114.094591,22.539558],[114.094588,22.539602],[114.09463,22.539614],[114.094633,22.539606],[114.094666,22.539617],[114.094651,22.539647],[114.094668,22.539654],[114.094655,22.539689],[114.094549,22.539664],[114.094552,22.539648],[114.094486,22.539646],[114.094489,22.539668],[114.094403,22.539688]]]}},{"type":"Feature","properties":{"oid":"way/1258137573","name":"31栋","zh":"31栋","en":"Block 31","levels":8},"geometry":{"type":"Polygon","coordinates":[[[114.094087,22.539681],[114.094074,22.539607],[114.094108,22.539598],[114.094111,22.539606],[114.094154,22.5396],[114.094152,22.539552],[114.094137,22.539552],[114.094136,22.539505],[114.094199,22.539504],[114.0942,22.53955],[114.094226,22.539549],[114.094227,22.539503],[114.094296,22.539503],[114.094294,22.539552],[114.094274,22.539552],[114.094272,22.539596],[114.094314,22.539608],[114.094317,22.5396],[114.09435,22.539611],[114.094335,22.539641],[114.094352,22.539648],[114.094339,22.539683],[114.094232,22.539657],[114.094235,22.539641],[114.094169,22.53964],[114.094172,22.539661],[114.094087,22.539681]]]}},{"type":"Feature","properties":{"oid":"way/1258137574","name":"49栋","zh":"49栋","en":"Block 49","levels":8},"geometry":{"type":"Polygon","coordinates":[[[114.091645,22.539648],[114.091633,22.539574],[114.091667,22.539565],[114.091669,22.539573],[114.091712,22.539567],[114.09171,22.539519],[114.091695,22.539519],[114.091694,22.539472],[114.091757,22.539471],[114.091758,22.539517],[114.091785,22.539516],[114.091785,22.53947],[114.091854,22.53947],[114.091852,22.539519],[114.091832,22.539519],[114.09183,22.539563],[114.091872,22.539575],[114.091875,22.539567],[114.091908,22.539578],[114.091893,22.539608],[114.09191,22.539615],[114.091897,22.53965],[114.091791,22.539624],[114.091794,22.539608],[114.091728,22.539607],[114.091731,22.539628],[114.091645,22.539648]]]}},{"type":"Feature","properties":{"oid":"way/1258137575","name":"50栋","zh":"50栋","en":"Block 50","levels":8},"geometry":{"type":"Polygon","coordinates":[[[114.091961,22.539655],[114.091949,22.539581],[114.091983,22.539572],[114.091985,22.53958],[114.092029,22.539573],[114.092027,22.539525],[114.092012,22.539525],[114.092011,22.539478],[114.092074,22.539477],[114.092074,22.539523],[114.092101,22.539522],[114.092101,22.539476],[114.092171,22.539477],[114.092169,22.539525],[114.092149,22.539525],[114.092146,22.539569],[114.092188,22.539581],[114.092192,22.539573],[114.092225,22.539584],[114.09221,22.539614],[114.092226,22.539621],[114.092213,22.539656],[114.092107,22.539631],[114.09211,22.539615],[114.092044,22.539613],[114.092047,22.539635],[114.091961,22.539655]]]}},{"type":"Feature","properties":{"oid":"way/1258137576","name":"51栋","zh":"51栋","en":"Block 51","levels":8},"geometry":{"type":"Polygon","coordinates":[[[114.092298,22.539659],[114.092285,22.539585],[114.092319,22.539576],[114.092321,22.539584],[114.092365,22.539577],[114.092363,22.539529],[114.092348,22.539529],[114.092347,22.539482],[114.09241,22.539481],[114.09241,22.539527],[114.092437,22.539526],[114.092438,22.53948],[114.092507,22.539481],[114.092505,22.539529],[114.092485,22.539529],[114.092483,22.539573],[114.092524,22.539585],[114.092528,22.539577],[114.092561,22.539588],[114.092546,22.539618],[114.092563,22.539625],[114.092549,22.53966],[114.092443,22.539634],[114.092446,22.539619],[114.09238,22.539617],[114.092383,22.539639],[114.092298,22.539659]]]}},{"type":"Feature","properties":{"oid":"way/1258137577","name":"45栋","zh":"45栋","en":"Block 45","levels":8},"geometry":{"type":"Polygon","coordinates":[[[114.091964,22.538764],[114.091952,22.53869],[114.091985,22.538681],[114.091988,22.538689],[114.092031,22.538683],[114.092029,22.538635],[114.092014,22.538635],[114.092013,22.538588],[114.092076,22.538587],[114.092077,22.538633],[114.092104,22.538632],[114.092104,22.538586],[114.092173,22.538586],[114.092171,22.538635],[114.092151,22.538635],[114.092149,22.538679],[114.092191,22.538691],[114.092194,22.538683],[114.092227,22.538694],[114.092212,22.538724],[114.092229,22.538731],[114.092216,22.538766],[114.092109,22.53874],[114.092113,22.538724],[114.092046,22.538723],[114.092049,22.538744],[114.091964,22.538764]]]}},{"type":"Feature","properties":{"oid":"way/1258137578","name":"44栋","zh":"44栋","en":"Block 44","levels":8},"geometry":{"type":"Polygon","coordinates":[[[114.092288,22.538786],[114.092276,22.538712],[114.09231,22.538703],[114.092312,22.538711],[114.092355,22.538704],[114.092354,22.538656],[114.092338,22.538656],[114.092338,22.538609],[114.0924,22.538608],[114.092401,22.538654],[114.092428,22.538653],[114.092428,22.538607],[114.092498,22.538608],[114.092495,22.538656],[114.092476,22.538656],[114.092473,22.5387],[114.092515,22.538712],[114.092518,22.538704],[114.092552,22.538715],[114.092536,22.538745],[114.092553,22.538752],[114.09254,22.538787],[114.092434,22.538761],[114.092437,22.538746],[114.092371,22.538744],[114.092374,22.538766],[114.092288,22.538786]]]}},{"type":"Feature","properties":{"oid":"way/1258137579","name":"43栋","zh":"43栋","en":"Block 43","levels":8},"geometry":{"type":"Polygon","coordinates":[[[114.092612,22.538818],[114.0926,22.538744],[114.092634,22.538735],[114.092636,22.538743],[114.092679,22.538737],[114.092678,22.538688],[114.092662,22.538689],[114.092662,22.538641],[114.092724,22.53864],[114.092725,22.538686],[114.092752,22.538686],[114.092752,22.53864],[114.092822,22.53864],[114.092819,22.538689],[114.0928,22.538689],[114.092797,22.538733],[114.092839,22.538744],[114.092842,22.538737],[114.092876,22.538747],[114.09286,22.538777],[114.092877,22.538784],[114.092864,22.538819],[114.092758,22.538794],[114.092761,22.538778],[114.092695,22.538777],[114.092698,22.538798],[114.092612,22.538818]]]}},{"type":"Feature","properties":{"oid":"way/1258137580","name":"48栋","zh":"48栋","en":"Block 48","levels":8},"geometry":{"type":"Polygon","coordinates":[[[114.091644,22.539318],[114.091632,22.539244],[114.091666,22.539235],[114.091668,22.539243],[114.091711,22.539236],[114.091709,22.539188],[114.091694,22.539188],[114.091693,22.539141],[114.091756,22.53914],[114.091757,22.539186],[114.091784,22.539186],[114.091784,22.53914],[114.091853,22.53914],[114.091851,22.539188],[114.091831,22.539188],[114.091829,22.539233],[114.091871,22.539244],[114.091874,22.539237],[114.091907,22.539247],[114.091892,22.539277],[114.091909,22.539284],[114.091896,22.539319],[114.09179,22.539294],[114.091793,22.539278],[114.091726,22.539277],[114.09173,22.539298],[114.091644,22.539318]]]}},{"type":"Feature","properties":{"oid":"way/1258137581","name":"46栋","zh":"46栋","en":"Block 46","levels":8},"geometry":{"type":"Polygon","coordinates":[[[114.091652,22.538732],[114.091639,22.538658],[114.091673,22.538649],[114.091676,22.538657],[114.091719,22.53865],[114.091717,22.538602],[114.091702,22.538602],[114.091701,22.538555],[114.091764,22.538554],[114.091765,22.5386],[114.091791,22.538599],[114.091792,22.538553],[114.091861,22.538554],[114.091859,22.538602],[114.091839,22.538602],[114.091837,22.538646],[114.091878,22.538658],[114.091882,22.53865],[114.091915,22.538661],[114.0919,22.538691],[114.091917,22.538698],[114.091904,22.538733],[114.091797,22.538708],[114.0918,22.538692],[114.091734,22.53869],[114.091737,22.538712],[114.091652,22.538732]]]}},{"type":"Feature","properties":{"oid":"way/1258137582","name":"47栋","zh":"47栋","en":"Block 47","levels":8},"geometry":{"type":"Polygon","coordinates":[[[114.09165,22.539028],[114.091637,22.538954],[114.091671,22.538945],[114.091674,22.538953],[114.091717,22.538946],[114.091715,22.538898],[114.0917,22.538898],[114.091699,22.538851],[114.091762,22.53885],[114.091763,22.538896],[114.091789,22.538896],[114.09179,22.538849],[114.091859,22.53885],[114.091857,22.538898],[114.091837,22.538898],[114.091835,22.538943],[114.091876,22.538954],[114.09188,22.538947],[114.091913,22.538957],[114.091898,22.538987],[114.091915,22.538994],[114.091902,22.539029],[114.091795,22.539004],[114.091798,22.538988],[114.091732,22.538987],[114.091735,22.539008],[114.09165,22.539028]]]}},{"type":"Feature","properties":{"oid":"way/1258137583","name":null,"zh":null,"en":null,"levels":null},"geometry":{"type":"Polygon","coordinates":[[[114.092798,22.539918],[114.092713,22.539861],[114.092715,22.539551],[114.092799,22.539493],[114.093785,22.53949],[114.093877,22.539528],[114.093871,22.539867],[114.093766,22.539933],[114.092798,22.539918]]]}},{"type":"Feature","properties":{"oid":"way/1258137584","name":null,"zh":null,"en":null,"levels":8},"geometry":{"type":"Polygon","coordinates":[[[114.091857,22.539958],[114.09186,22.539888],[114.091889,22.539889],[114.091889,22.5399],[114.091924,22.539901],[114.091927,22.539824],[114.091972,22.539825],[114.091972,22.539818],[114.091998,22.539819],[114.091995,22.539905],[114.092038,22.539906],[114.092039,22.539897],[114.092066,22.539898],[114.092063,22.539965],[114.091857,22.539958]]]}},{"type":"Feature","properties":{"oid":"way/1258137585","name":null,"zh":null,"en":null,"levels":8},"geometry":{"type":"Polygon","coordinates":[[[114.091596,22.539955],[114.091598,22.539884],[114.091628,22.539885],[114.091627,22.539897],[114.091663,22.539898],[114.091665,22.539821],[114.09171,22.539822],[114.09171,22.539815],[114.091737,22.539816],[114.091734,22.539902],[114.091777,22.539903],[114.091777,22.539894],[114.091804,22.539895],[114.091802,22.539961],[114.091596,22.539955]]]}},{"type":"Feature","properties":{"oid":"way/1258137586","name":null,"zh":null,"en":null,"levels":8},"geometry":{"type":"Polygon","coordinates":[[[114.092396,22.539969],[114.092398,22.539898],[114.092428,22.539899],[114.092427,22.539911],[114.092463,22.539912],[114.092465,22.539835],[114.09251,22.539836],[114.09251,22.539829],[114.092537,22.53983],[114.092534,22.539916],[114.092577,22.539917],[114.092577,22.539908],[114.092604,22.539909],[114.092602,22.539975],[114.092396,22.539969]]]}},{"type":"Feature","properties":{"oid":"way/1258137587","name":null,"zh":null,"en":null,"levels":8},"geometry":{"type":"Polygon","coordinates":[[[114.092128,22.539964],[114.092131,22.539893],[114.09216,22.539894],[114.09216,22.539905],[114.092195,22.539906],[114.092198,22.539829],[114.092243,22.539831],[114.092243,22.539823],[114.092269,22.539824],[114.092266,22.53991],[114.092309,22.539912],[114.09231,22.539903],[114.092337,22.539903],[114.092334,22.53997],[114.092128,22.539964]]]}},{"type":"Feature","properties":{"oid":"way/1258137588","name":null,"zh":null,"en":null,"levels":8},"geometry":{"type":"Polygon","coordinates":[[[114.094065,22.539988],[114.094067,22.539917],[114.094097,22.539918],[114.094096,22.539929],[114.094132,22.53993],[114.094134,22.539853],[114.094179,22.539855],[114.094179,22.539847],[114.094206,22.539848],[114.094203,22.539934],[114.094246,22.539936],[114.094246,22.539927],[114.094273,22.539927],[114.094271,22.539994],[114.094065,22.539988]]]}},{"type":"Feature","properties":{"oid":"way/1258137589","name":null,"zh":null,"en":null,"levels":8},"geometry":{"type":"Polygon","coordinates":[[[114.094336,22.539997],[114.094339,22.539926],[114.094368,22.539927],[114.094368,22.539939],[114.094403,22.53994],[114.094406,22.539863],[114.094451,22.539864],[114.094451,22.539857],[114.094477,22.539858],[114.094474,22.539944],[114.094517,22.539945],[114.094518,22.539936],[114.094545,22.539937],[114.094542,22.540003],[114.094336,22.539997]]]}},{"type":"Feature","properties":{"oid":"way/1258137590","name":null,"zh":null,"en":null,"levels":8},"geometry":{"type":"Polygon","coordinates":[[[114.0946,22.539999],[114.094603,22.539928],[114.094632,22.539929],[114.094632,22.53994],[114.094667,22.539941],[114.09467,22.539864],[114.094715,22.539866],[114.094715,22.539859],[114.094741,22.539859],[114.094738,22.539946],[114.094781,22.539947],[114.094782,22.539938],[114.094809,22.539939],[114.094806,22.540005],[114.0946,22.539999]]]}},{"type":"Feature","properties":{"oid":"way/1258137591","name":null,"zh":null,"en":null,"levels":8},"geometry":{"type":"Polygon","coordinates":[[[114.094863,22.540012],[114.094865,22.539942],[114.094895,22.539942],[114.094894,22.539954],[114.09493,22.539955],[114.094932,22.539878],[114.094977,22.539879],[114.094977,22.539872],[114.095004,22.539873],[114.095001,22.539959],[114.095044,22.53996],[114.095044,22.539951],[114.095071,22.539952],[114.095069,22.540018],[114.094863,22.540012]]]}},{"type":"Feature","properties":{"oid":"way/1258137592","name":"19栋","zh":"19栋","en":"Block 19","levels":8},"geometry":{"type":"Polygon","coordinates":[[[114.095703,22.538719],[114.095782,22.538697],[114.09578,22.538657],[114.09574,22.538647],[114.095751,22.538591],[114.095884,22.538592],[114.095896,22.538655],[114.095856,22.538658],[114.095854,22.538699],[114.095937,22.538725],[114.095916,22.538789],[114.095839,22.538767],[114.095795,22.538766],[114.095716,22.538791],[114.095703,22.538719]]]}},{"type":"Feature","properties":{"oid":"way/1258137593","name":"18栋","zh":"18栋","en":"Block 18","levels":8},"geometry":{"type":"Polygon","coordinates":[[[114.09598,22.538717],[114.096058,22.538695],[114.096057,22.538655],[114.096016,22.538645],[114.096027,22.538589],[114.09616,22.538591],[114.096173,22.538654],[114.096133,22.538656],[114.09613,22.538698],[114.096213,22.538723],[114.096192,22.538788],[114.096116,22.538766],[114.096072,22.538765],[114.095993,22.538789],[114.09598,22.538717]]]}},{"type":"Feature","properties":{"oid":"way/1258137598","name":"23栋","zh":"23栋","en":"Block 23","levels":8},"geometry":{"type":"Polygon","coordinates":[[[114.095449,22.539667],[114.095528,22.539645],[114.095526,22.539605],[114.095485,22.539595],[114.095497,22.539539],[114.095629,22.53954],[114.095642,22.539603],[114.095602,22.539606],[114.095599,22.539647],[114.095683,22.539673],[114.095661,22.539737],[114.095585,22.539715],[114.095541,22.539714],[114.095462,22.539739],[114.095449,22.539667]]]}},{"type":"Feature","properties":{"oid":"way/1258137599","name":"24栋","zh":"24栋","en":"Block 24","levels":8},"geometry":{"type":"Polygon","coordinates":[[[114.095746,22.539669],[114.095824,22.539647],[114.095823,22.539607],[114.095782,22.539597],[114.095793,22.539541],[114.095926,22.539542],[114.095939,22.539605],[114.095899,22.539608],[114.095896,22.539649],[114.095979,22.539675],[114.095958,22.539739],[114.095882,22.539717],[114.095838,22.539716],[114.095759,22.539741],[114.095746,22.539669]]]}},{"type":"Feature","properties":{"oid":"way/1258137608","name":"20栋","zh":"20栋","en":"Block 20","levels":8},"geometry":{"type":"Polygon","coordinates":[[[114.095463,22.538894],[114.095447,22.53883],[114.095531,22.538813],[114.095535,22.538726],[114.095604,22.538728],[114.095601,22.538812],[114.095688,22.538839],[114.095666,22.538896],[114.095562,22.538867],[114.095463,22.538894]]]}},{"type":"Feature","properties":{"oid":"way/1258137609","name":"21栋","zh":"21栋","en":"Block 21","levels":8},"geometry":{"type":"Polygon","coordinates":[[[114.095454,22.539162],[114.095438,22.539098],[114.095523,22.539081],[114.095527,22.538994],[114.095595,22.538996],[114.095593,22.53908],[114.09568,22.539107],[114.095658,22.539165],[114.095554,22.539135],[114.095454,22.539162]]]}},{"type":"Feature","properties":{"oid":"way/1258137610","name":"22栋","zh":"22栋","en":"Block 22","levels":8},"geometry":{"type":"Polygon","coordinates":[[[114.095448,22.539436],[114.095431,22.539372],[114.095516,22.539355],[114.09552,22.539268],[114.095588,22.53927],[114.095586,22.539354],[114.095673,22.539381],[114.095651,22.539438],[114.095547,22.539409],[114.095448,22.539436]]]}},{"type":"Feature","properties":{"oid":"way/1258137623","name":null,"zh":null,"en":null,"levels":null},"geometry":{"type":"Polygon","coordinates":[[[114.095574,22.539894],[114.096507,22.539898],[114.096507,22.540032],[114.095573,22.540028],[114.095574,22.539894]]]}},{"type":"Feature","properties":{"oid":"way/1258137628","name":"锦峰大厦","zh":"锦峰大厦","en":null,"levels":null},"geometry":{"type":"Polygon","coordinates":[[[114.090663,22.5391],[114.090639,22.539077],[114.090658,22.539059],[114.090637,22.539048],[114.090616,22.539029],[114.090628,22.539018],[114.090636,22.53844],[114.090817,22.538442],[114.090858,22.538529],[114.090916,22.538531],[114.090897,22.539003],[114.09091,22.539014],[114.090885,22.539037],[114.09085,22.539003],[114.090832,22.539019],[114.090881,22.539065],[114.090859,22.539085],[114.090853,22.539079],[114.09081,22.539082],[114.090781,22.539052],[114.090742,22.539056],[114.090718,22.539088],[114.090678,22.539087],[114.090663,22.5391]]]}},{"type":"Feature","properties":{"oid":"way/1258931693","name":"108栋","zh":"108栋","en":"Block 108","levels":null},"geometry":{"type":"Polygon","coordinates":[[[114.084202,22.546011],[114.084203,22.54593],[114.084406,22.545908],[114.084513,22.545898],[114.084729,22.545929],[114.084709,22.54601],[114.084513,22.545992],[114.084202,22.546011]]]}},{"type":"Feature","properties":{"oid":"way/1258931694","name":"华美大厦","zh":"华美大厦","en":"Huamei Building","levels":null},"geometry":{"type":"Polygon","coordinates":[[[114.08574,22.549132],[114.085743,22.548833],[114.08662,22.548841],[114.086617,22.54914],[114.08574,22.549132]]]}},{"type":"Feature","properties":{"oid":"way/1258931695","name":null,"zh":null,"en":null,"levels":null},"geometry":{"type":"Polygon","coordinates":[[[114.086859,22.548606],[114.086863,22.548441],[114.08693,22.548442],[114.086931,22.548416],[114.087636,22.548431],[114.087635,22.548459],[114.087696,22.54846],[114.087692,22.548617],[114.087639,22.548616],[114.087638,22.548654],[114.086924,22.548639],[114.086924,22.548607],[114.086859,22.548606]]]}},{"type":"Feature","properties":{"oid":"way/1258931696","name":null,"zh":null,"en":null,"levels":null},"geometry":{"type":"Polygon","coordinates":[[[114.086853,22.549042],[114.086857,22.548877],[114.086925,22.548878],[114.086925,22.548852],[114.087631,22.548867],[114.08763,22.548895],[114.08769,22.548896],[114.087686,22.549053],[114.087633,22.549052],[114.087633,22.54909],[114.086918,22.549075],[114.086919,22.549043],[114.086853,22.549042]]]}},{"type":"Feature","properties":{"oid":"way/1258931699","name":null,"zh":null,"en":null,"levels":null},"geometry":{"type":"Polygon","coordinates":[[[114.086272,22.547365],[114.086266,22.547674],[114.085836,22.547668],[114.085842,22.547359],[114.086272,22.547365]]]}},{"type":"Feature","properties":{"oid":"way/1258931700","name":null,"zh":null,"en":null,"levels":null},"geometry":{"type":"Polygon","coordinates":[[[114.085828,22.548625],[114.085831,22.548514],[114.085912,22.548516],[114.085912,22.548496],[114.086132,22.548501],[114.086131,22.548522],[114.086226,22.548524],[114.086223,22.548628],[114.086152,22.548627],[114.086152,22.54865],[114.08613,22.548649],[114.08613,22.54866],[114.085905,22.548655],[114.085905,22.548644],[114.085887,22.548643],[114.085888,22.548627],[114.085828,22.548625]]]}},{"type":"Feature","properties":{"oid":"way/1258931701","name":null,"zh":null,"en":null,"levels":null},"geometry":{"type":"Polygon","coordinates":[[[114.086283,22.548664],[114.086288,22.548535],[114.086308,22.548536],[114.086309,22.548518],[114.086548,22.548526],[114.086547,22.548543],[114.086582,22.548544],[114.086583,22.548533],[114.086602,22.548533],[114.086597,22.548659],[114.08657,22.548658],[114.086569,22.548681],[114.086548,22.548681],[114.086548,22.548691],[114.086321,22.548684],[114.086321,22.548673],[114.086303,22.548672],[114.086303,22.548665],[114.086283,22.548664]]]}},{"type":"Feature","properties":{"oid":"way/1258931702","name":null,"zh":null,"en":null,"levels":null},"geometry":{"type":"Polygon","coordinates":[[[114.087,22.546234],[114.087016,22.545702],[114.087186,22.545706],[114.08717,22.546238],[114.087,22.546234]]]}},{"type":"Feature","properties":{"oid":"way/1259425730","name":"科学馆站","zh":"科学馆站","en":"Science Museum Station","levels":0,"station":1,"c1":"#00AB39","c2":"#3ABCA8"},"geometry":{"type":"Polygon","coordinates":[[[114.089804,22.54325],[114.090771,22.543253],[114.090772,22.543101],[114.090589,22.5431],[114.09059,22.543004],[114.090791,22.543005],[114.090829,22.543005],[114.090894,22.543005],[114.090893,22.54325],[114.090868,22.54325],[114.090867,22.543458],[114.090891,22.543458],[114.09089,22.543669],[114.0906,22.543668],[114.090601,22.543567],[114.090754,22.543568],[114.090755,22.543414],[114.088871,22.543405],[114.08887,22.543552],[114.088909,22.543552],[114.088909,22.543605],[114.08877,22.543605],[114.088772,22.543241],[114.088752,22.543241],[114.088753,22.542992],[114.088952,22.542993],[114.088952,22.543045],[114.088895,22.543045],[114.088894,22.543245],[114.08967,22.543248],[114.089804,22.54325]]]}},{"type":"Feature","properties":{"oid":"way/1261371474","name":null,"zh":null,"en":null,"levels":null},"geometry":{"type":"Polygon","coordinates":[[[114.09595,22.540499],[114.095931,22.540349],[114.096035,22.540338],[114.096054,22.540487],[114.09595,22.540499]]]}},{"type":"Feature","properties":{"oid":"way/1261371476","name":null,"zh":null,"en":null,"levels":null},"geometry":{"type":"Polygon","coordinates":[[[114.095809,22.540511],[114.095795,22.540399],[114.095906,22.540387],[114.09592,22.540499],[114.095809,22.540511]]]}},{"type":"Feature","properties":{"oid":"way/1261371477","name":null,"zh":null,"en":null,"levels":null},"geometry":{"type":"Polygon","coordinates":[[[114.09584,22.540652],[114.095826,22.54054],[114.095937,22.540529],[114.095951,22.54064],[114.09584,22.540652]]]}},{"type":"Feature","properties":{"oid":"way/1261371478","name":null,"zh":null,"en":null,"levels":null},"geometry":{"type":"Polygon","coordinates":[[[114.095958,22.54064],[114.095945,22.540528],[114.096056,22.540517],[114.096069,22.540629],[114.095958,22.54064]]]}},{"type":"Feature","properties":{"oid":"way/1261371481","name":null,"zh":null,"en":null,"levels":null},"geometry":{"type":"Polygon","coordinates":[[[114.095983,22.540778],[114.095969,22.540666],[114.09608,22.540655],[114.096094,22.540767],[114.095983,22.540778]]]}},{"type":"Feature","properties":{"oid":"way/1261371482","name":null,"zh":null,"en":null,"levels":null},"geometry":{"type":"Polygon","coordinates":[[[114.095855,22.54079],[114.095841,22.540678],[114.095953,22.540667],[114.095966,22.540778],[114.095855,22.54079]]]}},{"type":"Feature","properties":{"oid":"way/1261371483","name":null,"zh":null,"en":null,"levels":null},"geometry":{"type":"Polygon","coordinates":[[[114.095875,22.540946],[114.09586,22.540821],[114.095982,22.540809],[114.095997,22.540934],[114.095875,22.540946]]]}},{"type":"Feature","properties":{"oid":"way/1261371484","name":null,"zh":null,"en":null,"levels":null},"geometry":{"type":"Polygon","coordinates":[[[114.096,22.540917],[114.095988,22.540803],[114.096098,22.540794],[114.096111,22.540905],[114.096,22.540917]]]}},{"type":"Feature","properties":{"oid":"way/1261371486","name":null,"zh":null,"en":null,"levels":null},"geometry":{"type":"Polygon","coordinates":[[[114.0959,22.54108],[114.095885,22.540955],[114.096008,22.540943],[114.096023,22.541068],[114.0959,22.54108]]]}},{"type":"Feature","properties":{"oid":"way/1261371490","name":null,"zh":null,"en":null,"levels":null},"geometry":{"type":"Polygon","coordinates":[[[114.095336,22.540428],[114.095339,22.540294],[114.095445,22.540295],[114.095443,22.54043],[114.095336,22.540428]]]}},{"type":"Feature","properties":{"oid":"way/1261371491","name":null,"zh":null,"en":null,"levels":null},"geometry":{"type":"Polygon","coordinates":[[[114.095499,22.540427],[114.095501,22.540293],[114.095606,22.540294],[114.095604,22.540428],[114.095499,22.540427]]]}},{"type":"Feature","properties":{"oid":"way/1261371492","name":null,"zh":null,"en":null,"levels":null},"geometry":{"type":"Polygon","coordinates":[[[114.095638,22.540431],[114.09564,22.540295],[114.095752,22.540296],[114.09575,22.540432],[114.095638,22.540431]]]}},{"type":"Feature","properties":{"oid":"way/1261371493","name":null,"zh":null,"en":null,"levels":null},"geometry":{"type":"Polygon","coordinates":[[[114.095336,22.540595],[114.095338,22.54046],[114.095445,22.540462],[114.095442,22.540596],[114.095336,22.540595]]]}},{"type":"Feature","properties":{"oid":"way/1261371494","name":null,"zh":null,"en":null,"levels":null},"geometry":{"type":"Polygon","coordinates":[[[114.095499,22.540593],[114.095501,22.540459],[114.095606,22.54046],[114.095604,22.540595],[114.095499,22.540593]]]}},{"type":"Feature","properties":{"oid":"way/1261371495","name":null,"zh":null,"en":null,"levels":null},"geometry":{"type":"Polygon","coordinates":[[[114.095638,22.540597],[114.095639,22.540461],[114.095752,22.540462],[114.09575,22.540599],[114.095638,22.540597]]]}},{"type":"Feature","properties":{"oid":"way/1261371496","name":null,"zh":null,"en":null,"levels":null},"geometry":{"type":"Polygon","coordinates":[[[114.09533,22.540747],[114.095332,22.540612],[114.095439,22.540614],[114.095436,22.540748],[114.09533,22.540747]]]}},{"type":"Feature","properties":{"oid":"way/1261371497","name":null,"zh":null,"en":null,"levels":null},"geometry":{"type":"Polygon","coordinates":[[[114.095493,22.540745],[114.095495,22.540611],[114.0956,22.540612],[114.095598,22.540747],[114.095493,22.540745]]]}},{"type":"Feature","properties":{"oid":"way/1261371498","name":null,"zh":null,"en":null,"levels":null},"geometry":{"type":"Polygon","coordinates":[[[114.095632,22.540749],[114.095633,22.540613],[114.095745,22.540614],[114.095744,22.540751],[114.095632,22.540749]]]}},{"type":"Feature","properties":{"oid":"way/1261371499","name":null,"zh":null,"en":null,"levels":null},"geometry":{"type":"Polygon","coordinates":[[[114.095318,22.54105],[114.09532,22.540915],[114.095427,22.540917],[114.095424,22.541052],[114.095318,22.54105]]]}},{"type":"Feature","properties":{"oid":"way/1261371500","name":null,"zh":null,"en":null,"levels":null},"geometry":{"type":"Polygon","coordinates":[[[114.095324,22.540898],[114.095326,22.540763],[114.095433,22.540765],[114.09543,22.5409],[114.095324,22.540898]]]}},{"type":"Feature","properties":{"oid":"way/1261371501","name":null,"zh":null,"en":null,"levels":null},"geometry":{"type":"Polygon","coordinates":[[[114.095481,22.541049],[114.095483,22.540914],[114.095588,22.540916],[114.095586,22.54105],[114.095481,22.541049]]]}},{"type":"Feature","properties":{"oid":"way/1261371502","name":null,"zh":null,"en":null,"levels":null},"geometry":{"type":"Polygon","coordinates":[[[114.095487,22.540897],[114.095489,22.540762],[114.095594,22.540764],[114.095592,22.540898],[114.095487,22.540897]]]}},{"type":"Feature","properties":{"oid":"way/1261371503","name":null,"zh":null,"en":null,"levels":null},"geometry":{"type":"Polygon","coordinates":[[[114.095633,22.540898],[114.095634,22.540761],[114.095747,22.540762],[114.095745,22.540899],[114.095633,22.540898]]]}},{"type":"Feature","properties":{"oid":"way/1261371504","name":null,"zh":null,"en":null,"levels":null},"geometry":{"type":"Polygon","coordinates":[[[114.095628,22.541053],[114.09563,22.540916],[114.095742,22.540918],[114.09574,22.541054],[114.095628,22.541053]]]}},{"type":"Feature","properties":{"oid":"way/1261371505","name":null,"zh":null,"en":null,"levels":null},"geometry":{"type":"Polygon","coordinates":[[[114.09576,22.541041],[114.095769,22.54083],[114.095821,22.540827],[114.09586,22.541038],[114.09576,22.541041]]]}},{"type":"Feature","properties":{"oid":"way/1261371506","name":null,"zh":null,"en":null,"levels":null},"geometry":{"type":"Polygon","coordinates":[[[114.095326,22.541077],[114.095456,22.541081],[114.095452,22.541221],[114.095321,22.541218],[114.095326,22.541077]]]}},{"type":"Feature","properties":{"oid":"way/1261371507","name":null,"zh":null,"en":null,"levels":null},"geometry":{"type":"Polygon","coordinates":[[[114.09548,22.541204],[114.095481,22.541071],[114.095588,22.541077],[114.095592,22.541193],[114.09548,22.541204]]]}},{"type":"Feature","properties":{"oid":"way/1261371508","name":null,"zh":null,"en":null,"levels":null},"geometry":{"type":"Polygon","coordinates":[[[114.095624,22.54108],[114.095733,22.541082],[114.095733,22.541155],[114.095622,22.541176],[114.095624,22.54108]]]}},{"type":"Feature","properties":{"oid":"way/1261371509","name":null,"zh":null,"en":null,"levels":null},"geometry":{"type":"Polygon","coordinates":[[[114.095764,22.541064],[114.095853,22.541064],[114.09586,22.541132],[114.095766,22.541148],[114.095764,22.541064]]]}},{"type":"Feature","properties":{"oid":"way/1261371511","name":null,"zh":null,"en":null,"levels":null},"geometry":{"type":"Polygon","coordinates":[[[114.095502,22.541471],[114.09545,22.541294],[114.095545,22.54127],[114.095597,22.541447],[114.095502,22.541471]]]}},{"type":"Feature","properties":{"oid":"way/1261371512","name":null,"zh":null,"en":null,"levels":null},"geometry":{"type":"Polygon","coordinates":[[[114.095605,22.541441],[114.095553,22.541264],[114.095648,22.541241],[114.0957,22.541417],[114.095605,22.541441]]]}},{"type":"Feature","properties":{"oid":"way/1261371513","name":null,"zh":null,"en":null,"levels":null},"geometry":{"type":"Polygon","coordinates":[[[114.095714,22.541414],[114.095662,22.541237],[114.095757,22.541213],[114.095809,22.54139],[114.095714,22.541414]]]}},{"type":"Feature","properties":{"oid":"way/1261371514","name":null,"zh":null,"en":null,"levels":null},"geometry":{"type":"Polygon","coordinates":[[[114.095812,22.541384],[114.09576,22.541207],[114.095855,22.541183],[114.095907,22.54136],[114.095812,22.541384]]]}},{"type":"Feature","properties":{"oid":"way/1261371515","name":null,"zh":null,"en":null,"levels":null},"geometry":{"type":"Polygon","coordinates":[[[114.095921,22.541357],[114.095869,22.54118],[114.095964,22.541156],[114.096016,22.541333],[114.095921,22.541357]]]}},{"type":"Feature","properties":{"oid":"way/1261371516","name":null,"zh":null,"en":null,"levels":null},"geometry":{"type":"Polygon","coordinates":[[[114.095979,22.541193],[114.096121,22.54115],[114.096164,22.541269],[114.096023,22.541313],[114.095979,22.541193]]]}},{"type":"Feature","properties":{"oid":"way/1271397212","name":null,"zh":null,"en":null,"levels":null},"geometry":{"type":"Polygon","coordinates":[[[114.084678,22.539461],[114.084722,22.539461],[114.084722,22.53945],[114.084802,22.53945],[114.084802,22.539462],[114.084915,22.539463],[114.084915,22.539452],[114.084989,22.539452],[114.084989,22.539464],[114.085076,22.539464],[114.085076,22.539456],[114.085149,22.539457],[114.085149,22.539469],[114.085266,22.53947],[114.085266,22.53946],[114.085333,22.539461],[114.085333,22.539473],[114.085378,22.539473],[114.085378,22.539552],[114.085315,22.539552],[114.085315,22.539564],[114.085275,22.539563],[114.085275,22.539548],[114.085127,22.539546],[114.085127,22.539559],[114.085089,22.539559],[114.085089,22.539547],[114.084969,22.539546],[114.084969,22.539558],[114.084931,22.539558],[114.084931,22.539544],[114.084781,22.539543],[114.084781,22.539553],[114.084745,22.539553],[114.084745,22.53954],[114.084678,22.53954],[114.084678,22.539461]]]}},{"type":"Feature","properties":{"oid":"way/1271397219","name":null,"zh":null,"en":null,"levels":null},"geometry":{"type":"Polygon","coordinates":[[[114.084442,22.53926],[114.08468,22.539264],[114.084679,22.53931],[114.08472,22.539342],[114.084692,22.539373],[114.084653,22.539343],[114.084653,22.539376],[114.084612,22.539375],[114.084612,22.539362],[114.084503,22.53936],[114.084503,22.539378],[114.08446,22.539377],[114.08446,22.539352],[114.08444,22.53935],[114.08443,22.539366],[114.084394,22.539335],[114.084417,22.53931],[114.084438,22.539322],[114.084442,22.53926]]]}},{"type":"Feature","properties":{"oid":"way/1271397220","name":null,"zh":null,"en":null,"levels":null},"geometry":{"type":"Polygon","coordinates":[[[114.084807,22.539255],[114.08484,22.539256],[114.08484,22.539241],[114.084916,22.539242],[114.084916,22.539254],[114.084946,22.539255],[114.084944,22.539346],[114.084916,22.539346],[114.084916,22.539355],[114.084836,22.539353],[114.084836,22.539345],[114.084805,22.539345],[114.084807,22.539255]]]}},{"type":"Feature","properties":{"oid":"way/1271397221","name":null,"zh":null,"en":null,"levels":null},"geometry":{"type":"Polygon","coordinates":[[[114.084985,22.539267],[114.085002,22.539267],[114.085002,22.539257],[114.085042,22.539257],[114.085042,22.539253],[114.085068,22.539253],[114.085068,22.539258],[114.085107,22.539258],[114.085107,22.539255],[114.085127,22.539255],[114.085127,22.539263],[114.085163,22.539263],[114.085162,22.539306],[114.085191,22.539306],[114.085192,22.539262],[114.085235,22.539262],[114.085235,22.539257],[114.085266,22.539258],[114.085266,22.539271],[114.085294,22.539271],[114.085295,22.539258],[114.085322,22.539258],[114.085322,22.539268],[114.085326,22.539268],[114.085326,22.539262],[114.08536,22.539262],[114.08536,22.539267],[114.085375,22.539267],[114.085374,22.539357],[114.085347,22.539357],[114.085347,22.539349],[114.08529,22.539349],[114.08529,22.539355],[114.085252,22.539354],[114.085252,22.539349],[114.085228,22.539349],[114.085228,22.539354],[114.08513,22.539354],[114.08513,22.539347],[114.085013,22.539346],[114.085013,22.539366],[114.084985,22.539366],[114.084985,22.539267]]]}},{"type":"Feature","properties":{"oid":"way/1271397222","name":null,"zh":null,"en":null,"levels":null},"geometry":{"type":"Polygon","coordinates":[[[114.085461,22.539362],[114.085463,22.539264],[114.085499,22.539265],[114.0855,22.539251],[114.085572,22.539252],[114.085571,22.539264],[114.085629,22.539265],[114.085629,22.53925],[114.085705,22.539251],[114.085705,22.539263],[114.085742,22.539264],[114.085741,22.539353],[114.08572,22.539352],[114.08572,22.539363],[114.08568,22.539362],[114.08568,22.539343],[114.085633,22.539342],[114.085632,22.539356],[114.085542,22.539355],[114.085542,22.539346],[114.085509,22.539345],[114.085509,22.539362],[114.085461,22.539362]]]}},{"type":"Feature","properties":{"oid":"way/1271397223","name":null,"zh":null,"en":null,"levels":null},"geometry":{"type":"Polygon","coordinates":[[[114.084343,22.538855],[114.084541,22.53886],[114.084534,22.539107],[114.084514,22.539106],[114.084514,22.539131],[114.084453,22.53913],[114.084452,22.539169],[114.084334,22.539166],[114.084343,22.538855]]]}},{"type":"Feature","properties":{"oid":"way/1271397224","name":null,"zh":null,"en":null,"levels":null},"geometry":{"type":"Polygon","coordinates":[[[114.084598,22.539084],[114.0846,22.538988],[114.084644,22.538989],[114.084644,22.539011],[114.084669,22.539011],[114.08467,22.538952],[114.084642,22.538951],[114.084644,22.538882],[114.084784,22.538885],[114.084783,22.538948],[114.084764,22.538947],[114.084762,22.53901],[114.084799,22.539011],[114.084799,22.538999],[114.084959,22.539003],[114.08496,22.538959],[114.084936,22.538958],[114.084938,22.538887],[114.085075,22.53889],[114.085073,22.53896],[114.085053,22.53896],[114.085052,22.539012],[114.085067,22.539013],[114.085068,22.538991],[114.085121,22.538993],[114.085118,22.539098],[114.085078,22.539097],[114.085078,22.539109],[114.08486,22.539104],[114.084861,22.539066],[114.084831,22.539065],[114.08483,22.539105],[114.084641,22.539101],[114.084642,22.539085],[114.084598,22.539084]]]}},{"type":"Feature","properties":{"oid":"way/1271397230","name":"华明阁","zh":"华明阁","en":null,"levels":30},"geometry":{"type":"Polygon","coordinates":[[[114.082571,22.538287],[114.082728,22.538289],[114.082728,22.538359],[114.082784,22.538409],[114.082864,22.53841],[114.082863,22.538485],[114.082738,22.538484],[114.082737,22.538563],[114.082588,22.538561],[114.082589,22.53848],[114.082542,22.538479],[114.082543,22.538371],[114.08257,22.538372],[114.082571,22.538287]]]}},{"type":"Feature","properties":{"oid":"way/1271397231","name":"华月阁","zh":"华月阁","en":null,"levels":30},"geometry":{"type":"Polygon","coordinates":[[[114.082557,22.538783],[114.082714,22.538785],[114.082714,22.538856],[114.08277,22.538905],[114.08285,22.538906],[114.082849,22.538982],[114.082724,22.53898],[114.082723,22.539059],[114.082574,22.539057],[114.082575,22.538976],[114.082528,22.538975],[114.082529,22.538868],[114.082556,22.538868],[114.082557,22.538783]]]}},{"type":"Feature","properties":{"oid":"way/1271397232","name":"华日阁","zh":"华日阁","en":null,"levels":30},"geometry":{"type":"Polygon","coordinates":[[[114.082148,22.538779],[114.082305,22.538781],[114.082305,22.538851],[114.082361,22.538901],[114.082441,22.538902],[114.08244,22.538977],[114.082315,22.538976],[114.082314,22.539055],[114.082165,22.539053],[114.082166,22.538972],[114.082119,22.538971],[114.08212,22.538864],[114.082147,22.538864],[114.082148,22.538779]]]}},{"type":"Feature","properties":{"oid":"way/1271397233","name":null,"zh":null,"en":null,"levels":null},"geometry":{"type":"Polygon","coordinates":[[[114.08211,22.538497],[114.082306,22.538284],[114.082871,22.538288],[114.082865,22.539076],[114.082106,22.539071],[114.08211,22.538497]]]}},{"type":"Feature","properties":{"oid":"way/1271397234","name":null,"zh":null,"en":null,"levels":null},"geometry":{"type":"Polygon","coordinates":[[[114.082865,22.537816],[114.08338,22.537825],[114.083379,22.537896],[114.083354,22.537896],[114.08335,22.538083],[114.082859,22.538074],[114.082865,22.537816]]]}},{"type":"Feature","properties":{"oid":"way/1271397235","name":"上步工贸大厦","zh":"上步工贸大厦","en":null,"levels":null},"geometry":{"type":"Polygon","coordinates":[[[114.083491,22.537829],[114.084062,22.537839],[114.084059,22.537976],[114.084094,22.537977],[114.084093,22.538028],[114.083452,22.538017],[114.083452,22.537973],[114.083488,22.537973],[114.083491,22.537829]]]}},{"type":"Feature","properties":{"oid":"way/1271397236","name":null,"zh":null,"en":null,"levels":null},"geometry":{"type":"Polygon","coordinates":[[[114.082262,22.537786],[114.08273,22.537784],[114.08273,22.537883],[114.082763,22.537883],[114.082764,22.538099],[114.082061,22.538102],[114.08206,22.537956],[114.082262,22.537955],[114.082262,22.537786]]]}},{"type":"Feature","properties":{"oid":"way/1271397238","name":"金宝阁","zh":"金宝阁","en":null,"levels":33},"geometry":{"type":"Polygon","coordinates":[[[114.08437,22.539888],[114.084371,22.539842],[114.084341,22.539842],[114.084342,22.539804],[114.084331,22.539804],[114.084336,22.539548],[114.084373,22.539549],[114.084373,22.539509],[114.084471,22.53951],[114.08447,22.539551],[114.084505,22.539552],[114.084504,22.539609],[114.084541,22.539609],[114.084538,22.539768],[114.084498,22.539767],[114.084497,22.539852],[114.08447,22.539852],[114.084469,22.53989],[114.08437,22.539888]]]}},{"type":"Feature","properties":{"oid":"way/1271397239","name":"金银阁","zh":"金银阁","en":null,"levels":33},"geometry":{"type":"Polygon","coordinates":[[[114.084359,22.540404],[114.08436,22.540358],[114.08433,22.540357],[114.084331,22.54032],[114.084321,22.540319],[114.084326,22.540064],[114.084362,22.540065],[114.084363,22.540025],[114.08446,22.540026],[114.08446,22.540067],[114.084494,22.540068],[114.084493,22.540125],[114.08453,22.540125],[114.084527,22.540284],[114.084488,22.540283],[114.084486,22.540368],[114.084459,22.540368],[114.084458,22.540405],[114.084359,22.540404]]]}},{"type":"Feature","properties":{"oid":"way/1271397240","name":null,"zh":null,"en":null,"levels":3},"geometry":{"type":"Polygon","coordinates":[[[114.084549,22.539502],[114.084539,22.540426],[114.084307,22.540423],[114.084317,22.5395],[114.084549,22.539502]]]}},{"type":"Feature","properties":{"oid":"way/1271397241","name":"18栋","zh":"18栋","en":"Block 18","levels":8},"geometry":{"type":"Polygon","coordinates":[[[114.082045,22.539722],[114.08203,22.539659],[114.082114,22.539637],[114.082113,22.539546],[114.082196,22.539546],[114.082194,22.539638],[114.082278,22.539656],[114.082257,22.539723],[114.082161,22.539696],[114.082136,22.539694],[114.082045,22.539722]]]}},{"type":"Feature","properties":{"oid":"way/1271397242","name":"21栋","zh":"21栋","en":"Block 21","levels":8},"geometry":{"type":"Polygon","coordinates":[[[114.082042,22.539969],[114.082027,22.539906],[114.082112,22.539883],[114.082111,22.539792],[114.082194,22.539792],[114.082191,22.539885],[114.082275,22.539903],[114.082254,22.539969],[114.082158,22.539943],[114.082134,22.53994],[114.082042,22.539969]]]}},{"type":"Feature","properties":{"oid":"way/1271397243","name":"24栋","zh":"24栋","en":"Block 24","levels":8},"geometry":{"type":"Polygon","coordinates":[[[114.08204,22.540224],[114.082026,22.540161],[114.08211,22.540139],[114.082109,22.540047],[114.082192,22.540047],[114.08219,22.54014],[114.082273,22.540158],[114.082252,22.540224],[114.082157,22.540198],[114.082132,22.540196],[114.08204,22.540224]]]}},{"type":"Feature","properties":{"oid":"way/1271397244","name":"31栋","zh":"31栋","en":"Block 31","levels":8},"geometry":{"type":"Polygon","coordinates":[[[114.082036,22.540527],[114.082028,22.540486],[114.082038,22.540484],[114.082033,22.540459],[114.082106,22.540443],[114.082103,22.540377],[114.082061,22.540364],[114.082072,22.540303],[114.082114,22.540312],[114.082116,22.540304],[114.082164,22.540304],[114.082164,22.540311],[114.082208,22.540306],[114.082218,22.540365],[114.082177,22.54037],[114.082175,22.540441],[114.082249,22.54046],[114.082237,22.540488],[114.082248,22.540494],[114.082235,22.540528],[114.08215,22.540505],[114.082153,22.540495],[114.082116,22.540495],[114.082117,22.540508],[114.082036,22.540527]]]}},{"type":"Feature","properties":{"oid":"way/1271397245","name":"30栋","zh":"30栋","en":"Block 30","levels":8},"geometry":{"type":"Polygon","coordinates":[[[114.082312,22.540529],[114.082304,22.540488],[114.082315,22.540485],[114.08231,22.540461],[114.082382,22.540445],[114.08238,22.540378],[114.082337,22.540365],[114.082348,22.540305],[114.082391,22.540314],[114.082393,22.540305],[114.082441,22.540306],[114.08244,22.540312],[114.082484,22.540308],[114.082495,22.540366],[114.082454,22.540372],[114.082451,22.540443],[114.082526,22.540461],[114.082514,22.54049],[114.082525,22.540495],[114.082511,22.540529],[114.082427,22.540507],[114.08243,22.540497],[114.082393,22.540496],[114.082394,22.54051],[114.082312,22.540529]]]}},{"type":"Feature","properties":{"oid":"way/1271397246","name":"17栋","zh":"17栋","en":"Block 17","levels":8},"geometry":{"type":"Polygon","coordinates":[[[114.082736,22.539673],[114.082724,22.539635],[114.082736,22.539632],[114.082729,22.539607],[114.0828,22.539579],[114.082802,22.539519],[114.082741,22.539504],[114.08277,22.539449],[114.082808,22.539456],[114.082813,22.539449],[114.082864,22.539449],[114.082865,22.539457],[114.082904,22.539449],[114.082913,22.539515],[114.082876,22.53952],[114.082869,22.539586],[114.082947,22.539608],[114.082938,22.539641],[114.082948,22.539644],[114.082937,22.539677],[114.082846,22.539653],[114.082848,22.539644],[114.082816,22.539644],[114.082818,22.539655],[114.082736,22.539673]]]}},{"type":"Feature","properties":{"oid":"way/1271397247","name":"16栋","zh":"16栋","en":"Block 16","levels":8},"geometry":{"type":"Polygon","coordinates":[[[114.083011,22.539672],[114.082999,22.539634],[114.083011,22.539632],[114.083004,22.539606],[114.083075,22.539579],[114.083077,22.539519],[114.083016,22.539503],[114.083045,22.539448],[114.083083,22.539456],[114.083088,22.539448],[114.083139,22.539449],[114.08314,22.539456],[114.083179,22.539449],[114.083188,22.539514],[114.083151,22.539519],[114.083144,22.539585],[114.083222,22.539607],[114.083213,22.53964],[114.083223,22.539643],[114.083212,22.539676],[114.083121,22.539652],[114.083123,22.539643],[114.083091,22.539643],[114.083093,22.539654],[114.083011,22.539672]]]}},{"type":"Feature","properties":{"oid":"way/1271397248","name":"15栋","zh":"15栋","en":"Block 15","levels":8},"geometry":{"type":"Polygon","coordinates":[[[114.083285,22.539674],[114.083273,22.539636],[114.083285,22.539633],[114.083278,22.539608],[114.083349,22.53958],[114.083351,22.53952],[114.08329,22.539504],[114.083319,22.53945],[114.083357,22.539457],[114.083362,22.53945],[114.083413,22.53945],[114.083414,22.539458],[114.083453,22.53945],[114.083462,22.539515],[114.083424,22.53952],[114.083418,22.539586],[114.083496,22.539609],[114.083486,22.539642],[114.083497,22.539645],[114.083485,22.539677],[114.083395,22.539654],[114.083397,22.539644],[114.083365,22.539644],[114.083367,22.539656],[114.083285,22.539674]]]}},{"type":"Feature","properties":{"oid":"way/1271397249","name":"14栋","zh":"14栋","en":"Block 14","levels":8},"geometry":{"type":"Polygon","coordinates":[[[114.083563,22.539684],[114.083551,22.539647],[114.083563,22.539644],[114.083555,22.539619],[114.083627,22.539591],[114.083629,22.539531],[114.083568,22.539515],[114.083597,22.53946],[114.083635,22.539468],[114.08364,22.53946],[114.083691,22.539461],[114.083692,22.539468],[114.083731,22.539461],[114.08374,22.539526],[114.083702,22.539531],[114.083696,22.539597],[114.083774,22.539619],[114.083764,22.539652],[114.083775,22.539656],[114.083763,22.539688],[114.083673,22.539665],[114.083674,22.539655],[114.083642,22.539655],[114.083645,22.539666],[114.083563,22.539684]]]}},{"type":"Feature","properties":{"oid":"way/1271397250","name":"13栋","zh":"13栋","en":"Block 13","levels":8},"geometry":{"type":"Polygon","coordinates":[[[114.083854,22.539684],[114.083843,22.539646],[114.083854,22.539643],[114.083847,22.539618],[114.083919,22.53959],[114.083921,22.53953],[114.083859,22.539515],[114.083888,22.53946],[114.083927,22.539467],[114.083932,22.53946],[114.083982,22.53946],[114.083983,22.539468],[114.084023,22.53946],[114.084032,22.539526],[114.083994,22.539531],[114.083988,22.539597],[114.084066,22.539619],[114.084056,22.539652],[114.084066,22.539655],[114.084055,22.539688],[114.083965,22.539664],[114.083966,22.539655],[114.083934,22.539655],[114.083937,22.539666],[114.083854,22.539684]]]}},{"type":"Feature","properties":{"oid":"way/1271397251","name":"20栋","zh":"20栋","en":"Block 20","levels":8},"geometry":{"type":"Polygon","coordinates":[[[114.082725,22.539941],[114.08271,22.539879],[114.082795,22.539856],[114.082794,22.539765],[114.082877,22.539765],[114.082875,22.539857],[114.082958,22.539875],[114.082937,22.539942],[114.082841,22.539915],[114.082817,22.539913],[114.082725,22.539941]]]}},{"type":"Feature","properties":{"oid":"way/1271397252","name":"23栋","zh":"23栋","en":"Block 23","levels":8},"geometry":{"type":"Polygon","coordinates":[[[114.082726,22.540206],[114.082712,22.540144],[114.082796,22.540121],[114.082795,22.54003],[114.082878,22.54003],[114.082876,22.540122],[114.082959,22.540141],[114.082938,22.540207],[114.082843,22.54018],[114.082818,22.540178],[114.082726,22.540206]]]}},{"type":"Feature","properties":{"oid":"way/1271397253","name":"29栋","zh":"29栋","en":"Block 29","levels":8},"geometry":{"type":"Polygon","coordinates":[[[114.082721,22.540532],[114.082713,22.540491],[114.082724,22.540489],[114.082719,22.540465],[114.082791,22.540449],[114.082789,22.540382],[114.082746,22.540369],[114.082757,22.540309],[114.0828,22.540317],[114.082802,22.540309],[114.082849,22.54031],[114.082849,22.540316],[114.082893,22.540312],[114.082904,22.54037],[114.082862,22.540375],[114.08286,22.540447],[114.082935,22.540465],[114.082922,22.540494],[114.082933,22.540499],[114.08292,22.540533],[114.082836,22.540511],[114.082838,22.540501],[114.082802,22.5405],[114.082803,22.540513],[114.082721,22.540532]]]}},{"type":"Feature","properties":{"oid":"way/1271397254","name":"28栋","zh":"28栋","en":"Block 28","levels":8},"geometry":{"type":"Polygon","coordinates":[[[114.082998,22.540534],[114.08299,22.540493],[114.083,22.540491],[114.082995,22.540466],[114.083068,22.54045],[114.083065,22.540384],[114.083023,22.540371],[114.083034,22.54031],[114.083076,22.540319],[114.083078,22.540311],[114.083126,22.540311],[114.083125,22.540318],[114.08317,22.540314],[114.08318,22.540372],[114.083139,22.540377],[114.083137,22.540448],[114.083211,22.540467],[114.083199,22.540495],[114.08321,22.540501],[114.083197,22.540535],[114.083112,22.540512],[114.083115,22.540502],[114.083078,22.540502],[114.083079,22.540515],[114.082998,22.540534]]]}},{"type":"Feature","properties":{"oid":"way/1271397255","name":"27栋","zh":"27栋","en":"Block 27","levels":8},"geometry":{"type":"Polygon","coordinates":[[[114.083273,22.540537],[114.083265,22.540496],[114.083276,22.540494],[114.083271,22.54047],[114.083343,22.540454],[114.083341,22.540387],[114.083298,22.540374],[114.083309,22.540314],[114.083352,22.540322],[114.083354,22.540314],[114.083402,22.540315],[114.083401,22.540321],[114.083445,22.540317],[114.083456,22.540375],[114.083414,22.540381],[114.083412,22.540452],[114.083487,22.54047],[114.083475,22.540499],[114.083486,22.540504],[114.083472,22.540538],[114.083388,22.540516],[114.083391,22.540506],[114.083354,22.540505],[114.083355,22.540518],[114.083273,22.540537]]]}},{"type":"Feature","properties":{"oid":"way/1271397256","name":"26栋","zh":"26栋","en":"Block 26","levels":8},"geometry":{"type":"Polygon","coordinates":[[[114.08355,22.540539],[114.083542,22.540498],[114.083553,22.540496],[114.083547,22.540472],[114.08362,22.540456],[114.083618,22.540389],[114.083575,22.540376],[114.083586,22.540315],[114.083629,22.540324],[114.08363,22.540316],[114.083678,22.540316],[114.083678,22.540323],[114.083722,22.540319],[114.083733,22.540377],[114.083691,22.540382],[114.083689,22.540453],[114.083763,22.540472],[114.083751,22.5405],[114.083762,22.540506],[114.083749,22.54054],[114.083665,22.540517],[114.083667,22.540507],[114.08363,22.540507],[114.083631,22.54052],[114.08355,22.540539]]]}},{"type":"Feature","properties":{"oid":"way/1271397257","name":"25栋","zh":"25栋","en":"Block 25","levels":8},"geometry":{"type":"Polygon","coordinates":[[[114.083837,22.540546],[114.08383,22.540505],[114.08384,22.540502],[114.083835,22.540478],[114.083907,22.540462],[114.083905,22.540395],[114.083863,22.540382],[114.083874,22.540322],[114.083916,22.540331],[114.083918,22.540322],[114.083966,22.540323],[114.083965,22.540329],[114.08401,22.540325],[114.08402,22.540383],[114.083979,22.540389],[114.083976,22.54046],[114.084051,22.540478],[114.084039,22.540507],[114.08405,22.540512],[114.084036,22.540546],[114.083952,22.540524],[114.083955,22.540514],[114.083918,22.540513],[114.083919,22.540527],[114.083837,22.540546]]]}},{"type":"Feature","properties":{"oid":"way/1271397258","name":"22栋","zh":"22栋","en":"Block 22","levels":8},"geometry":{"type":"Polygon","coordinates":[[[114.08384,22.540225],[114.083826,22.540162],[114.08391,22.54014],[114.083909,22.540048],[114.083992,22.540048],[114.08399,22.540141],[114.084073,22.540159],[114.084052,22.540226],[114.083957,22.540199],[114.083932,22.540197],[114.08384,22.540225]]]}},{"type":"Feature","properties":{"oid":"way/1271397259","name":"19栋","zh":"19栋","en":"Block 19","levels":8},"geometry":{"type":"Polygon","coordinates":[[[114.083839,22.53996],[114.083824,22.539897],[114.083909,22.539875],[114.083908,22.539783],[114.083991,22.539783],[114.083988,22.539876],[114.084072,22.539894],[114.084051,22.53996],[114.083955,22.539934],[114.083931,22.539932],[114.083839,22.53996]]]}},{"type":"Feature","properties":{"oid":"way/1271397261","name":"10栋","zh":"10栋","en":"Block 10","levels":8},"geometry":{"type":"Polygon","coordinates":[[[114.083854,22.539366],[114.08384,22.539304],[114.083924,22.539281],[114.083923,22.53919],[114.084006,22.53919],[114.084004,22.539283],[114.084087,22.539301],[114.084066,22.539367],[114.083971,22.539341],[114.083946,22.539338],[114.083854,22.539366]]]}},{"type":"Feature","properties":{"oid":"way/1271397262","name":"5栋","zh":"5栋","en":"Block 5","levels":8},"geometry":{"type":"Polygon","coordinates":[[[114.083861,22.538773],[114.083847,22.538711],[114.083931,22.538688],[114.08393,22.538597],[114.084013,22.538597],[114.084011,22.53869],[114.084094,22.538708],[114.084073,22.538774],[114.083978,22.538747],[114.083953,22.538745],[114.083861,22.538773]]]}},{"type":"Feature","properties":{"oid":"way/1271397263","name":"12栋","zh":"12栋","en":"Block 12","levels":8},"geometry":{"type":"Polygon","coordinates":[[[114.082061,22.539465],[114.082053,22.539424],[114.082064,22.539422],[114.082059,22.539398],[114.082131,22.539382],[114.082129,22.539315],[114.082086,22.539302],[114.082097,22.539242],[114.08214,22.53925],[114.082142,22.539242],[114.08219,22.539243],[114.082189,22.539249],[114.082233,22.539245],[114.082244,22.539303],[114.082202,22.539309],[114.0822,22.53938],[114.082275,22.539398],[114.082263,22.539427],[114.082274,22.539432],[114.08226,22.539466],[114.082176,22.539444],[114.082179,22.539434],[114.082142,22.539433],[114.082143,22.539446],[114.082061,22.539465]]]}},{"type":"Feature","properties":{"oid":"way/1271397264","name":"11栋","zh":"11栋","en":"Block 11","levels":8},"geometry":{"type":"Polygon","coordinates":[[[114.082338,22.539467],[114.08233,22.539426],[114.08234,22.539424],[114.082335,22.5394],[114.082408,22.539384],[114.082405,22.539317],[114.082363,22.539304],[114.082374,22.539243],[114.082417,22.539252],[114.082418,22.539244],[114.082466,22.539244],[114.082466,22.539251],[114.08251,22.539247],[114.08252,22.539305],[114.082479,22.53931],[114.082477,22.539381],[114.082551,22.5394],[114.082539,22.539428],[114.08255,22.539434],[114.082537,22.539468],[114.082453,22.539445],[114.082455,22.539435],[114.082418,22.539435],[114.082419,22.539448],[114.082338,22.539467]]]}},{"type":"Feature","properties":{"oid":"way/1271397265","name":"9栋","zh":"9栋","en":"Block 9","levels":8},"geometry":{"type":"Polygon","coordinates":[[[114.083027,22.539084],[114.083015,22.539046],[114.083027,22.539043],[114.08302,22.539018],[114.083092,22.53899],[114.083094,22.53893],[114.083032,22.538914],[114.083061,22.538859],[114.083099,22.538867],[114.083104,22.538859],[114.083155,22.53886],[114.083156,22.538867],[114.083195,22.53886],[114.083204,22.538925],[114.083167,22.53893],[114.08316,22.538996],[114.083239,22.539019],[114.083229,22.539051],[114.083239,22.539055],[114.083228,22.539087],[114.083137,22.539064],[114.083139,22.539054],[114.083107,22.539054],[114.083109,22.539065],[114.083027,22.539084]]]}},{"type":"Feature","properties":{"oid":"way/1271397266","name":"8栋","zh":"8栋","en":"Block 8","levels":8},"geometry":{"type":"Polygon","coordinates":[[[114.083302,22.539083],[114.083291,22.539045],[114.083302,22.539042],[114.083295,22.539017],[114.083367,22.538989],[114.083369,22.538929],[114.083307,22.538914],[114.083336,22.538859],[114.083374,22.538866],[114.083379,22.538859],[114.08343,22.538859],[114.083431,22.538867],[114.08347,22.538859],[114.08348,22.538924],[114.083442,22.538929],[114.083435,22.538995],[114.083514,22.539018],[114.083504,22.539051],[114.083514,22.539054],[114.083503,22.539086],[114.083412,22.539063],[114.083414,22.539053],[114.083382,22.539053],[114.083385,22.539065],[114.083302,22.539083]]]}},{"type":"Feature","properties":{"oid":"way/1271397267","name":"7栋","zh":"7栋","en":"Block 7","levels":8},"geometry":{"type":"Polygon","coordinates":[[[114.083576,22.539084],[114.083564,22.539046],[114.083576,22.539044],[114.083569,22.539018],[114.083641,22.538991],[114.083643,22.53893],[114.083581,22.538915],[114.08361,22.53886],[114.083648,22.538868],[114.083653,22.53886],[114.083704,22.53886],[114.083705,22.538868],[114.083744,22.53886],[114.083753,22.538926],[114.083716,22.538931],[114.083709,22.538997],[114.083787,22.539019],[114.083778,22.539052],[114.083788,22.539055],[114.083777,22.539088],[114.083686,22.539064],[114.083688,22.539055],[114.083656,22.539055],[114.083658,22.539066],[114.083576,22.539084]]]}},{"type":"Feature","properties":{"oid":"way/1271397268","name":"6栋","zh":"6栋","en":"Block 6","levels":8},"geometry":{"type":"Polygon","coordinates":[[[114.083854,22.539095],[114.083842,22.539057],[114.083854,22.539054],[114.083847,22.539029],[114.083918,22.539001],[114.083921,22.538941],[114.083859,22.538926],[114.083888,22.538871],[114.083926,22.538878],[114.083931,22.538871],[114.083982,22.538871],[114.083983,22.538879],[114.084022,22.538871],[114.084031,22.538937],[114.083994,22.538942],[114.083987,22.539007],[114.084065,22.53903],[114.084056,22.539063],[114.084066,22.539066],[114.084055,22.539098],[114.083964,22.539075],[114.083966,22.539066],[114.083934,22.539066],[114.083936,22.539077],[114.083854,22.539095]]]}},{"type":"Feature","properties":{"oid":"way/1271397269","name":"4栋","zh":"4栋","en":"Block 4","levels":8},"geometry":{"type":"Polygon","coordinates":[[[114.083023,22.538488],[114.083011,22.53845],[114.083023,22.538448],[114.083016,22.538422],[114.083088,22.538395],[114.08309,22.538335],[114.083028,22.538319],[114.083057,22.538264],[114.083095,22.538272],[114.0831,22.538264],[114.083151,22.538265],[114.083152,22.538272],[114.083191,22.538265],[114.0832,22.53833],[114.083163,22.538335],[114.083156,22.538401],[114.083235,22.538423],[114.083225,22.538456],[114.083235,22.538459],[114.083224,22.538492],[114.083133,22.538468],[114.083135,22.538459],[114.083103,22.538459],[114.083105,22.53847],[114.083023,22.538488]]]}},{"type":"Feature","properties":{"oid":"way/1271397270","name":"3栋","zh":"3栋","en":"Block 3","levels":8},"geometry":{"type":"Polygon","coordinates":[[[114.083298,22.538487],[114.083287,22.53845],[114.083298,22.538447],[114.083291,22.538421],[114.083363,22.538394],[114.083365,22.538334],[114.083303,22.538318],[114.083332,22.538263],[114.08337,22.538271],[114.083375,22.538263],[114.083426,22.538264],[114.083427,22.538271],[114.083466,22.538264],[114.083476,22.538329],[114.083438,22.538334],[114.083431,22.5384],[114.08351,22.538422],[114.0835,22.538455],[114.08351,22.538459],[114.083499,22.538491],[114.083408,22.538467],[114.08341,22.538458],[114.083378,22.538458],[114.083381,22.538469],[114.083298,22.538487]]]}},{"type":"Feature","properties":{"oid":"way/1271397271","name":"2栋","zh":"2栋","en":"Block 2","levels":8},"geometry":{"type":"Polygon","coordinates":[[[114.083572,22.538489],[114.08356,22.538451],[114.083572,22.538448],[114.083565,22.538423],[114.083637,22.538395],[114.083639,22.538335],[114.083577,22.53832],[114.083606,22.538265],[114.083644,22.538272],[114.083649,22.538265],[114.0837,22.538265],[114.083701,22.538273],[114.08374,22.538265],[114.083749,22.53833],[114.083712,22.538336],[114.083705,22.538401],[114.083783,22.538424],[114.083774,22.538457],[114.083784,22.53846],[114.083773,22.538492],[114.083682,22.538469],[114.083684,22.53846],[114.083652,22.53846],[114.083654,22.538471],[114.083572,22.538489]]]}},{"type":"Feature","properties":{"oid":"way/1271397272","name":"1栋","zh":"1栋","en":"Block 1","levels":8},"geometry":{"type":"Polygon","coordinates":[[[114.08385,22.5385],[114.083838,22.538462],[114.08385,22.538459],[114.083843,22.538434],[114.083914,22.538406],[114.083917,22.538346],[114.083855,22.53833],[114.083884,22.538276],[114.083922,22.538283],[114.083927,22.538276],[114.083978,22.538276],[114.083979,22.538283],[114.084018,22.538276],[114.084027,22.538341],[114.08399,22.538346],[114.083983,22.538412],[114.084061,22.538435],[114.084052,22.538467],[114.084062,22.538471],[114.084051,22.538503],[114.08396,22.53848],[114.083962,22.53847],[114.08393,22.53847],[114.083932,22.538482],[114.08385,22.5385]]]}},{"type":"Feature","properties":{"oid":"way/1271397273","name":null,"zh":null,"en":null,"levels":null},"geometry":{"type":"Polygon","coordinates":[[[114.083105,22.540008],[114.083186,22.540008],[114.083186,22.539981],[114.083229,22.539981],[114.083229,22.540013],[114.083556,22.540013],[114.083556,22.54013],[114.083501,22.54013],[114.083501,22.54017],[114.083243,22.54017],[114.083243,22.540195],[114.083136,22.540195],[114.083136,22.540086],[114.083105,22.540086],[114.083105,22.540008]]]}},{"type":"Feature","properties":{"oid":"way/1283291796","name":"红岭站","zh":"红岭站","en":"Hongling Station","levels":0,"station":1},"geometry":{"type":"Polygon","coordinates":[[[114.094745,22.551923],[114.094747,22.55174],[114.097843,22.551746],[114.097838,22.551506],[114.097934,22.551504],[114.097937,22.551674],[114.097895,22.551675],[114.097896,22.551745],[114.09872,22.551748],[114.098717,22.551638],[114.098727,22.551638],[114.098726,22.551559],[114.099061,22.551299],[114.09911,22.551261],[114.099155,22.551262],[114.099154,22.551164],[114.099209,22.551163],[114.099211,22.551263],[114.099293,22.551262],[114.099279,22.550382],[114.099262,22.550382],[114.099259,22.55022],[114.099128,22.550222],[114.099127,22.550158],[114.099049,22.550159],[114.099049,22.550098],[114.099084,22.550097],[114.099081,22.549955],[114.099125,22.549954],[114.099123,22.549857],[114.099211,22.549856],[114.099212,22.549904],[114.099184,22.549905],[114.099185,22.549938],[114.099198,22.549937],[114.099199,22.549991],[114.099211,22.549991],[114.099211,22.550035],[114.099258,22.550034],[114.099258,22.550026],[114.099388,22.550024],[114.099391,22.550247],[114.099506,22.550246],[114.099514,22.550712],[114.099565,22.550711],[114.099561,22.550496],[114.099578,22.550495],[114.099575,22.550329],[114.099611,22.550328],[114.099618,22.550764],[114.099503,22.550766],[114.099515,22.551494],[114.099526,22.551494],[114.099527,22.551591],[114.099568,22.551591],[114.099567,22.551505],[114.09963,22.551504],[114.099633,22.551659],[114.099735,22.552079],[114.099674,22.55208],[114.099561,22.551661],[114.099528,22.551661],[114.099528,22.551673],[114.099254,22.551677],[114.099254,22.551667],[114.099211,22.551667],[114.099211,22.551658],[114.099094,22.55166],[114.099095,22.551668],[114.099203,22.551666],[114.099204,22.551724],[114.099206,22.551724],[114.099205,22.551956],[114.099655,22.552081],[114.099637,22.552142],[114.099223,22.552022],[114.098983,22.552024],[114.098982,22.551988],[114.098567,22.551994],[114.098566,22.551948],[114.098923,22.551944],[114.098923,22.551926],[114.097882,22.551933],[114.097882,22.551986],[114.097457,22.551985],[114.097458,22.551941],[114.097829,22.55194],[114.097829,22.551928],[114.096937,22.551928],[114.096933,22.552144],[114.096883,22.552145],[114.096886,22.551928],[114.094745,22.551923]]]}},{"type":"Feature","properties":{"oid":"way/1363506065","name":null,"zh":null,"en":null,"levels":null},"geometry":{"type":"Polygon","coordinates":[[[114.095932,22.549423],[114.095917,22.54931],[114.096036,22.549296],[114.096051,22.54941],[114.095932,22.549423]]]}},{"type":"Feature","properties":{"oid":"way/1363506067","name":null,"zh":null,"en":null,"levels":null},"geometry":{"type":"Polygon","coordinates":[[[114.095826,22.549497],[114.095925,22.549527],[114.095896,22.54961],[114.095797,22.54958],[114.095826,22.549497]]]}},{"type":"Feature","properties":{"oid":"way/1380970558","name":null,"zh":null,"en":null,"levels":null},"geometry":{"type":"Polygon","coordinates":[[[114.092681,22.547452],[114.092784,22.547285],[114.092841,22.547315],[114.092801,22.547379],[114.092781,22.547368],[114.092717,22.547471],[114.092681,22.547452]]]}},{"type":"Feature","properties":{"oid":"way/1385987034","name":"32栋","zh":"32栋","en":null,"levels":null},"geometry":{"type":"Polygon","coordinates":[[[114.093251,22.552465],[114.093253,22.552378],[114.093222,22.552377],[114.093224,22.552292],[114.093291,22.552293],[114.093292,22.552235],[114.093216,22.552233],[114.093217,22.552149],[114.093344,22.552151],[114.093342,22.552242],[114.093372,22.552242],[114.09337,22.55234],[114.093307,22.552339],[114.093307,22.552382],[114.093384,22.552383],[114.093385,22.552358],[114.093482,22.55236],[114.093482,22.552382],[114.093519,22.552383],[114.093519,22.552362],[114.093618,22.552363],[114.093618,22.552385],[114.093656,22.552386],[114.093656,22.552367],[114.09375,22.552368],[114.09375,22.552393],[114.093781,22.552393],[114.09378,22.55244],[114.093768,22.552439],[114.093768,22.552489],[114.093708,22.552489],[114.093708,22.552474],[114.093689,22.552474],[114.093689,22.552489],[114.093652,22.552488],[114.093652,22.552482],[114.093622,22.552482],[114.093622,22.55249],[114.093584,22.55249],[114.093584,22.552469],[114.09355,22.552469],[114.09355,22.552488],[114.093518,22.552488],[114.093519,22.552476],[114.093482,22.552476],[114.093482,22.552484],[114.093448,22.552484],[114.093448,22.55247],[114.093415,22.552469],[114.093415,22.552486],[114.093377,22.552486],[114.093378,22.552477],[114.093359,22.552477],[114.093359,22.552467],[114.093251,22.552465]]]}},{"type":"Feature","properties":{"oid":"way/1385987035","name":"36栋","zh":"36栋","en":null,"levels":null},"geometry":{"type":"Polygon","coordinates":[[[114.093826,22.552878],[114.093827,22.552794],[114.093794,22.552793],[114.093795,22.552696],[114.093861,22.552696],[114.093861,22.552646],[114.093799,22.552645],[114.093799,22.552553],[114.093913,22.552554],[114.093912,22.55264],[114.093943,22.55264],[114.093942,22.552738],[114.093872,22.552738],[114.093871,22.552799],[114.0939,22.5528],[114.0939,22.552794],[114.093958,22.552795],[114.093958,22.552765],[114.094059,22.552766],[114.094059,22.552788],[114.094093,22.552788],[114.094093,22.55277],[114.094189,22.552771],[114.094189,22.552797],[114.094215,22.552798],[114.094214,22.552894],[114.094146,22.552893],[114.094146,22.552873],[114.094121,22.552873],[114.09412,22.552893],[114.094088,22.552893],[114.094088,22.552886],[114.094054,22.552886],[114.094054,22.552895],[114.094014,22.552894],[114.094014,22.552877],[114.09399,22.552877],[114.09399,22.552896],[114.09395,22.552896],[114.09395,22.552885],[114.093931,22.552885],[114.093931,22.552879],[114.093826,22.552878]]]}},{"type":"Feature","properties":{"oid":"way/1385987036","name":"35栋","zh":"35栋","en":null,"levels":null},"geometry":{"type":"Polygon","coordinates":[[[114.094677,22.552884],[114.094572,22.552884],[114.094572,22.552889],[114.094552,22.552889],[114.094552,22.5529],[114.094512,22.5529],[114.094513,22.55288],[114.094489,22.55288],[114.094489,22.552898],[114.094449,22.552898],[114.094449,22.552889],[114.094415,22.552889],[114.094415,22.552895],[114.094382,22.552895],[114.094382,22.552875],[114.094357,22.552875],[114.094357,22.552895],[114.094288,22.552895],[114.094289,22.552798],[114.094316,22.552798],[114.094316,22.552772],[114.094411,22.552773],[114.094411,22.55279],[114.094445,22.552791],[114.094446,22.552769],[114.094546,22.552769],[114.094546,22.552799],[114.094604,22.552799],[114.094604,22.552805],[114.094633,22.552805],[114.094633,22.552743],[114.094563,22.552743],[114.094564,22.552645],[114.094594,22.552645],[114.094595,22.552559],[114.094709,22.55256],[114.094708,22.552652],[114.094646,22.552652],[114.094645,22.552702],[114.094711,22.552703],[114.09471,22.5528],[114.094677,22.5528],[114.094677,22.552884]]]}},{"type":"Feature","properties":{"oid":"way/1385987037","name":"31栋","zh":"31栋","en":null,"levels":null},"geometry":{"type":"Polygon","coordinates":[[[114.093842,22.552452],[114.093845,22.55236],[114.093867,22.55236],[114.093868,22.552332],[114.093954,22.552334],[114.093953,22.552365],[114.094002,22.552366],[114.094003,22.552336],[114.094087,22.552338],[114.094087,22.552369],[114.094141,22.552371],[114.094142,22.552338],[114.094228,22.55234],[114.094227,22.552364],[114.094253,22.552365],[114.094252,22.552392],[114.094299,22.552394],[114.0943,22.552365],[114.09436,22.552365],[114.094357,22.552486],[114.094274,22.552485],[114.094275,22.552444],[114.094239,22.552443],[114.094238,22.55246],[114.094199,22.552459],[114.0942,22.552439],[114.094167,22.552438],[114.094166,22.552457],[114.09413,22.552456],[114.09413,22.552444],[114.094098,22.552443],[114.094098,22.552455],[114.094061,22.552454],[114.094062,22.552439],[114.094037,22.552438],[114.094037,22.552459],[114.093992,22.552458],[114.093993,22.552447],[114.093959,22.552446],[114.093959,22.552454],[114.093926,22.552454],[114.093927,22.552435],[114.093903,22.552435],[114.093902,22.552453],[114.093842,22.552452]]]}},{"type":"Feature","properties":{"oid":"way/1385987038","name":"荔湖花苑","zh":"荔湖花苑","en":null,"levels":null},"geometry":{"type":"Polygon","coordinates":[[[114.094531,22.552252],[114.094533,22.552171],[114.094481,22.55217],[114.094482,22.552093],[114.094538,22.552094],[114.09454,22.552002],[114.094563,22.552002],[114.094563,22.551988],[114.094666,22.551989],[114.094665,22.552002],[114.094698,22.552003],[114.094696,22.552097],[114.094811,22.552099],[114.094813,22.552001],[114.094835,22.552002],[114.094835,22.551989],[114.09495,22.551991],[114.094949,22.552002],[114.094977,22.552003],[114.094975,22.552094],[114.095032,22.552095],[114.09503,22.552177],[114.094977,22.552176],[114.094975,22.552262],[114.094945,22.552262],[114.094945,22.552276],[114.09483,22.552274],[114.09483,22.552264],[114.094802,22.552263],[114.094804,22.552182],[114.094701,22.55218],[114.0947,22.552261],[114.094671,22.55226],[114.094671,22.552267],[114.094557,22.552265],[114.094558,22.552253],[114.094531,22.552252]]]}},{"type":"Feature","properties":{"oid":"way/1385987039","name":null,"zh":null,"en":null,"levels":null},"geometry":{"type":"Polygon","coordinates":[[[114.095034,22.552281],[114.094469,22.552272],[114.094479,22.552002],[114.094514,22.551983],[114.09501,22.55199],[114.09504,22.552018],[114.095034,22.552281]]]}},{"type":"Feature","properties":{"oid":"way/1385987040","name":"28栋","zh":"28栋","en":null,"levels":null},"geometry":{"type":"Polygon","coordinates":[[[114.093335,22.552076],[114.093336,22.552002],[114.093316,22.552001],[114.093317,22.551977],[114.093357,22.551978],[114.093358,22.551959],[114.093431,22.55196],[114.093429,22.551989],[114.093492,22.55199],[114.093493,22.551961],[114.093571,22.551962],[114.093571,22.551988],[114.093627,22.551989],[114.093628,22.551959],[114.093713,22.55196],[114.093713,22.551988],[114.093744,22.551988],[114.093743,22.552031],[114.093725,22.552031],[114.093724,22.552077],[114.093679,22.552077],[114.09368,22.552057],[114.093631,22.552056],[114.093631,22.552078],[114.093548,22.552077],[114.093548,22.552058],[114.093498,22.552057],[114.093498,22.552078],[114.093409,22.552077],[114.093409,22.552058],[114.093383,22.552057],[114.093383,22.552077],[114.093335,22.552076]]]}},{"type":"Feature","properties":{"oid":"way/1385987041","name":null,"zh":null,"en":null,"levels":null},"geometry":{"type":"Polygon","coordinates":[[[114.09375,22.552084],[114.09331,22.552078],[114.093313,22.551917],[114.093752,22.551923],[114.09375,22.552084]]]}},{"type":"Feature","properties":{"oid":"way/1385987042","name":"27栋","zh":"27栋","en":null,"levels":null},"geometry":{"type":"Polygon","coordinates":[[[114.09383,22.552081],[114.093831,22.552007],[114.09382,22.552007],[114.093819,22.551983],[114.093852,22.551983],[114.093853,22.551964],[114.093926,22.551965],[114.093925,22.551993],[114.093987,22.551994],[114.093988,22.551965],[114.094066,22.551967],[114.094066,22.551997],[114.094116,22.551998],[114.094116,22.551967],[114.094204,22.551968],[114.094203,22.552003],[114.09425,22.552004],[114.09425,22.551972],[114.094341,22.551974],[114.094341,22.551996],[114.094364,22.551997],[114.094363,22.552043],[114.094347,22.552043],[114.094346,22.552084],[114.09431,22.552083],[114.094311,22.55207],[114.094257,22.552069],[114.094257,22.552084],[114.094183,22.552083],[114.094183,22.552065],[114.094127,22.552064],[114.094127,22.552084],[114.094042,22.552083],[114.094043,22.552064],[114.093995,22.552063],[114.093994,22.552084],[114.093903,22.552082],[114.093904,22.552063],[114.093879,22.552063],[114.093879,22.552082],[114.09383,22.552081]]]}},{"type":"Feature","properties":{"oid":"way/1385987043","name":null,"zh":null,"en":null,"levels":null},"geometry":{"type":"Polygon","coordinates":[[[114.094367,22.552093],[114.093815,22.552088],[114.093817,22.551923],[114.094369,22.551929],[114.094367,22.552093]]]}},{"type":"Feature","properties":{"oid":"way/1385987045","name":"34栋","zh":"34栋","en":null,"levels":null},"geometry":{"type":"Polygon","coordinates":[[[114.094785,22.552799],[114.094787,22.552706],[114.094842,22.552707],[114.094844,22.552646],[114.094786,22.552645],[114.094788,22.552556],[114.094896,22.552559],[114.094894,22.552644],[114.094921,22.552645],[114.094919,22.552734],[114.094859,22.552732],[114.094857,22.552799],[114.094942,22.5528],[114.094943,22.552773],[114.095036,22.552775],[114.095036,22.552795],[114.095079,22.552796],[114.095079,22.552769],[114.095178,22.552771],[114.095178,22.552795],[114.095204,22.552796],[114.095203,22.552847],[114.095194,22.552847],[114.095193,22.552894],[114.094807,22.552887],[114.094809,22.552799],[114.094785,22.552799]]]}},{"type":"Feature","properties":{"oid":"way/1385987046","name":null,"zh":null,"en":null,"levels":null},"geometry":{"type":"Polygon","coordinates":[[[114.09514,22.552186],[114.095143,22.551971],[114.095722,22.551979],[114.095721,22.551999],[114.095887,22.552002],[114.095885,22.552097],[114.095955,22.552098],[114.095953,22.552197],[114.095767,22.552195],[114.09514,22.552186]]]}},{"type":"Feature","properties":{"oid":"way/1385987047","name":"26栋","zh":"26栋","en":null,"levels":null},"geometry":{"type":"Polygon","coordinates":[[[114.095212,22.55211],[114.095215,22.552002],[114.095367,22.552005],[114.095367,22.552022],[114.095365,22.552114],[114.095212,22.55211]]]}},{"type":"Feature","properties":{"oid":"way/1385987048","name":"25栋","zh":"25栋","en":null,"levels":null},"geometry":{"type":"Polygon","coordinates":[[[114.095475,22.552111],[114.095478,22.552003],[114.09563,22.552006],[114.095627,22.552114],[114.095475,22.552111]]]}},{"type":"Feature","properties":{"oid":"way/1385987049","name":"24栋","zh":"24栋","en":null,"levels":null},"geometry":{"type":"Polygon","coordinates":[[[114.095729,22.552113],[114.095732,22.552005],[114.095884,22.552008],[114.095881,22.552116],[114.095729,22.552113]]]}},{"type":"Feature","properties":{"oid":"way/1385987050","name":"29栋","zh":"29栋","en":null,"levels":null},"geometry":{"type":"Polygon","coordinates":[[[114.095758,22.552902],[114.095767,22.552195],[114.095953,22.552197],[114.095947,22.552904],[114.095758,22.552902]]]}},{"type":"Feature","properties":{"oid":"way/1385987051","name":null,"zh":null,"en":null,"levels":null},"geometry":{"type":"Polygon","coordinates":[[[114.095942,22.552642],[114.095809,22.55264],[114.095811,22.552518],[114.095944,22.55252],[114.095942,22.552642]]]}},{"type":"Feature","properties":{"oid":"way/1385987052","name":null,"zh":null,"en":null,"levels":null},"geometry":{"type":"Polygon","coordinates":[[[114.095941,22.552865],[114.095808,22.552863],[114.09581,22.552742],[114.095943,22.552744],[114.095941,22.552865]]]}},{"type":"Feature","properties":{"oid":"way/1385987053","name":null,"zh":null,"en":null,"levels":null},"geometry":{"type":"Polygon","coordinates":[[[114.095943,22.552423],[114.09581,22.552421],[114.095812,22.5523],[114.095945,22.552301],[114.095943,22.552423]]]}},{"type":"Feature","properties":{"oid":"way/1420066543","name":null,"zh":null,"en":null,"levels":32},"geometry":{"type":"Polygon","coordinates":[[[114.082983,22.551192],[114.082981,22.551113],[114.083018,22.551113],[114.08302,22.55108],[114.083124,22.551078],[114.083135,22.550861],[114.083168,22.550861],[114.083169,22.550839],[114.083273,22.550837],[114.08327,22.550878],[114.083303,22.550878],[114.083288,22.551097],[114.083556,22.551101],[114.083564,22.550888],[114.083588,22.550888],[114.08359,22.550866],[114.083741,22.550866],[114.083722,22.551015],[114.083773,22.551014],[114.083765,22.551079],[114.083828,22.551078],[114.083822,22.551124],[114.083854,22.551124],[114.083852,22.55119],[114.083707,22.551189],[114.083651,22.551213],[114.083596,22.551208],[114.083551,22.5512],[114.083525,22.551188],[114.083486,22.551199],[114.083447,22.551207],[114.083387,22.551207],[114.083343,22.551195],[114.08332,22.551187],[114.083287,22.551207],[114.083223,22.551221],[114.083167,22.551222],[114.083064,22.551213],[114.082983,22.551192]]]}},{"type":"Feature","properties":{"oid":"way/1420271010","name":null,"zh":null,"en":null,"levels":null},"geometry":{"type":"Polygon","coordinates":[[[114.084264,22.542977],[114.084271,22.542667],[114.086362,22.542705],[114.086355,22.543015],[114.084264,22.542977]]]}},{"type":"Feature","properties":{"oid":"way/1430314694","name":null,"zh":null,"en":null,"levels":null},"geometry":{"type":"Polygon","coordinates":[[[114.077017,22.537096],[114.076941,22.537013],[114.077056,22.536921],[114.077133,22.537004],[114.077017,22.537096]]]}},{"type":"Feature","properties":{"oid":"way/1430314701","name":null,"zh":null,"en":null,"levels":null},"geometry":{"type":"Polygon","coordinates":[[[114.07689,22.537198],[114.076813,22.537115],[114.076928,22.537024],[114.077005,22.537107],[114.07689,22.537198]]]}},{"type":"Feature","properties":{"oid":"way/1431475675","name":null,"zh":null,"en":null,"levels":null},"geometry":{"type":"Polygon","coordinates":[[[114.079639,22.548041],[114.080104,22.548047],[114.080099,22.548334],[114.079634,22.548327],[114.079639,22.548041]]]}},{"type":"Feature","properties":{"oid":"way/1431475676","name":null,"zh":null,"en":null,"levels":null},"geometry":{"type":"Polygon","coordinates":[[[114.079639,22.548041],[114.079643,22.547934],[114.080108,22.54794],[114.080104,22.548047],[114.079639,22.548041]]]}},{"type":"Feature","properties":{"oid":"way/1431475677","name":null,"zh":null,"en":null,"levels":null},"geometry":{"type":"Polygon","coordinates":[[[114.080099,22.548334],[114.080104,22.548047],[114.080108,22.54794],[114.079643,22.547934],[114.079639,22.548041],[114.079634,22.548327],[114.079582,22.548327],[114.079594,22.547819],[114.079769,22.547832],[114.079771,22.547792],[114.079879,22.547792],[114.079975,22.547664],[114.080439,22.547671],[114.080503,22.547742],[114.080497,22.548343],[114.080099,22.548334]]]}},{"type":"Feature","properties":{"oid":"way/1431909338","name":"2栋","zh":"2栋","en":"Block 2","levels":7},"geometry":{"type":"Polygon","coordinates":[[[114.08096,22.552557],[114.08096,22.552483],[114.081145,22.552482],[114.081146,22.552556],[114.08096,22.552557]]]}},{"type":"Feature","properties":{"oid":"way/1432281067","name":"中信地下商场","zh":"中信地下商场","en":null,"levels":0},"geometry":{"type":"Polygon","coordinates":[[[114.092235,22.542826],[114.092235,22.542857],[114.092235,22.542934],[114.091725,22.542933],[114.091704,22.542933],[114.091704,22.543004],[114.090894,22.543005],[114.090829,22.543005],[114.090791,22.543005],[114.090791,22.542907],[114.091527,22.542906],[114.091527,22.542825],[114.092235,22.542826]]]}},{"type":"Feature","properties":{"oid":"way/1462500938","name":"华强南站","zh":"华强南站","en":"Huaqiang South Station","levels":0,"station":1,"c1":"#0035AD","c2":"#6A1D44"},"geometry":{"type":"Polygon","coordinates":[[[114.081795,22.539944],[114.082002,22.539947],[114.081997,22.540238],[114.082007,22.540238],[114.082007,22.540278],[114.082033,22.540278],[114.082031,22.540373],[114.082,22.540373],[114.081996,22.540598],[114.082062,22.540599],[114.082063,22.540618],[114.083499,22.540627],[114.083499,22.540616],[114.083404,22.540616],[114.083403,22.540602],[114.083338,22.540601],[114.083336,22.540559],[114.083466,22.540559],[114.083467,22.540553],[114.083636,22.540551],[114.083639,22.540559],[114.083948,22.540558],[114.083947,22.540603],[114.083642,22.540602],[114.083642,22.540609],[114.083575,22.540608],[114.083575,22.540627],[114.083961,22.540625],[114.083961,22.540606],[114.084114,22.540605],[114.084108,22.540889],[114.084085,22.540924],[114.084085,22.540977],[114.084059,22.540978],[114.084056,22.541096],[114.084031,22.541122],[114.08403,22.541303],[114.084011,22.541303],[114.084011,22.541389],[114.084028,22.541389],[114.084028,22.541444],[114.083942,22.541444],[114.083942,22.541374],[114.083874,22.541374],[114.083875,22.541271],[114.083961,22.541271],[114.083961,22.541059],[114.083923,22.54106],[114.083871,22.540994],[114.083873,22.540959],[114.083096,22.540953],[114.083096,22.540972],[114.082982,22.54097],[114.082982,22.54099],[114.082949,22.540989],[114.082949,22.540973],[114.082936,22.540972],[114.082936,22.540961],[114.082871,22.540961],[114.082872,22.540903],[114.082822,22.540902],[114.082823,22.540814],[114.08206,22.540807],[114.082059,22.540816],[114.081913,22.540816],[114.081914,22.540602],[114.081933,22.540602],[114.08194,22.540006],[114.081794,22.540004],[114.081795,22.539944]]]}},{"type":"Feature","properties":{"oid":"way/1525309260","name":"科学馆站","zh":"科学馆站","en":"Science Museum Station","levels":0,"station":1,"c1":"#00AB39","c2":"#3ABCA8"},"geometry":{"type":"Polygon","coordinates":[[[114.08967,22.543248],[114.089673,22.543055],[114.090318,22.542574],[114.091027,22.542578],[114.09103,22.542225],[114.090964,22.542225],[114.090968,22.541639],[114.091065,22.541639],[114.091064,22.541776],[114.091452,22.541779],[114.091453,22.541719],[114.09153,22.541719],[114.091522,22.542865],[114.091067,22.542862],[114.091068,22.54271],[114.090375,22.542706],[114.090143,22.542876],[114.090143,22.543033],[114.090039,22.543033],[114.090038,22.542952],[114.089806,22.543122],[114.089804,22.54325],[114.08967,22.543248]]]}},{"type":"Feature","properties":{"oid":"way/1550319192","name":null,"zh":null,"en":null,"levels":null},"geometry":{"type":"Polygon","coordinates":[[[114.084657,22.551916],[114.084853,22.551919],[114.084852,22.551996],[114.084655,22.551993],[114.084657,22.551916]]]}},{"type":"Feature","properties":{"oid":"way/1279570289","name":"华强南站","zh":"华强南站","en":"Huaqiang South Station","levels":0,"station":1,"c1":"#0035AD","c2":"#6A1D44"},"geometry":{"type":"Polygon","coordinates":[[[114.081794,22.540004],[114.08179,22.540357],[114.081833,22.540357],[114.081834,22.540332],[114.081881,22.540333],[114.081871,22.541097],[114.081818,22.541097],[114.081833,22.540416],[114.081789,22.540416],[114.081788,22.5405],[114.081805,22.5405],[114.081803,22.540622],[114.08154,22.540617],[114.081479,22.540601],[114.081347,22.540462],[114.081349,22.540343],[114.081326,22.540342],[114.081328,22.540245],[114.081349,22.540245],[114.081364,22.539197],[114.081822,22.539201],[114.081821,22.539326],[114.081802,22.539325],[114.081801,22.539411],[114.081813,22.539411],[114.081927,22.539108],[114.081932,22.538849],[114.081979,22.538849],[114.081978,22.539125],[114.081845,22.539471],[114.0818,22.53947],[114.081795,22.539944],[114.081794,22.540004]]]}},{"type":"Feature","properties":{"oid":"way/1279570287","name":"燕南站","zh":"燕南站","en":"Yannan Station","levels":0,"station":1,"c1":"#DB6D1C"},"geometry":{"type":"Polygon","coordinates":[[[114.085231,22.547051],[114.085355,22.547053],[114.085355,22.547063],[114.087747,22.547101],[114.087747,22.547082],[114.087791,22.547083],[114.087803,22.546484],[114.08784,22.546485],[114.08783,22.547061],[114.088241,22.547072],[114.08824,22.547105],[114.087876,22.5471],[114.087865,22.547641],[114.087742,22.547639],[114.087749,22.547253],[114.086777,22.547238],[114.086765,22.547846],[114.086713,22.547845],[114.086721,22.547397],[114.08666,22.547396],[114.086661,22.547299],[114.086604,22.547299],[114.086605,22.547234],[114.085728,22.54722],[114.085723,22.547477],[114.085602,22.547475],[114.085606,22.547295],[114.08558,22.547295],[114.085582,22.547212],[114.084929,22.547202],[114.084929,22.547212],[114.084805,22.54721],[114.084806,22.547129],[114.085229,22.547135],[114.085231,22.547051]]]}},{"type":"Feature","properties":{"oid":"way/1345398573","name":"福星站","zh":"福星站","en":"Fuxing Station","levels":0,"station":1},"geometry":{"type":"Polygon","coordinates":[[[114.074575,22.539693],[114.074949,22.539841],[114.075027,22.539841],[114.075033,22.540014],[114.075105,22.540012],[114.075106,22.540033],[114.077526,22.54018],[114.077537,22.539964],[114.077589,22.539961],[114.07758,22.540183],[114.07818,22.540219],[114.07818,22.540209],[114.078056,22.540201],[114.078057,22.540166],[114.078209,22.540176],[114.078208,22.540221],[114.079015,22.540293],[114.079017,22.540282],[114.078889,22.540268],[114.078891,22.540232],[114.079099,22.540257],[114.079093,22.540299],[114.079675,22.540385],[114.079679,22.540354],[114.07946,22.540331],[114.079462,22.540301],[114.079498,22.540305],[114.079502,22.540272],[114.07974,22.540294],[114.079846,22.540277],[114.080229,22.540315],[114.080226,22.540361],[114.079844,22.540326],[114.079752,22.540344],[114.079745,22.540391],[114.080876,22.540552],[114.080881,22.540524],[114.081019,22.540546],[114.080987,22.540745],[114.080847,22.540726],[114.080846,22.540736],[114.080834,22.540735],[114.080832,22.540743],[114.080804,22.540741],[114.080806,22.540731],[114.080771,22.540725],[114.08077,22.540736],[114.080744,22.540734],[114.080744,22.540721],[114.080718,22.540718],[114.080718,22.540685],[114.080211,22.540612],[114.08021,22.540631],[114.080217,22.540636],[114.080216,22.540673],[114.08059,22.540705],[114.080584,22.54075],[114.080157,22.54071],[114.080012,22.540703],[114.080014,22.540662],[114.080072,22.540662],[114.080073,22.540633],[114.080091,22.540634],[114.080094,22.540607],[114.080134,22.540611],[114.080136,22.540602],[114.079195,22.540486],[114.077823,22.540398],[114.077823,22.540419],[114.077828,22.540419],[114.077828,22.540484],[114.077816,22.540485],[114.077814,22.540544],[114.077373,22.540518],[114.077384,22.540373],[114.076221,22.540299],[114.076221,22.540311],[114.076608,22.540334],[114.076607,22.540355],[114.076198,22.540332],[114.0762,22.540297],[114.075443,22.540251],[114.075442,22.540278],[114.07545,22.540278],[114.07545,22.540302],[114.075465,22.540303],[114.075461,22.540426],[114.075009,22.540394],[114.075012,22.540359],[114.074986,22.540357],[114.074949,22.540267],[114.074935,22.540267],[114.074946,22.53991],[114.07455,22.539749],[114.074575,22.539693]]]}},{"type":"Feature","properties":{"oid":"way/1279570288","name":"华强北站","zh":"华强北站","en":"Huaqiang North Station","levels":0,"station":1,"c1":"#DB6D1C","c2":"#0035AD"},"geometry":{"type":"Polygon","coordinates":[[[114.07932,22.547477],[114.07932,22.547308],[114.079465,22.547308],[114.079465,22.547138],[114.07948,22.547138],[114.07948,22.546934],[114.079619,22.546934],[114.079618,22.54695],[114.081006,22.546951],[114.081006,22.5469],[114.080684,22.5469],[114.080684,22.546769],[114.08118,22.54677],[114.08118,22.546951],[114.081452,22.546952],[114.081452,22.547003],[114.081567,22.547003],[114.081567,22.546881],[114.081528,22.546881],[114.081529,22.546453],[114.081547,22.546453],[114.081547,22.546339],[114.081547,22.545068],[114.081837,22.545068],[114.081837,22.545101],[114.081899,22.545101],[114.081899,22.545132],[114.081836,22.545132],[114.081836,22.545351],[114.081895,22.545351],[114.081895,22.54538],[114.081837,22.54538],[114.081836,22.545938],[114.081906,22.545938],[114.081906,22.545978],[114.081836,22.545978],[114.081835,22.546205],[114.081904,22.546205],[114.081904,22.546247],[114.081836,22.546247],[114.081835,22.546877],[114.081805,22.546877],[114.081805,22.547137],[114.081511,22.547137],[114.081511,22.547448],[114.081444,22.547448],[114.081445,22.547135],[114.081318,22.547135],[114.081318,22.547122],[114.079596,22.547121],[114.079596,22.547396],[114.079413,22.547396],[114.079413,22.547477],[114.07932,22.547477]]]}},{"type":"Feature","properties":{"oid":"way/1279570290","name":"华强路站","zh":"华强路站","en":"Huaqiang Road Station","levels":0,"station":1,"c1":"#00AB39"},"geometry":{"type":"Polygon","coordinates":[[[114.078915,22.543233],[114.07892,22.543035],[114.078939,22.543035],[114.078945,22.542789],[114.079211,22.542794],[114.079211,22.542824],[114.079326,22.542826],[114.079323,22.542816],[114.079372,22.542803],[114.079427,22.543014],[114.079428,22.543049],[114.080198,22.543058],[114.080197,22.543017],[114.08031,22.542834],[114.080701,22.542838],[114.0807,22.542883],[114.080383,22.542877],[114.080285,22.543025],[114.080283,22.543056],[114.08078,22.543063],[114.080785,22.54283],[114.081033,22.542835],[114.081028,22.543058],[114.081062,22.543058],[114.081058,22.54323],[114.080295,22.543216],[114.080292,22.543369],[114.080836,22.543379],[114.080835,22.543444],[114.080218,22.543432],[114.080222,22.543228],[114.079446,22.543214],[114.07944,22.543518],[114.079008,22.54351],[114.079009,22.543449],[114.079364,22.543456],[114.079369,22.543222],[114.079032,22.543215],[114.079032,22.543235],[114.078915,22.543233]]]}},{"type":"Feature","properties":{"oid":"way/925221212","name":"深圳科技大厦","zh":"深圳科技大厦","en":null,"levels":27},"geometry":{"type":"Polygon","coordinates":[[[114.090378,22.544318],[114.090387,22.543876],[114.090579,22.543879],[114.090575,22.54408],[114.090731,22.544084],[114.09078,22.544092],[114.090828,22.544112],[114.090871,22.544146],[114.090907,22.544195],[114.090928,22.544257],[114.09093,22.544331],[114.090477,22.544319],[114.090378,22.544318]]]}},{"type":"Feature","properties":{"oid":"way/358733291","name":"iN城市广场","zh":"iN城市广场","en":"iN CITY PARK","levels":5},"geometry":{"type":"Polygon","coordinates":[[[114.093918,22.541858],[114.093933,22.541798],[114.094035,22.54182],[114.094373,22.541894],[114.094349,22.54199],[114.094448,22.542034],[114.094099,22.54232],[114.093991,22.542277],[114.093879,22.54224],[114.093765,22.54221],[114.09365,22.542187],[114.093533,22.54217],[114.093415,22.54216],[114.093297,22.542157],[114.093178,22.542161],[114.093061,22.542172],[114.092949,22.542189],[114.092851,22.542226],[114.092744,22.542274],[114.09264,22.54233],[114.09254,22.542392],[114.092446,22.54246],[114.092342,22.542193],[114.092455,22.542138],[114.092533,22.542105],[114.092463,22.541929],[114.092586,22.541887],[114.092724,22.541849],[114.092865,22.541819],[114.093007,22.541798],[114.093151,22.541784],[114.093295,22.54178],[114.093439,22.541783],[114.093582,22.541795],[114.093725,22.541815],[114.093866,22.541844],[114.093918,22.541858]]]}},{"type":"Feature","properties":{"oid":"way/527641731","name":null,"zh":null,"en":null,"levels":null},"geometry":{"type":"Polygon","coordinates":[[[114.091736,22.546728],[114.091737,22.546426],[114.09222,22.546428],[114.092221,22.546379],[114.092459,22.54638],[114.092457,22.546776],[114.092386,22.546775],[114.092386,22.546808],[114.092251,22.546808],[114.092252,22.546736],[114.091949,22.546734],[114.091949,22.546805],[114.092035,22.546805],[114.092035,22.546894],[114.091818,22.546893],[114.091819,22.546729],[114.091736,22.546728]]]}},{"type":"Feature","properties":{"oid":"way/527641732","name":null,"zh":null,"en":null,"levels":null},"geometry":{"type":"Polygon","coordinates":[[[114.091785,22.546254],[114.091787,22.546114],[114.092151,22.546119],[114.092148,22.546259],[114.091785,22.546254]]]}},{"type":"Feature","properties":{"oid":"way/1259425729","name":"通新岭站","zh":"通新岭站","en":"Tongxinling Station","levels":0,"station":1,"c1":"#00A2E1","c2":"#3ABCA8"},"geometry":{"type":"Polygon","coordinates":[[[114.091223,22.552071],[114.091227,22.551963],[114.091343,22.551897],[114.091344,22.551859],[114.090751,22.551859],[114.090751,22.552016],[114.090377,22.552017],[114.090377,22.551968],[114.090692,22.551968],[114.090691,22.551858],[114.09025,22.551859],[114.09025,22.551958],[114.090267,22.551958],[114.090267,22.552065],[114.090045,22.552065],[114.090046,22.55193],[114.090006,22.55187],[114.090007,22.551689],[114.090674,22.551688],[114.090674,22.551621],[114.090354,22.551621],[114.090354,22.551556],[114.090694,22.551556],[114.090693,22.551082],[114.090807,22.551082],[114.090807,22.551246],[114.09094,22.551246],[114.090939,22.551112],[114.090939,22.550611],[114.090755,22.550612],[114.090754,22.550042],[114.090847,22.550042],[114.090847,22.550532],[114.090959,22.550532],[114.090958,22.550112],[114.09118,22.550111],[114.091181,22.55025],[114.091148,22.55025],[114.091148,22.550541],[114.091216,22.550541],[114.091215,22.550257],[114.091269,22.550257],[114.091272,22.550705],[114.091218,22.550705],[114.091216,22.550617],[114.091136,22.550617],[114.091137,22.551371],[114.091146,22.551371],[114.091146,22.551504],[114.090744,22.551505],[114.090744,22.551556],[114.090761,22.551556],[114.090761,22.551693],[114.091347,22.551692],[114.091347,22.551628],[114.091734,22.551629],[114.091734,22.551666],[114.091413,22.551664],[114.091413,22.551695],[114.091682,22.551695],[114.091683,22.552007],[114.09173,22.552007],[114.09173,22.552037],[114.091729,22.552061],[114.091456,22.552061],[114.091456,22.552016],[114.091489,22.552016],[114.091488,22.551962],[114.091498,22.551925],[114.091392,22.551926],[114.091305,22.551986],[114.091307,22.552039],[114.091282,22.552039],[114.091281,22.552073],[114.091223,22.552071]]]}}]}