{"type":"FeatureCollection","features":[{"type":"Feature","properties":{"cls":"minor","name":null,"en":null,"tunnel":0},"geometry":{"type":"LineString","coordinates":[[114.08789,22.546122],[114.087951,22.546122],[114.088585,22.546126],[114.088582,22.546334],[114.088576,22.5464],[114.088614,22.546451],[114.088612,22.546751],[114.088699,22.546752],[114.088693,22.546867],[114.088685,22.547031],[114.088676,22.5472]]}},{"type":"Feature","properties":{"cls":"tertiary","name":"甘泉路","en":null,"tunnel":0},"geometry":{"type":"LineString","coordinates":[[114.088842,22.54925],[114.088854,22.548362],[114.088862,22.547745],[114.088879,22.547206]]}},{"type":"Feature","properties":{"cls":"secondary","name":"振华路","en":"Zhenghua Road","tunnel":0},"geometry":{"type":"LineString","coordinates":[[114.084045,22.547125],[114.084119,22.547126],[114.084764,22.547129],[114.085458,22.547141],[114.085647,22.547146],[114.086785,22.547158],[114.086855,22.547157],[114.08787,22.547175],[114.087937,22.547175],[114.088676,22.5472],[114.088879,22.547206],[114.090126,22.547227],[114.090946,22.547233],[114.09109,22.547234],[114.091229,22.547236]]}},{"type":"Feature","properties":{"cls":"secondary","name":"华发北路","en":"Huafa North Road","tunnel":0},"geometry":{"type":"LineString","coordinates":[[114.084163,22.543258],[114.084161,22.543351],[114.084146,22.545126],[114.084139,22.545618],[114.084119,22.547126],[114.084115,22.547331],[114.0841,22.548335],[114.084088,22.549191],[114.084074,22.550189],[114.08406,22.551154],[114.084056,22.551408]]}},{"type":"Feature","properties":{"cls":"secondary","name":"中航路","en":"Zhonghang Road","tunnel":0},"geometry":{"type":"LineString","coordinates":[[114.079237,22.545414],[114.079222,22.546414],[114.079201,22.547047]]}},{"type":"Feature","properties":{"cls":"tertiary","name":"中航路","en":"Zhonghang Road","tunnel":0},"geometry":{"type":"LineString","coordinates":[[114.078649,22.547044],[114.078622,22.548447],[114.078612,22.548969],[114.078551,22.54912]]}},{"type":"Feature","properties":{"cls":"tertiary","name":"福庆街","en":"Fuqing Street","tunnel":0},"geometry":{"type":"LineString","coordinates":[[114.077368,22.536894],[114.077231,22.537004],[114.07513,22.538736],[114.074353,22.539376]]}},{"type":"Feature","properties":{"cls":"primary","name":null,"en":null,"tunnel":0},"geometry":{"type":"LineString","coordinates":[[114.082072,22.534673],[114.082102,22.534758],[114.082118,22.534814],[114.082131,22.534878],[114.08214,22.534932],[114.082142,22.534975],[114.082142,22.535027],[114.082137,22.53508],[114.082003,22.536286],[114.081954,22.536732],[114.081953,22.536781],[114.08196,22.536831],[114.081971,22.536875],[114.081991,22.536919],[114.082017,22.536963],[114.082045,22.537],[114.082076,22.537037],[114.082116,22.537075],[114.08216,22.537108],[114.082203,22.537135],[114.082244,22.537154],[114.082286,22.537169],[114.082315,22.537178],[114.082342,22.537184],[114.082368,22.53719]]}},{"type":"Feature","properties":{"cls":"major","name":"滨河上步立交","en":null,"tunnel":0},"geometry":{"type":"LineString","coordinates":[[114.09117,22.540472],[114.091229,22.538729],[114.091237,22.538629],[114.091256,22.53852],[114.091296,22.538418],[114.09137,22.538292],[114.091432,22.538207],[114.09151,22.53813],[114.091617,22.538055],[114.091714,22.538005],[114.09183,22.537968],[114.091949,22.537947],[114.09208,22.537941],[114.094079,22.537916]]}},{"type":"Feature","properties":{"cls":"major","name":"滨河上步立交","en":null,"tunnel":0},"geometry":{"type":"LineString","coordinates":[[114.089246,22.537516],[114.090254,22.537735],[114.090528,22.537793],[114.090678,22.537826],[114.090794,22.537857],[114.090893,22.537897],[114.090971,22.537936],[114.091056,22.537992],[114.091137,22.53806],[114.091195,22.538122],[114.091252,22.538208],[114.091291,22.538276],[114.091342,22.538423],[114.091352,22.538523],[114.091351,22.538677],[114.091352,22.5388],[114.091325,22.540478]]}},{"type":"Feature","properties":{"cls":"major","name":"滨河上步立交","en":null,"tunnel":0},"geometry":{"type":"LineString","coordinates":[[114.094079,22.537916],[114.09541,22.537923]]}},{"type":"Feature","properties":{"cls":"secondary","name":"福星路","en":"Fuxing Road","tunnel":0},"geometry":{"type":"LineString","coordinates":[[114.074683,22.532035],[114.074684,22.532092],[114.074686,22.532752],[114.07469,22.53282],[114.0747,22.532878],[114.074716,22.532933],[114.07474,22.532987],[114.074771,22.533043],[114.074812,22.533101],[114.074976,22.533297],[114.075091,22.533438],[114.075106,22.533456],[114.075665,22.534134],[114.076143,22.534733],[114.076676,22.535399],[114.076842,22.535607],[114.07692,22.535696],[114.077069,22.535866],[114.077113,22.535921],[114.077141,22.535966],[114.077172,22.536029],[114.077192,22.536093],[114.077212,22.536166],[114.077368,22.536894],[114.077448,22.537704],[114.07757,22.538852],[114.077665,22.540058],[114.077667,22.540098],[114.077671,22.540224]]}},{"type":"Feature","properties":{"cls":"tertiary","name":"福虹路","en":"Fuhong Road","tunnel":0},"geometry":{"type":"LineString","coordinates":[[114.078662,22.543032],[114.078664,22.542913],[114.078667,22.542742],[114.078687,22.541622],[114.078697,22.541166],[114.078711,22.540538],[114.078712,22.540493],[114.078714,22.540376],[114.078768,22.540318]]}},{"type":"Feature","properties":{"cls":"tertiary","name":"友谊路","en":null,"tunnel":0},"geometry":{"type":"LineString","coordinates":[[114.077492,22.549102],[114.077471,22.550453],[114.077461,22.551516]]}},{"type":"Feature","properties":{"cls":"tertiary","name":"航天路","en":null,"tunnel":0},"geometry":{"type":"LineString","coordinates":[[114.078551,22.54912],[114.078533,22.549275],[114.078502,22.550464],[114.078493,22.551538]]}},{"type":"Feature","properties":{"cls":"minor","name":null,"en":null,"tunnel":0},"geometry":{"type":"LineString","coordinates":[[114.080465,22.549146],[114.080443,22.550457],[114.080442,22.550486],[114.080439,22.550599],[114.08041,22.551566]]}},{"type":"Feature","properties":{"cls":"tertiary","name":"工发路","en":null,"tunnel":0},"geometry":{"type":"LineString","coordinates":[[114.079427,22.549133],[114.079389,22.550474],[114.079345,22.551549]]}},{"type":"Feature","properties":{"cls":"tertiary","name":"十一号路","en":null,"tunnel":0},"geometry":{"type":"LineString","coordinates":[[114.080442,22.550486],[114.079456,22.550475],[114.079389,22.550474],[114.078502,22.550464],[114.077471,22.550453],[114.076549,22.550442]]}},{"type":"Feature","properties":{"cls":"minor","name":null,"en":null,"tunnel":0},"geometry":{"type":"LineString","coordinates":[[114.08044,22.543192],[114.080436,22.543289],[114.080423,22.544063],[114.080422,22.544696],[114.080395,22.544921],[114.080385,22.545475],[114.080378,22.545592],[114.080337,22.547065]]}},{"type":"Feature","properties":{"cls":"tertiary","name":null,"en":null,"tunnel":0},"geometry":{"type":"LineString","coordinates":[[114.082761,22.545613],[114.08276,22.546068],[114.082751,22.547051],[114.082751,22.547104]]}},{"type":"Feature","properties":{"cls":"tertiary","name":"百花五路","en":"Baihua 5th Road","tunnel":0},"geometry":{"type":"LineString","coordinates":[[114.086586,22.552975],[114.086283,22.553241],[114.08613,22.553376],[114.085238,22.554158],[114.08416,22.555105]]}},{"type":"Feature","properties":{"cls":"tertiary","name":"百花二路","en":"Baihua 2nd Road","tunnel":0},"geometry":{"type":"LineString","coordinates":[[114.086609,22.551658],[114.086608,22.55173],[114.086607,22.55183],[114.086586,22.552975]]}},{"type":"Feature","properties":{"cls":"tertiary","name":"福景路","en":"Fujing Road","tunnel":0},"geometry":{"type":"LineString","coordinates":[[114.07757,22.538852],[114.078233,22.538842],[114.08167,22.538894]]}},{"type":"Feature","properties":{"cls":"tertiary","name":"松岭路","en":"Songling Road","tunnel":0},"geometry":{"type":"LineString","coordinates":[[114.08951,22.537948],[114.089482,22.540094],[114.089479,22.540267],[114.089463,22.541466]]}},{"type":"Feature","properties":{"cls":"tertiary","name":"东园路","en":null,"tunnel":0},"geometry":{"type":"LineString","coordinates":[[114.089482,22.540094],[114.090976,22.540114],[114.091114,22.540114]]}},{"type":"Feature","properties":{"cls":"minor","name":null,"en":null,"tunnel":0},"geometry":{"type":"LineString","coordinates":[[114.086604,22.539262],[114.087625,22.538741],[114.088065,22.539231],[114.088301,22.539538]]}},{"type":"Feature","properties":{"cls":"tertiary","name":"同福路","en":null,"tunnel":0},"geometry":{"type":"LineString","coordinates":[[114.091185,22.549118],[114.091295,22.549097],[114.092919,22.549127],[114.092972,22.549122]]}},{"type":"Feature","properties":{"cls":"tertiary","name":"同德路","en":null,"tunnel":0},"geometry":{"type":"LineString","coordinates":[[114.092972,22.549122],[114.092968,22.549217],[114.092957,22.549845],[114.092944,22.550628],[114.092941,22.550801],[114.092917,22.551661],[114.092916,22.551734]]}},{"type":"Feature","properties":{"cls":"tertiary","name":"同心路","en":"Tongxin Road","tunnel":0},"geometry":{"type":"LineString","coordinates":[[114.095189,22.543486],[114.095185,22.543574],[114.095173,22.544236],[114.09517,22.5443],[114.095166,22.54475],[114.095143,22.545699],[114.095138,22.546085],[114.095137,22.546128],[114.095132,22.546393],[114.095131,22.546485],[114.095132,22.546571],[114.095164,22.546893],[114.09517,22.547042],[114.095146,22.547121],[114.095117,22.547185],[114.095079,22.547231],[114.095039,22.547266],[114.094974,22.5473],[114.094839,22.547362],[114.094677,22.547429],[114.094533,22.547481],[114.094449,22.547506],[114.094383,22.547529],[114.094315,22.547569],[114.094249,22.547629],[114.093847,22.548087],[114.0938,22.548137],[114.093756,22.548185],[114.093238,22.548823],[114.093044,22.549061],[114.092972,22.549122]]}},{"type":"Feature","properties":{"cls":"tertiary","name":"益民路","en":null,"tunnel":0},"geometry":{"type":"LineString","coordinates":[[114.091219,22.547732],[114.091309,22.547715],[114.092548,22.547728],[114.092636,22.547728],[114.093026,22.547741],[114.093105,22.547753],[114.09319,22.54779],[114.093765,22.548097],[114.0938,22.548137]]}},{"type":"Feature","properties":{"cls":"minor","name":"园岭一街","en":"Yuanling 1st Street","tunnel":0},"geometry":{"type":"LineString","coordinates":[[114.093146,22.554122],[114.093142,22.554063],[114.09315,22.553609],[114.093153,22.553422],[114.093152,22.55331],[114.093158,22.553012],[114.093163,22.55271],[114.093165,22.552501],[114.093165,22.552476],[114.093168,22.552191],[114.093177,22.551897],[114.093177,22.551822]]}},{"type":"Feature","properties":{"cls":"secondary","name":"振华路","en":"Zhengua Road","tunnel":0},"geometry":{"type":"LineString","coordinates":[[114.076391,22.547019],[114.076568,22.547021],[114.078285,22.54704],[114.078649,22.547044],[114.079201,22.547047],[114.080337,22.547065],[114.080958,22.547072],[114.081101,22.547074],[114.081591,22.547082],[114.081839,22.547088],[114.081999,22.547089],[114.082031,22.547089],[114.082751,22.547104],[114.082828,22.547105],[114.0833,22.547111],[114.084045,22.547125]]}},{"type":"Feature","properties":{"cls":"primary","name":null,"en":null,"tunnel":0},"geometry":{"type":"LineString","coordinates":[[114.08167,22.538851],[114.081632,22.538735],[114.081614,22.538675],[114.081605,22.538615],[114.081598,22.538471],[114.081596,22.538359],[114.081595,22.538137],[114.081542,22.537872],[114.081524,22.537781],[114.081489,22.537688],[114.081448,22.537611],[114.081396,22.537534],[114.081333,22.537462],[114.081251,22.537388],[114.081158,22.537319],[114.081004,22.537217]]}},{"type":"Feature","properties":{"cls":"minor","name":null,"en":null,"tunnel":0},"geometry":{"type":"LineString","coordinates":[[114.083329,22.544577],[114.083325,22.54497],[114.083317,22.545673],[114.083313,22.546082],[114.083309,22.546408],[114.083302,22.547062],[114.0833,22.547111]]}},{"type":"Feature","properties":{"cls":"minor","name":null,"en":null,"tunnel":0},"geometry":{"type":"LineString","coordinates":[[114.083309,22.546408],[114.083313,22.546418],[114.084057,22.54641]]}},{"type":"Feature","properties":{"cls":"secondary","name":"南园路","en":"Nanyuan Road","tunnel":0},"geometry":{"type":"LineString","coordinates":[[114.084177,22.540741],[114.082009,22.540726],[114.0819,22.540725],[114.081843,22.540724],[114.08176,22.540724]]}},{"type":"Feature","properties":{"cls":"secondary","name":"华发南路","en":"Huafa South Road","tunnel":0},"geometry":{"type":"LineString","coordinates":[[114.08426,22.537605],[114.084242,22.538129],[114.08424,22.538167],[114.084177,22.540488],[114.084177,22.540623],[114.084177,22.540688],[114.084177,22.540741]]}},{"type":"Feature","properties":{"cls":"secondary","name":"华发南路","en":"Huafa South Road","tunnel":0},"geometry":{"type":"LineString","coordinates":[[114.084177,22.540741],[114.084171,22.541877],[114.084158,22.542621],[114.084146,22.54314]]}},{"type":"Feature","properties":{"cls":"secondary","name":"华发北路","en":"Huafa North Road","tunnel":0},"geometry":{"type":"LineString","coordinates":[[114.083787,22.551612],[114.083812,22.551607],[114.08383,22.551601],[114.083851,22.551592],[114.083871,22.55158],[114.083889,22.551568],[114.083906,22.551554],[114.08392,22.551538],[114.083932,22.55152],[114.083945,22.551499],[114.083956,22.551474],[114.083963,22.551451],[114.083967,22.551428],[114.08397,22.551405]]}},{"type":"Feature","properties":{"cls":"tertiary","name":null,"en":null,"tunnel":0},"geometry":{"type":"LineString","coordinates":[[114.086855,22.547157],[114.086884,22.545398]]}},{"type":"Feature","properties":{"cls":"minor","name":null,"en":null,"tunnel":0},"geometry":{"type":"LineString","coordinates":[[114.086732,22.549224],[114.086744,22.548777],[114.086754,22.548349],[114.086785,22.547158]]}},{"type":"Feature","properties":{"cls":"minor","name":null,"en":null,"tunnel":0},"geometry":{"type":"LineString","coordinates":[[114.084764,22.547129],[114.084772,22.546112]]}},{"type":"Feature","properties":{"cls":"tertiary","name":"华发路","en":"Huafa Road","tunnel":0},"geometry":{"type":"LineString","coordinates":[[114.085458,22.547141],[114.085474,22.545685],[114.085476,22.545629],[114.085479,22.545569],[114.085485,22.54545],[114.08549,22.545378],[114.085508,22.545217],[114.085517,22.545141],[114.085525,22.545036],[114.085531,22.544946],[114.085541,22.544111],[114.08554,22.544066],[114.085535,22.544025],[114.085505,22.543849],[114.085498,22.543805],[114.085495,22.54376],[114.085497,22.543377],[114.085496,22.543294]]}},{"type":"Feature","properties":{"cls":"minor","name":"兰海路","en":null,"tunnel":0},"geometry":{"type":"LineString","coordinates":[[114.0856,22.54921],[114.085609,22.548771],[114.085619,22.548343],[114.085647,22.547146]]}},{"type":"Feature","properties":{"cls":"tertiary","name":null,"en":null,"tunnel":0},"geometry":{"type":"LineString","coordinates":[[114.078292,22.54471],[114.07829,22.544817]]}},{"type":"Feature","properties":{"cls":"minor","name":null,"en":null,"tunnel":0},"geometry":{"type":"LineString","coordinates":[[114.079461,22.54055],[114.079458,22.540771],[114.079437,22.542533]]}},{"type":"Feature","properties":{"cls":"minor","name":null,"en":null,"tunnel":0},"geometry":{"type":"LineString","coordinates":[[114.079458,22.540771],[114.078761,22.540764]]}},{"type":"Feature","properties":{"cls":"tertiary","name":"振中路","en":"Zhenzhong Road","tunnel":0},"geometry":{"type":"LineString","coordinates":[[114.081619,22.545598],[114.081845,22.5456],[114.081913,22.545599],[114.082659,22.545611],[114.082761,22.545613],[114.083317,22.545673],[114.083979,22.545676],[114.084029,22.545669],[114.08407,22.545649],[114.084139,22.545618],[114.08422,22.545606],[114.08476,22.545602],[114.084879,22.545597],[114.085395,22.545576],[114.085479,22.545569],[114.085583,22.545556],[114.086298,22.545437],[114.086401,22.545424],[114.086496,22.545415],[114.086884,22.545398],[114.087799,22.545409],[114.087905,22.545399],[114.087962,22.545386],[114.088058,22.545363],[114.088745,22.545371],[114.089293,22.545378],[114.090207,22.545426],[114.090508,22.545435],[114.090983,22.545444],[114.091119,22.545442],[114.091256,22.545443]]}},{"type":"Feature","properties":{"cls":"minor","name":null,"en":null,"tunnel":0},"geometry":{"type":"LineString","coordinates":[[114.078697,22.541166],[114.078636,22.541165],[114.077013,22.541126]]}},{"type":"Feature","properties":{"cls":"minor","name":null,"en":null,"tunnel":0},"geometry":{"type":"LineString","coordinates":[[114.081919,22.53229],[114.082364,22.532423],[114.082661,22.532498],[114.084431,22.532825],[114.084485,22.53285],[114.084496,22.53286],[114.085182,22.533484],[114.08531,22.533634],[114.085733,22.534261],[114.086231,22.534958],[114.086322,22.535022],[114.086569,22.535148],[114.08663,22.535228],[114.086761,22.535468],[114.087474,22.536237],[114.087642,22.53639],[114.088172,22.536844],[114.088552,22.537156],[114.088635,22.537195],[114.089069,22.537287],[114.090439,22.537569],[114.091178,22.537716],[114.091498,22.53775],[114.092529,22.537739],[114.093288,22.537712],[114.093382,22.537674],[114.093414,22.537624],[114.093442,22.537462],[114.094011,22.53721],[114.094236,22.536987],[114.094478,22.536805],[114.094733,22.536629],[114.094945,22.536439],[114.095224,22.536117],[114.095619,22.535601],[114.095796,22.535401],[114.096043,22.535185],[114.096253,22.535048],[114.096334,22.535008],[114.097039,22.534996],[114.097726,22.535122],[114.098109,22.535179],[114.098404,22.535225],[114.098972,22.535344],[114.099608,22.535336],[114.099789,22.535361],[114.099866,22.535414],[114.09995,22.535471]]}},{"type":"Feature","properties":{"cls":"minor","name":null,"en":null,"tunnel":0},"geometry":{"type":"LineString","coordinates":[[114.083376,22.549183],[114.083365,22.548691],[114.082789,22.548652],[114.082828,22.547105]]}},{"type":"Feature","properties":{"cls":"minor","name":null,"en":null,"tunnel":0},"geometry":{"type":"LineString","coordinates":[[114.080663,22.549149],[114.080669,22.547713]]}},{"type":"Feature","properties":{"cls":"tertiary","name":"燕南路","en":"Yannan Road","tunnel":0},"geometry":{"type":"LineString","coordinates":[[114.087835,22.543209],[114.087906,22.543237],[114.087941,22.543263],[114.087972,22.543296],[114.08799,22.54334],[114.08799,22.543568],[114.087989,22.543613],[114.087986,22.543821],[114.087985,22.543911],[114.087978,22.544357],[114.087963,22.54529],[114.087962,22.545386],[114.08796,22.54553],[114.087951,22.546122],[114.087937,22.54706],[114.087937,22.547175],[114.087932,22.547395],[114.08792,22.548206],[114.087918,22.548356],[114.087916,22.548477],[114.087906,22.549126],[114.087905,22.549239],[114.087902,22.549436],[114.087868,22.551679],[114.087817,22.551754]]}},{"type":"Feature","properties":{"cls":"minor","name":null,"en":null,"tunnel":0},"geometry":{"type":"LineString","coordinates":[[114.081843,22.546049],[114.081936,22.546051],[114.082328,22.546059],[114.082669,22.546066],[114.08276,22.546068]]}},{"type":"Feature","properties":{"cls":"foot","name":null,"en":null,"tunnel":0},"geometry":{"type":"LineString","coordinates":[[114.082774,22.544501],[114.082734,22.5445],[114.081973,22.544495]]}},{"type":"Feature","properties":{"cls":"foot","name":null,"en":null,"tunnel":0},"geometry":{"type":"LineString","coordinates":[[114.082769,22.544899],[114.081915,22.544896]]}},{"type":"Feature","properties":{"cls":"foot","name":null,"en":null,"tunnel":0},"geometry":{"type":"LineString","coordinates":[[114.082784,22.543708],[114.082715,22.543707]]}},{"type":"Feature","properties":{"cls":"tertiary","name":null,"en":null,"tunnel":0},"geometry":{"type":"LineString","coordinates":[[114.082761,22.545613],[114.082769,22.544965],[114.082769,22.544899],[114.082774,22.544501],[114.082784,22.543708],[114.082786,22.543327],[114.082788,22.543232]]}},{"type":"Feature","properties":{"cls":"minor","name":null,"en":null,"tunnel":0},"geometry":{"type":"LineString","coordinates":[[114.096987,22.541117],[114.09686,22.541131],[114.096155,22.541209],[114.096103,22.541078],[114.095887,22.541131],[114.095747,22.541167],[114.095614,22.541197],[114.095464,22.541234],[114.095299,22.541274],[114.095283,22.541278],[114.095219,22.541294]]}},{"type":"Feature","properties":{"cls":"tertiary","name":"松岭路","en":null,"tunnel":0},"geometry":{"type":"LineString","coordinates":[[114.088648,22.541354],[114.088647,22.541432],[114.08862,22.542751],[114.088611,22.543223]]}},{"type":"Feature","properties":{"cls":"tertiary","name":"振兴路","en":null,"tunnel":0},"geometry":{"type":"LineString","coordinates":[[114.091187,22.549072],[114.091154,22.549181],[114.091124,22.549225],[114.091086,22.549256],[114.091049,22.549269],[114.090898,22.549265],[114.088842,22.54925],[114.087905,22.549239],[114.087892,22.549238],[114.087855,22.549238],[114.086732,22.549224],[114.08623,22.549218],[114.0856,22.54921],[114.084088,22.549191],[114.084008,22.54919],[114.083376,22.549183],[114.08186,22.549168],[114.081813,22.549167],[114.081553,22.549164],[114.081229,22.549159],[114.080663,22.549149],[114.080465,22.549146],[114.079427,22.549133],[114.078551,22.54912],[114.077606,22.549104],[114.077492,22.549102],[114.076494,22.549075],[114.076169,22.549067],[114.075999,22.549063]]}},{"type":"Feature","properties":{"cls":"secondary","name":"福华路","en":"Fuhua Road","tunnel":0},"geometry":{"type":"LineString","coordinates":[[114.072021,22.538663],[114.072098,22.538692],[114.072175,22.538721],[114.072361,22.538804],[114.074075,22.539571],[114.074154,22.539605],[114.074285,22.539661],[114.074349,22.539688],[114.074841,22.5399],[114.074853,22.539905],[114.074902,22.539926],[114.074956,22.539946],[114.075,22.539961],[114.075052,22.539978],[114.0751,22.539992],[114.075166,22.540009],[114.075237,22.540024],[114.075311,22.540035],[114.075393,22.540044],[114.075483,22.540052],[114.075916,22.540087],[114.075966,22.540091],[114.076109,22.540103],[114.076218,22.540111],[114.076281,22.540116],[114.077552,22.540215],[114.077671,22.540224],[114.077828,22.540238],[114.078632,22.540307],[114.078768,22.540318]]}},{"type":"Feature","properties":{"cls":"foot","name":null,"en":null,"tunnel":0},"geometry":{"type":"LineString","coordinates":[[114.095464,22.549868],[114.095401,22.549787],[114.095394,22.549702],[114.095381,22.549536],[114.09541,22.549333],[114.095405,22.549283]]}},{"type":"Feature","properties":{"cls":"foot","name":null,"en":null,"tunnel":0},"geometry":{"type":"LineString","coordinates":[[114.09603,22.549734],[114.0959,22.54965],[114.095826,22.549602],[114.095756,22.549583]]}},{"type":"Feature","properties":{"cls":"foot","name":null,"en":null,"tunnel":0},"geometry":{"type":"LineString","coordinates":[[114.09566,22.549708],[114.09559,22.549766],[114.095517,22.549816],[114.095464,22.549868],[114.095439,22.549954],[114.095432,22.550029]]}},{"type":"Feature","properties":{"cls":"foot","name":null,"en":null,"tunnel":0},"geometry":{"type":"LineString","coordinates":[[114.095756,22.549583],[114.095738,22.549614],[114.095718,22.549607],[114.095702,22.549649],[114.09568,22.549643],[114.09566,22.549708]]}},{"type":"Feature","properties":{"cls":"foot","name":null,"en":null,"tunnel":0},"geometry":{"type":"LineString","coordinates":[[114.095499,22.548926],[114.095509,22.548997],[114.095432,22.549107],[114.095405,22.549283],[114.095272,22.549266],[114.095163,22.549434],[114.095096,22.549504],[114.095032,22.549546],[114.094949,22.549595],[114.094909,22.54965],[114.094887,22.549719],[114.094901,22.549781],[114.094935,22.549818],[114.09499,22.549843],[114.09504,22.549865],[114.095291,22.550005],[114.095303,22.550012],[114.095335,22.550029],[114.095413,22.550078],[114.095432,22.550029],[114.095534,22.550026],[114.095654,22.550057],[114.095794,22.550102],[114.095936,22.550165],[114.096097,22.550279],[114.096236,22.550351],[114.096361,22.55043],[114.096467,22.550471],[114.096529,22.5504],[114.096612,22.550267],[114.096692,22.550123],[114.09673,22.549974],[114.096767,22.549781],[114.096791,22.54963],[114.096846,22.549476],[114.09692,22.54931],[114.096987,22.549177],[114.097037,22.549076],[114.097103,22.548882],[114.097209,22.548737],[114.097324,22.5486],[114.097492,22.548401]]}},{"type":"Feature","properties":{"cls":"foot","name":null,"en":null,"tunnel":0},"geometry":{"type":"LineString","coordinates":[[114.096347,22.549474],[114.096205,22.549454],[114.096106,22.549475],[114.095999,22.549496],[114.09603,22.549734]]}},{"type":"Feature","properties":{"cls":"foot","name":null,"en":null,"tunnel":0},"geometry":{"type":"LineString","coordinates":[[114.095999,22.548051],[114.095939,22.548144],[114.095842,22.548238],[114.095778,22.548342],[114.095716,22.548505],[114.095652,22.548676],[114.095596,22.548781]]}},{"type":"Feature","properties":{"cls":"tertiary","name":null,"en":null,"tunnel":0},"geometry":{"type":"LineString","coordinates":[[114.091229,22.547031],[114.091322,22.54703],[114.092647,22.547026],[114.092644,22.547201],[114.092891,22.547204],[114.092976,22.547224],[114.093029,22.547263],[114.093119,22.547297],[114.093198,22.547297],[114.093277,22.547274],[114.093385,22.547233],[114.093478,22.547173],[114.093541,22.547096],[114.093588,22.547005],[114.093606,22.546893],[114.093633,22.546828],[114.093711,22.546773],[114.093864,22.546749],[114.094069,22.546739],[114.094191,22.546733],[114.094498,22.546623],[114.094996,22.54649],[114.095063,22.546464],[114.095132,22.546393]]}},{"type":"Feature","properties":{"cls":"foot","name":null,"en":null,"tunnel":0},"geometry":{"type":"LineString","coordinates":[[114.096038,22.547939],[114.095999,22.548051]]}},{"type":"Feature","properties":{"cls":"foot","name":null,"en":null,"tunnel":0},"geometry":{"type":"LineString","coordinates":[[114.095596,22.548781],[114.095499,22.548926]]}},{"type":"Feature","properties":{"cls":"foot","name":null,"en":null,"tunnel":0},"geometry":{"type":"LineString","coordinates":[[114.096368,22.546568],[114.096231,22.546472],[114.09606,22.546352],[114.095981,22.546296],[114.09597,22.546195],[114.095969,22.546132]]}},{"type":"Feature","properties":{"cls":"foot","name":null,"en":null,"tunnel":0},"geometry":{"type":"LineString","coordinates":[[114.096467,22.550471],[114.096386,22.550536],[114.09627,22.550652],[114.096185,22.550711],[114.096108,22.550732],[114.095928,22.550797],[114.095783,22.550864],[114.095716,22.550885],[114.095653,22.550908],[114.09559,22.550958],[114.095517,22.551067],[114.09552,22.55133],[114.095569,22.551472],[114.095677,22.551536],[114.095788,22.551602]]}},{"type":"Feature","properties":{"cls":"foot","name":"巴登北街","en":null,"tunnel":0},"geometry":{"type":"LineString","coordinates":[[114.095267,22.542471],[114.097059,22.542018]]}},{"type":"Feature","properties":{"cls":"foot","name":null,"en":null,"tunnel":0},"geometry":{"type":"LineString","coordinates":[[114.081358,22.537597],[114.081288,22.537509],[114.081213,22.537431],[114.081144,22.53737]]}},{"type":"Feature","properties":{"cls":"foot","name":null,"en":null,"tunnel":0},"geometry":{"type":"LineString","coordinates":[[114.086012,22.537703],[114.086298,22.537708]]}},{"type":"Feature","properties":{"cls":"foot","name":null,"en":null,"tunnel":0},"geometry":{"type":"LineString","coordinates":[[114.086031,22.537112],[114.085717,22.537106]]}},{"type":"Feature","properties":{"cls":"foot","name":null,"en":null,"tunnel":0},"geometry":{"type":"LineString","coordinates":[[114.086293,22.537114],[114.086031,22.537112]]}},{"type":"Feature","properties":{"cls":"foot","name":null,"en":null,"tunnel":0},"geometry":{"type":"LineString","coordinates":[[114.082133,22.537692],[114.082083,22.537736],[114.08204,22.537784],[114.082011,22.537844],[114.081988,22.537922]]}},{"type":"Feature","properties":{"cls":"foot","name":null,"en":null,"tunnel":0},"geometry":{"type":"LineString","coordinates":[[114.091086,22.538715],[114.091087,22.538653],[114.091082,22.538597],[114.091068,22.538542],[114.091041,22.538491],[114.090993,22.538431]]}},{"type":"Feature","properties":{"cls":"foot","name":null,"en":null,"tunnel":0},"geometry":{"type":"LineString","coordinates":[[114.090993,22.538431],[114.090932,22.538372],[114.090878,22.538339],[114.090813,22.538311]]}},{"type":"Feature","properties":{"cls":"foot","name":null,"en":null,"tunnel":0},"geometry":{"type":"LineString","coordinates":[[114.091652,22.538492],[114.091593,22.538544],[114.091559,22.538596],[114.091534,22.538658]]}},{"type":"Feature","properties":{"cls":"foot","name":null,"en":null,"tunnel":0},"geometry":{"type":"LineString","coordinates":[[114.091378,22.537964],[114.091272,22.537954],[114.091166,22.537939],[114.091076,22.537923]]}},{"type":"Feature","properties":{"cls":"foot","name":null,"en":null,"tunnel":0},"geometry":{"type":"LineString","coordinates":[[114.093504,22.544896],[114.093516,22.544074]]}},{"type":"Feature","properties":{"cls":"foot","name":null,"en":null,"tunnel":0},"geometry":{"type":"LineString","coordinates":[[114.093347,22.544892],[114.093352,22.544073]]}},{"type":"Feature","properties":{"cls":"foot","name":null,"en":null,"tunnel":1},"geometry":{"type":"LineString","coordinates":[[114.094787,22.543596],[114.095116,22.543601]]}},{"type":"Feature","properties":{"cls":"foot","name":null,"en":null,"tunnel":0},"geometry":{"type":"LineString","coordinates":[[114.093288,22.545286],[114.093295,22.544959],[114.093309,22.544924],[114.093347,22.544892],[114.093504,22.544896],[114.09354,22.544923],[114.093552,22.544962],[114.093546,22.545288]]}},{"type":"Feature","properties":{"cls":"foot","name":null,"en":null,"tunnel":1},"geometry":{"type":"LineString","coordinates":[[114.095123,22.543248],[114.095473,22.543253]]}},{"type":"Feature","properties":{"cls":"tertiary","name":null,"en":null,"tunnel":0},"geometry":{"type":"LineString","coordinates":[[114.095166,22.54475],[114.095228,22.544751],[114.095377,22.544752],[114.095447,22.544753],[114.095885,22.544759],[114.095992,22.54476],[114.096119,22.544762],[114.096232,22.544753]]}},{"type":"Feature","properties":{"cls":"tertiary","name":null,"en":null,"tunnel":0},"geometry":{"type":"LineString","coordinates":[[114.093929,22.54529],[114.093925,22.545402],[114.093931,22.545502],[114.093949,22.545593],[114.093999,22.545732],[114.094073,22.545868],[114.094348,22.546387],[114.094498,22.546623]]}},{"type":"Feature","properties":{"cls":"tertiary","name":null,"en":null,"tunnel":0},"geometry":{"type":"LineString","coordinates":[[114.093445,22.543761],[114.093441,22.543968],[114.093439,22.544074],[114.093516,22.544074],[114.093876,22.544107],[114.093956,22.544119],[114.093951,22.544428],[114.093937,22.545172],[114.093929,22.54529],[114.093546,22.545288],[114.093288,22.545286],[114.09302,22.545281],[114.092976,22.545276],[114.092943,22.545255],[114.092926,22.545225],[114.092923,22.545182],[114.092944,22.544181],[114.092954,22.544134],[114.092975,22.544102],[114.093009,22.544088],[114.093059,22.544081],[114.093352,22.544073],[114.093439,22.544074]]}},{"type":"Feature","properties":{"cls":"foot","name":null,"en":null,"tunnel":1},"geometry":{"type":"LineString","coordinates":[[114.095466,22.543603],[114.095116,22.543601],[114.095123,22.543248]]}},{"type":"Feature","properties":{"cls":"foot","name":null,"en":null,"tunnel":0},"geometry":{"type":"LineString","coordinates":[[114.093948,22.542812],[114.094001,22.542828],[114.094239,22.542896],[114.094447,22.542961],[114.09461,22.543034],[114.095015,22.543228]]}},{"type":"Feature","properties":{"cls":"major","name":null,"en":null,"tunnel":0},"geometry":{"type":"LineString","coordinates":[[114.080689,22.537091],[114.080531,22.536974],[114.080323,22.536809],[114.080189,22.536688],[114.08002,22.536521]]}},{"type":"Feature","properties":{"cls":"major","name":null,"en":null,"tunnel":0},"geometry":{"type":"LineString","coordinates":[[114.088199,22.537446],[114.088609,22.537442],[114.088886,22.537406],[114.0892,22.537399]]}},{"type":"Feature","properties":{"cls":"minor","name":null,"en":null,"tunnel":0},"geometry":{"type":"LineString","coordinates":[[114.08667,22.537176],[114.086671,22.537118],[114.08668,22.53564]]}},{"type":"Feature","properties":{"cls":"foot","name":null,"en":null,"tunnel":0},"geometry":{"type":"LineString","coordinates":[[114.082195,22.536935],[114.082271,22.536988],[114.082351,22.537017],[114.082453,22.537031],[114.082542,22.537037]]}},{"type":"Feature","properties":{"cls":"minor","name":null,"en":null,"tunnel":0},"geometry":{"type":"LineString","coordinates":[[114.09502,22.537828],[114.09502,22.537781],[114.095022,22.537632],[114.095026,22.537303],[114.094983,22.537207],[114.094986,22.537093],[114.09426,22.537091],[114.094255,22.537626]]}},{"type":"Feature","properties":{"cls":"minor","name":null,"en":null,"tunnel":0},"geometry":{"type":"LineString","coordinates":[[114.093523,22.537854],[114.093522,22.537785],[114.093519,22.53763],[114.094255,22.537626],[114.095022,22.537632]]}},{"type":"Feature","properties":{"cls":"minor","name":null,"en":null,"tunnel":0},"geometry":{"type":"LineString","coordinates":[[114.095128,22.53761],[114.095129,22.53752],[114.095136,22.536444],[114.095609,22.535829],[114.095729,22.535614],[114.095818,22.535507],[114.095941,22.535388],[114.096067,22.535274]]}},{"type":"Feature","properties":{"cls":"minor","name":null,"en":null,"tunnel":0},"geometry":{"type":"LineString","coordinates":[[114.095129,22.53752],[114.096802,22.537555]]}},{"type":"Feature","properties":{"cls":"tertiary","name":null,"en":null,"tunnel":0},"geometry":{"type":"LineString","coordinates":[[114.093786,22.541552],[114.093788,22.541468],[114.09379,22.541391],[114.093796,22.541142],[114.093801,22.540949],[114.093806,22.540769],[114.09381,22.540605],[114.093814,22.540427],[114.093819,22.540245],[114.093821,22.540162]]}},{"type":"Feature","properties":{"cls":"minor","name":null,"en":null,"tunnel":0},"geometry":{"type":"LineString","coordinates":[[114.085911,22.551335],[114.085953,22.551206],[114.085971,22.551188],[114.086012,22.551183],[114.086095,22.551188],[114.086135,22.551216],[114.086155,22.551256],[114.086172,22.55136]]}},{"type":"Feature","properties":{"cls":"minor","name":null,"en":null,"tunnel":0},"geometry":{"type":"LineString","coordinates":[[114.085774,22.551641],[114.085911,22.551335],[114.085945,22.551305],[114.085995,22.551287],[114.086063,22.551287],[114.086114,22.551297],[114.086148,22.551315],[114.086172,22.55136],[114.086195,22.55165]]}},{"type":"Feature","properties":{"cls":"foot","name":null,"en":null,"tunnel":0},"geometry":{"type":"LineString","coordinates":[[114.090923,22.548888],[114.091326,22.548891]]}},{"type":"Feature","properties":{"cls":"minor","name":null,"en":null,"tunnel":0},"geometry":{"type":"LineString","coordinates":[[114.079193,22.552922],[114.0802,22.552948],[114.081443,22.552956]]}},{"type":"Feature","properties":{"cls":"minor","name":null,"en":null,"tunnel":0},"geometry":{"type":"LineString","coordinates":[[114.080202,22.552674],[114.0802,22.552948],[114.080197,22.55327]]}},{"type":"Feature","properties":{"cls":"minor","name":null,"en":null,"tunnel":0},"geometry":{"type":"LineString","coordinates":[[114.078315,22.552783],[114.078329,22.552078]]}},{"type":"Feature","properties":{"cls":"minor","name":null,"en":null,"tunnel":0},"geometry":{"type":"LineString","coordinates":[[114.08842,22.552854],[114.088424,22.552607],[114.088404,22.552527],[114.088407,22.552324],[114.088411,22.55193],[114.088412,22.551868],[114.088412,22.551845],[114.088413,22.551762]]}},{"type":"Feature","properties":{"cls":"minor","name":null,"en":null,"tunnel":0},"geometry":{"type":"LineString","coordinates":[[114.078375,22.55314],[114.078378,22.552798],[114.078315,22.552783],[114.077512,22.552776]]}},{"type":"Feature","properties":{"cls":"minor","name":null,"en":null,"tunnel":0},"geometry":{"type":"LineString","coordinates":[[114.089543,22.552717],[114.090009,22.552718],[114.090304,22.552724],[114.090301,22.552987]]}},{"type":"Feature","properties":{"cls":"minor","name":null,"en":null,"tunnel":0},"geometry":{"type":"LineString","coordinates":[[114.083864,22.552055],[114.083819,22.55208],[114.083769,22.552101],[114.083721,22.552112],[114.083668,22.552119],[114.0835,22.552115],[114.083344,22.5521],[114.083075,22.552053],[114.08286,22.552016],[114.082645,22.551971],[114.08249,22.551951],[114.082351,22.551955],[114.0822,22.55199],[114.082083,22.552051],[114.082019,22.552125],[114.081986,22.552213],[114.081977,22.552314],[114.081996,22.552424],[114.082076,22.552566],[114.082085,22.552637],[114.082077,22.553066],[114.082073,22.553375],[114.082068,22.553799],[114.082066,22.553976]]}},{"type":"Feature","properties":{"cls":"minor","name":null,"en":null,"tunnel":0},"geometry":{"type":"LineString","coordinates":[[114.087435,22.553791],[114.088236,22.553212],[114.088523,22.55294],[114.089449,22.55295],[114.089501,22.553021],[114.08948,22.554084]]}},{"type":"Feature","properties":{"cls":"tertiary","name":null,"en":null,"tunnel":0},"geometry":{"type":"LineString","coordinates":[[114.083981,22.550753],[114.083909,22.55075],[114.083276,22.550743],[114.083013,22.55074],[114.082087,22.550728],[114.081906,22.550725],[114.081787,22.550723]]}},{"type":"Feature","properties":{"cls":"minor","name":null,"en":null,"tunnel":0},"geometry":{"type":"LineString","coordinates":[[114.079477,22.542545],[114.079896,22.542547],[114.080742,22.542552]]}},{"type":"Feature","properties":{"cls":"minor","name":null,"en":null,"tunnel":0},"geometry":{"type":"LineString","coordinates":[[114.086205,22.550035],[114.086751,22.550043]]}},{"type":"Feature","properties":{"cls":"minor","name":null,"en":null,"tunnel":0},"geometry":{"type":"LineString","coordinates":[[114.083287,22.549582],[114.083007,22.549579],[114.082187,22.549581],[114.082186,22.549735],[114.083008,22.549735],[114.083286,22.549738]]}},{"type":"Feature","properties":{"cls":"tertiary","name":null,"en":null,"tunnel":0},"geometry":{"type":"LineString","coordinates":[[114.083276,22.550743],[114.08328,22.550307],[114.083281,22.550134],[114.083283,22.549995],[114.083286,22.549738],[114.083287,22.549582]]}},{"type":"Feature","properties":{"cls":"minor","name":null,"en":null,"tunnel":0},"geometry":{"type":"LineString","coordinates":[[114.082923,22.539122],[114.082928,22.538574],[114.082936,22.538155]]}},{"type":"Feature","properties":{"cls":"minor","name":null,"en":null,"tunnel":0},"geometry":{"type":"LineString","coordinates":[[114.083822,22.539138],[114.083814,22.539809],[114.083804,22.540239]]}},{"type":"Feature","properties":{"cls":"minor","name":null,"en":null,"tunnel":0},"geometry":{"type":"LineString","coordinates":[[114.083013,22.539806],[114.083814,22.539809]]}},{"type":"Feature","properties":{"cls":"minor","name":null,"en":null,"tunnel":0},"geometry":{"type":"LineString","coordinates":[[114.080697,22.540861],[114.080695,22.541038],[114.080773,22.541045],[114.080769,22.541251],[114.080742,22.542552]]}},{"type":"Feature","properties":{"cls":"minor","name":null,"en":null,"tunnel":0},"geometry":{"type":"LineString","coordinates":[[114.083804,22.540239],[114.083005,22.540235],[114.082646,22.540233]]}},{"type":"Feature","properties":{"cls":"tertiary","name":null,"en":null,"tunnel":0},"geometry":{"type":"LineString","coordinates":[[114.083283,22.549995],[114.083994,22.550005]]}},{"type":"Feature","properties":{"cls":"minor","name":null,"en":null,"tunnel":0},"geometry":{"type":"LineString","coordinates":[[114.086214,22.549743],[114.086553,22.549747]]}},{"type":"Feature","properties":{"cls":"minor","name":null,"en":null,"tunnel":0},"geometry":{"type":"LineString","coordinates":[[114.083005,22.540235],[114.083013,22.539806]]}},{"type":"Feature","properties":{"cls":"minor","name":null,"en":null,"tunnel":0},"geometry":{"type":"LineString","coordinates":[[114.084941,22.550199],[114.084915,22.551001],[114.084907,22.551267]]}},{"type":"Feature","properties":{"cls":"minor","name":null,"en":null,"tunnel":0},"geometry":{"type":"LineString","coordinates":[[114.079896,22.542547],[114.079899,22.541761]]}},{"type":"Feature","properties":{"cls":"minor","name":null,"en":null,"tunnel":0},"geometry":{"type":"LineString","coordinates":[[114.086219,22.549584],[114.084638,22.549573]]}},{"type":"Feature","properties":{"cls":"minor","name":null,"en":null,"tunnel":0},"geometry":{"type":"LineString","coordinates":[[114.082636,22.540674],[114.082646,22.540233],[114.082639,22.539118]]}},{"type":"Feature","properties":{"cls":"minor","name":null,"en":null,"tunnel":0},"geometry":{"type":"LineString","coordinates":[[114.08424,22.538167],[114.082975,22.538156],[114.082936,22.538155],[114.081891,22.538141]]}},{"type":"Feature","properties":{"cls":"minor","name":null,"en":null,"tunnel":0},"geometry":{"type":"LineString","coordinates":[[114.086191,22.550973],[114.086194,22.550289],[114.0862,22.550212],[114.086205,22.550035],[114.086214,22.549743],[114.086219,22.549584],[114.086226,22.549344],[114.08623,22.549218]]}},{"type":"Feature","properties":{"cls":"minor","name":null,"en":null,"tunnel":0},"geometry":{"type":"LineString","coordinates":[[114.081452,22.54129],[114.081444,22.541578],[114.08142,22.542537]]}},{"type":"Feature","properties":{"cls":"minor","name":null,"en":null,"tunnel":0},"geometry":{"type":"LineString","coordinates":[[114.081635,22.541579],[114.081444,22.541578],[114.081253,22.541577]]}},{"type":"Feature","properties":{"cls":"minor","name":null,"en":null,"tunnel":0},"geometry":{"type":"LineString","coordinates":[[114.083013,22.55074],[114.083011,22.550307],[114.08301,22.550131],[114.083008,22.549735],[114.083007,22.549579]]}},{"type":"Feature","properties":{"cls":"minor","name":null,"en":null,"tunnel":0},"geometry":{"type":"LineString","coordinates":[[114.08328,22.550307],[114.083011,22.550307],[114.082167,22.550307],[114.082167,22.550136],[114.08301,22.550131],[114.083281,22.550134]]}},{"type":"Feature","properties":{"cls":"minor","name":null,"en":null,"tunnel":0},"geometry":{"type":"LineString","coordinates":[[114.085748,22.551022],[114.084915,22.551001],[114.084349,22.550988],[114.084346,22.551161],[114.08406,22.551154]]}},{"type":"Feature","properties":{"cls":"minor","name":null,"en":null,"tunnel":0},"geometry":{"type":"LineString","coordinates":[[114.079546,22.541235],[114.080769,22.541251],[114.081158,22.541257],[114.081266,22.541291],[114.081452,22.54129],[114.081636,22.541293]]}},{"type":"Feature","properties":{"cls":"minor","name":null,"en":null,"tunnel":0},"geometry":{"type":"LineString","coordinates":[[114.084074,22.550189],[114.084295,22.550192],[114.084499,22.550191],[114.084941,22.550199],[114.0862,22.550212]]}},{"type":"Feature","properties":{"cls":"minor","name":null,"en":null,"tunnel":0},"geometry":{"type":"LineString","coordinates":[[114.081865,22.539109],[114.082639,22.539118],[114.082923,22.539122],[114.083822,22.539138]]}},{"type":"Feature","properties":{"cls":"minor","name":null,"en":null,"tunnel":0},"geometry":{"type":"LineString","coordinates":[[114.082928,22.538574],[114.083739,22.538567]]}},{"type":"Feature","properties":{"cls":"minor","name":null,"en":null,"tunnel":0},"geometry":{"type":"LineString","coordinates":[[114.078233,22.538842],[114.078241,22.53844],[114.078217,22.538386],[114.078217,22.537829],[114.078051,22.537826]]}},{"type":"Feature","properties":{"cls":"minor","name":"兰天路","en":null,"tunnel":0},"geometry":{"type":"LineString","coordinates":[[114.085619,22.548343],[114.086754,22.548349],[114.087862,22.548356],[114.087918,22.548356],[114.088854,22.548362]]}},{"type":"Feature","properties":{"cls":"secondary","name":"华强北路","en":"Huaqiang North Road","tunnel":0},"geometry":{"type":"LineString","coordinates":[[114.081508,22.55158],[114.081545,22.551689]]}},{"type":"Feature","properties":{"cls":"minor","name":"百花七路","en":"Baihua 7th Road","tunnel":0},"geometry":{"type":"LineString","coordinates":[[114.083889,22.551701],[114.083864,22.552055],[114.083858,22.552145]]}},{"type":"Feature","properties":{"cls":"minor","name":"百花七路","en":"Baihua 7th Road","tunnel":0},"geometry":{"type":"LineString","coordinates":[[114.083847,22.552402],[114.083841,22.552928],[114.083839,22.553089],[114.083834,22.553878],[114.083829,22.553935],[114.083816,22.553995],[114.083795,22.55405],[114.083769,22.554097],[114.083734,22.55414],[114.083685,22.554187],[114.083442,22.554402]]}},{"type":"Feature","properties":{"cls":"minor","name":null,"en":null,"tunnel":0},"geometry":{"type":"LineString","coordinates":[[114.083969,22.552364],[114.084875,22.55262],[114.085151,22.552628],[114.085443,22.55305],[114.085995,22.553305],[114.086171,22.553153],[114.086283,22.553241]]}},{"type":"Feature","properties":{"cls":"foot","name":null,"en":null,"tunnel":0},"geometry":{"type":"LineString","coordinates":[[114.085417,22.552854],[114.085417,22.552945],[114.085474,22.552946]]}},{"type":"Feature","properties":{"cls":"foot","name":null,"en":null,"tunnel":0},"geometry":{"type":"LineString","coordinates":[[114.078452,22.542879],[114.078283,22.542877]]}},{"type":"Feature","properties":{"cls":"foot","name":null,"en":null,"tunnel":0},"geometry":{"type":"LineString","coordinates":[[114.07828,22.543305],[114.078522,22.543308]]}},{"type":"Feature","properties":{"cls":"foot","name":null,"en":null,"tunnel":0},"geometry":{"type":"LineString","coordinates":[[114.078283,22.542877],[114.078017,22.542875]]}},{"type":"Feature","properties":{"cls":"tertiary","name":null,"en":null,"tunnel":0},"geometry":{"type":"LineString","coordinates":[[114.084083,22.544976],[114.083325,22.54497],[114.082769,22.544965]]}},{"type":"Feature","properties":{"cls":"tertiary","name":null,"en":null,"tunnel":0},"geometry":{"type":"LineString","coordinates":[[114.093754,22.54334],[114.093749,22.543466],[114.093744,22.543557],[114.093738,22.543584],[114.093723,22.54362],[114.093688,22.543663],[114.093642,22.543702],[114.093593,22.543729],[114.093546,22.543747],[114.093495,22.543757],[114.093445,22.543761],[114.093392,22.543756],[114.093342,22.543744],[114.093302,22.543728],[114.093251,22.543698],[114.093211,22.543664],[114.093178,22.543624],[114.093165,22.543592],[114.09316,22.543568],[114.093159,22.543548],[114.093159,22.543458],[114.093162,22.543325]]}},{"type":"Feature","properties":{"cls":"minor","name":"爱华路","en":"Aihua Road","tunnel":0},"geometry":{"type":"LineString","coordinates":[[114.086759,22.543189],[114.086771,22.5427],[114.086803,22.540818]]}},{"type":"Feature","properties":{"cls":"foot","name":null,"en":null,"tunnel":0},"geometry":{"type":"LineString","coordinates":[[114.094794,22.543243],[114.094794,22.543224]]}},{"type":"Feature","properties":{"cls":"minor","name":null,"en":null,"tunnel":0},"geometry":{"type":"LineString","coordinates":[[114.095188,22.542923],[114.095141,22.542905],[114.095111,22.542883],[114.095089,22.542855],[114.095073,22.542824],[114.094971,22.542586]]}},{"type":"Feature","properties":{"cls":"minor","name":null,"en":null,"tunnel":0},"geometry":{"type":"LineString","coordinates":[[114.093796,22.541142],[114.09383,22.541141],[114.093862,22.541142],[114.094036,22.541146],[114.09417,22.541149],[114.094303,22.541152],[114.094439,22.541154],[114.094568,22.541156],[114.094708,22.541159],[114.094835,22.541161],[114.094974,22.541163],[114.095141,22.541165]]}},{"type":"Feature","properties":{"cls":"foot","name":null,"en":null,"tunnel":0},"geometry":{"type":"LineString","coordinates":[[114.093867,22.540966],[114.094043,22.540967],[114.094176,22.540968],[114.094308,22.540969],[114.094443,22.54097],[114.094494,22.54097],[114.094572,22.540972],[114.094713,22.540975],[114.094839,22.540977],[114.094975,22.54098],[114.095143,22.540983]]}},{"type":"Feature","properties":{"cls":"foot","name":null,"en":null,"tunnel":0},"geometry":{"type":"LineString","coordinates":[[114.093871,22.54079],[114.094049,22.540793],[114.094182,22.540794],[114.094313,22.540795]]}},{"type":"Feature","properties":{"cls":"foot","name":null,"en":null,"tunnel":0},"geometry":{"type":"LineString","coordinates":[[114.093876,22.540613],[114.094055,22.540616],[114.094188,22.540618],[114.094318,22.54062],[114.094453,22.540622],[114.09458,22.540623],[114.094705,22.540624],[114.094848,22.540625],[114.094978,22.540626],[114.095151,22.540628]]}},{"type":"Feature","properties":{"cls":"foot","name":null,"en":null,"tunnel":0},"geometry":{"type":"LineString","coordinates":[[114.093881,22.540435],[114.094061,22.540437],[114.094194,22.540439],[114.094323,22.540441],[114.094457,22.540443],[114.094585,22.540445],[114.094711,22.540445],[114.094852,22.540444],[114.09498,22.540444],[114.095154,22.540444]]}},{"type":"Feature","properties":{"cls":"foot","name":null,"en":null,"tunnel":0},"geometry":{"type":"LineString","coordinates":[[114.093982,22.540246],[114.094068,22.540247],[114.0942,22.540248],[114.094328,22.54025],[114.094461,22.540251],[114.094591,22.540252],[114.094717,22.540253],[114.094857,22.540254],[114.094928,22.540255],[114.094982,22.540256],[114.095091,22.540257],[114.09514,22.540278],[114.095156,22.540314],[114.095154,22.540444],[114.095151,22.540628],[114.095148,22.540814],[114.095143,22.540983],[114.095141,22.541165],[114.09514,22.541275],[114.095138,22.541355],[114.095004,22.541358],[114.094972,22.541359],[114.09483,22.541363],[114.094702,22.541366],[114.094564,22.54137],[114.094435,22.541373],[114.094297,22.541377],[114.094162,22.541381],[114.094028,22.541384],[114.09386,22.541389]]}},{"type":"Feature","properties":{"cls":"foot","name":null,"en":null,"tunnel":0},"geometry":{"type":"LineString","coordinates":[[114.084146,22.545126],[114.085517,22.545141]]}},{"type":"Feature","properties":{"cls":"foot","name":null,"en":null,"tunnel":0},"geometry":{"type":"LineString","coordinates":[[114.08276,22.546068],[114.083313,22.546082]]}},{"type":"Feature","properties":{"cls":"foot","name":null,"en":null,"tunnel":0},"geometry":{"type":"LineString","coordinates":[[114.081998,22.547038],[114.082751,22.547051],[114.083302,22.547062],[114.084045,22.547076]]}},{"type":"Feature","properties":{"cls":"foot","name":null,"en":null,"tunnel":0},"geometry":{"type":"LineString","coordinates":[[114.086012,22.537703],[114.085812,22.5377]]}},{"type":"Feature","properties":{"cls":"foot","name":null,"en":null,"tunnel":0},"geometry":{"type":"LineString","coordinates":[[114.091378,22.537964],[114.091559,22.53837],[114.091652,22.538492]]}},{"type":"Feature","properties":{"cls":"foot","name":"爱华南天桥","en":"Aihua South Overpass","tunnel":0},"geometry":{"type":"LineString","coordinates":[[114.086031,22.537112],[114.086012,22.537703]]}},{"type":"Feature","properties":{"cls":"foot","name":null,"en":null,"tunnel":0},"geometry":{"type":"LineString","coordinates":[[114.082005,22.537554],[114.081473,22.537541],[114.081358,22.537597]]}},{"type":"Feature","properties":{"cls":"foot","name":null,"en":null,"tunnel":0},"geometry":{"type":"LineString","coordinates":[[114.082195,22.536935],[114.082037,22.537055],[114.082005,22.537554],[114.082133,22.537692]]}},{"type":"Feature","properties":{"cls":"foot","name":null,"en":null,"tunnel":0},"geometry":{"type":"LineString","coordinates":[[114.091652,22.538492],[114.091711,22.538457],[114.091784,22.538425],[114.091859,22.538402],[114.09191,22.538396]]}},{"type":"Feature","properties":{"cls":"foot","name":null,"en":null,"tunnel":0},"geometry":{"type":"LineString","coordinates":[[114.081358,22.537597],[114.081398,22.53766],[114.081432,22.537729],[114.081456,22.537789],[114.081484,22.537873]]}},{"type":"Feature","properties":{"cls":"foot","name":null,"en":null,"tunnel":0},"geometry":{"type":"LineString","coordinates":[[114.082133,22.537692],[114.082195,22.537653],[114.082275,22.537622],[114.082351,22.537608],[114.082461,22.537608]]}},{"type":"Feature","properties":{"cls":"foot","name":null,"en":null,"tunnel":0},"geometry":{"type":"LineString","coordinates":[[114.091378,22.537964],[114.091658,22.537978]]}},{"type":"Feature","properties":{"cls":"foot","name":null,"en":null,"tunnel":0},"geometry":{"type":"LineString","coordinates":[[114.090993,22.538431],[114.09111,22.538353],[114.091559,22.53837]]}},{"type":"Feature","properties":{"cls":"minor","name":null,"en":null,"tunnel":0},"geometry":{"type":"LineString","coordinates":[[114.08862,22.542751],[114.086771,22.5427],[114.084158,22.542621]]}},{"type":"Feature","properties":{"cls":"minor","name":"益民路","en":null,"tunnel":0},"geometry":{"type":"LineString","coordinates":[[114.0938,22.548137],[114.093846,22.548168],[114.094298,22.548476],[114.09458,22.548692],[114.094753,22.548739]]}},{"type":"Feature","properties":{"cls":"minor","name":null,"en":null,"tunnel":0},"geometry":{"type":"LineString","coordinates":[[114.080337,22.547065],[114.080333,22.547217],[114.080327,22.54753],[114.081132,22.547543]]}},{"type":"Feature","properties":{"cls":"major","name":null,"en":null,"tunnel":0},"geometry":{"type":"LineString","coordinates":[[114.082884,22.537204],[114.08332,22.537222],[114.083472,22.537235],[114.083893,22.537306],[114.084087,22.537327]]}},{"type":"Feature","properties":{"cls":"major","name":"滨河上步立交","en":null,"tunnel":0},"geometry":{"type":"LineString","coordinates":[[114.088609,22.537442],[114.088759,22.537466],[114.088928,22.537491],[114.089246,22.537516]]}},{"type":"Feature","properties":{"cls":"secondary","name":"同心南路","en":null,"tunnel":0},"geometry":{"type":"LineString","coordinates":[[114.095239,22.540167],[114.095245,22.539844],[114.095257,22.538421]]}},{"type":"Feature","properties":{"cls":"tertiary","name":null,"en":null,"tunnel":0},"geometry":{"type":"LineString","coordinates":[[114.077837,22.54315],[114.077835,22.543274],[114.077834,22.543384],[114.077876,22.543446],[114.077864,22.543766],[114.077851,22.544114],[114.07784,22.544145],[114.077805,22.544176],[114.077533,22.544333],[114.077499,22.544371],[114.077489,22.544431],[114.07748,22.544805],[114.077466,22.545371]]}},{"type":"Feature","properties":{"cls":"tertiary","name":null,"en":null,"tunnel":0},"geometry":{"type":"LineString","coordinates":[[114.077864,22.543766],[114.078046,22.543774],[114.078086,22.543776],[114.078129,22.543802],[114.07815,22.543847],[114.078184,22.544308],[114.078192,22.54437],[114.078257,22.544682],[114.078292,22.54471],[114.079156,22.544723],[114.079236,22.544724]]}},{"type":"Feature","properties":{"cls":"tertiary","name":null,"en":null,"tunnel":1},"geometry":{"type":"LineString","coordinates":[[114.07829,22.544817],[114.078287,22.545289]]}},{"type":"Feature","properties":{"cls":"tertiary","name":null,"en":null,"tunnel":0},"geometry":{"type":"LineString","coordinates":[[114.077466,22.545371],[114.077451,22.545471],[114.077428,22.546399]]}},{"type":"Feature","properties":{"cls":"tertiary","name":"航苑路","en":"Hangyuan Road","tunnel":0},"geometry":{"type":"LineString","coordinates":[[114.076404,22.546392],[114.076462,22.546392],[114.077428,22.546399],[114.078286,22.546405],[114.07915,22.546413],[114.079222,22.546414]]}},{"type":"Feature","properties":{"cls":"minor","name":null,"en":null,"tunnel":0},"geometry":{"type":"LineString","coordinates":[[114.076675,22.543559],[114.076675,22.543403],[114.07668,22.543385],[114.076697,22.543378],[114.077057,22.54338],[114.077494,22.543382],[114.077799,22.543384],[114.077834,22.543384]]}},{"type":"Feature","properties":{"cls":"minor","name":null,"en":null,"tunnel":0},"geometry":{"type":"LineString","coordinates":[[114.077799,22.543384],[114.077666,22.543463],[114.077494,22.543464]]}},{"type":"Feature","properties":{"cls":"minor","name":null,"en":null,"tunnel":0},"geometry":{"type":"LineString","coordinates":[[114.077494,22.543382],[114.077494,22.543464],[114.077486,22.543479],[114.077469,22.543486],[114.077092,22.543485],[114.077057,22.543485]]}},{"type":"Feature","properties":{"cls":"minor","name":null,"en":null,"tunnel":0},"geometry":{"type":"LineString","coordinates":[[114.077092,22.543485],[114.077086,22.544233]]}},{"type":"Feature","properties":{"cls":"minor","name":null,"en":null,"tunnel":0},"geometry":{"type":"LineString","coordinates":[[114.077533,22.544333],[114.077431,22.544296],[114.077141,22.544292],[114.077086,22.544233],[114.0766,22.54423],[114.076557,22.544227],[114.076543,22.544801],[114.076527,22.545354]]}},{"type":"Feature","properties":{"cls":"minor","name":null,"en":null,"tunnel":0},"geometry":{"type":"LineString","coordinates":[[114.077057,22.54338],[114.077057,22.543485],[114.077041,22.543546],[114.077031,22.543565],[114.077009,22.54357],[114.076787,22.54357],[114.076691,22.543569],[114.076675,22.543559]]}},{"type":"Feature","properties":{"cls":"minor","name":null,"en":null,"tunnel":0},"geometry":{"type":"LineString","coordinates":[[114.076543,22.544801],[114.07748,22.544805]]}},{"type":"Feature","properties":{"cls":"tertiary","name":null,"en":null,"tunnel":0},"geometry":{"type":"LineString","coordinates":[[114.079248,22.544051],[114.080423,22.544063]]}},{"type":"Feature","properties":{"cls":"foot","name":"华发路过街通道","en":null,"tunnel":1},"geometry":{"type":"LineString","coordinates":[[114.084762,22.543387],[114.084767,22.543132],[114.084768,22.543074]]}},{"type":"Feature","properties":{"cls":"minor","name":null,"en":null,"tunnel":0},"geometry":{"type":"LineString","coordinates":[[114.086467,22.544571],[114.086472,22.544022]]}},{"type":"Feature","properties":{"cls":"minor","name":null,"en":null,"tunnel":0},"geometry":{"type":"LineString","coordinates":[[114.086119,22.544017],[114.086472,22.544022],[114.086882,22.544028],[114.086873,22.544577],[114.086467,22.544571],[114.08611,22.544566],[114.086119,22.544017]]}},{"type":"Feature","properties":{"cls":"minor","name":null,"en":null,"tunnel":0},"geometry":{"type":"LineString","coordinates":[[114.086119,22.544017],[114.086122,22.543441],[114.086124,22.543304]]}},{"type":"Feature","properties":{"cls":"foot","name":"华强北路","en":null,"tunnel":0},"geometry":{"type":"LineString","coordinates":[[114.081508,22.55158],[114.081509,22.551537],[114.081553,22.549164],[114.081591,22.547082],[114.081619,22.545598],[114.081662,22.543329],[114.081662,22.543307]]}},{"type":"Feature","properties":{"cls":"minor","name":null,"en":null,"tunnel":0},"geometry":{"type":"LineString","coordinates":[[114.098322,22.539475],[114.098197,22.539474],[114.097907,22.539472],[114.096603,22.539461],[114.096527,22.539461],[114.095738,22.539454]]}},{"type":"Feature","properties":{"cls":"minor","name":null,"en":null,"tunnel":0},"geometry":{"type":"LineString","coordinates":[[114.095245,22.539844],[114.096606,22.539863]]}},{"type":"Feature","properties":{"cls":"minor","name":null,"en":null,"tunnel":0},"geometry":{"type":"LineString","coordinates":[[114.095738,22.539454],[114.095746,22.53891]]}},{"type":"Feature","properties":{"cls":"minor","name":null,"en":null,"tunnel":0},"geometry":{"type":"LineString","coordinates":[[114.095746,22.53891],[114.096533,22.538917],[114.097915,22.538928],[114.099017,22.538937]]}},{"type":"Feature","properties":{"cls":"primary","name":"上步南路","en":"Shangbu South Road","tunnel":0},"geometry":{"type":"LineString","coordinates":[[114.091144,22.541357],[114.09117,22.540472]]}},{"type":"Feature","properties":{"cls":"tertiary","name":"百花二路","en":"Baihua 2nd Road","tunnel":0},"geometry":{"type":"LineString","coordinates":[[114.086586,22.552975],[114.087138,22.553504],[114.087435,22.553791],[114.087975,22.554302],[114.088336,22.554636],[114.088888,22.555174],[114.089779,22.556035],[114.089851,22.556097],[114.089968,22.556159],[114.090005,22.556179],[114.09017,22.556226],[114.09033,22.556252],[114.090786,22.556258],[114.090918,22.556256]]}},{"type":"Feature","properties":{"cls":"secondary","name":"华发北路","en":"Huafa North Road","tunnel":0},"geometry":{"type":"LineString","coordinates":[[114.08397,22.551405],[114.083981,22.550753],[114.083994,22.550005],[114.084008,22.54919],[114.084023,22.548335],[114.084045,22.547125],[114.084045,22.547076],[114.084057,22.54641],[114.08407,22.545649],[114.084083,22.544976],[114.084108,22.54335],[114.084111,22.543257]]}},{"type":"Feature","properties":{"cls":"secondary","name":"华发北路","en":"Huafa North Road","tunnel":0},"geometry":{"type":"LineString","coordinates":[[114.084056,22.551408],[114.084062,22.55145],[114.084078,22.551488],[114.084102,22.551519],[114.084137,22.551549],[114.084178,22.551573],[114.084218,22.551589],[114.084263,22.551603],[114.084324,22.551612]]}},{"type":"Feature","properties":{"cls":"secondary","name":"华强北路","en":"Huaqiang North Road","tunnel":0},"geometry":{"type":"LineString","coordinates":[[114.081545,22.551689],[114.081513,22.553967],[114.081458,22.556157]]}},{"type":"Feature","properties":{"cls":"major","name":null,"en":null,"tunnel":0},"geometry":{"type":"LineString","coordinates":[[114.084047,22.537461],[114.083118,22.537534],[114.082902,22.537545]]}},{"type":"Feature","properties":{"cls":"major","name":null,"en":null,"tunnel":0},"geometry":{"type":"LineString","coordinates":[[114.089126,22.537873],[114.088438,22.537648],[114.088195,22.537574]]}},{"type":"Feature","properties":{"cls":"minor","name":null,"en":null,"tunnel":0},"geometry":{"type":"LineString","coordinates":[[114.084242,22.538129],[114.085155,22.538147],[114.085214,22.53808],[114.085731,22.538095],[114.085728,22.538173],[114.086627,22.538188]]}},{"type":"Feature","properties":{"cls":"minor","name":null,"en":null,"tunnel":0},"geometry":{"type":"LineString","coordinates":[[114.085155,22.538147],[114.085141,22.538773],[114.08442,22.538756]]}},{"type":"Feature","properties":{"cls":"minor","name":null,"en":null,"tunnel":0},"geometry":{"type":"LineString","coordinates":[[114.091904,22.54147],[114.091933,22.540118]]}},{"type":"Feature","properties":{"cls":"minor","name":null,"en":null,"tunnel":0},"geometry":{"type":"LineString","coordinates":[[114.088464,22.551763],[114.088463,22.551845],[114.088463,22.551869],[114.088469,22.551904],[114.08848,22.55194],[114.088501,22.551977],[114.088524,22.552003],[114.088574,22.552031],[114.088632,22.552042],[114.088944,22.552046],[114.089033,22.552047],[114.089475,22.552052],[114.089507,22.552078],[114.089505,22.552293]]}},{"type":"Feature","properties":{"cls":"minor","name":null,"en":null,"tunnel":0},"geometry":{"type":"LineString","coordinates":[[114.089505,22.552293],[114.089932,22.552294]]}},{"type":"Feature","properties":{"cls":"minor","name":null,"en":null,"tunnel":0},"geometry":{"type":"LineString","coordinates":[[114.089932,22.552294],[114.08993,22.552603],[114.089477,22.5526],[114.089269,22.552598],[114.089159,22.552618],[114.08893,22.552615],[114.088424,22.552607]]}},{"type":"Feature","properties":{"cls":"minor","name":null,"en":null,"tunnel":0},"geometry":{"type":"LineString","coordinates":[[114.08893,22.552615],[114.088926,22.552877]]}},{"type":"Feature","properties":{"cls":"minor","name":null,"en":null,"tunnel":0},"geometry":{"type":"LineString","coordinates":[[114.089505,22.552293],[114.089274,22.552291],[114.089269,22.552598]]}},{"type":"Feature","properties":{"cls":"minor","name":null,"en":null,"tunnel":0},"geometry":{"type":"LineString","coordinates":[[114.090017,22.552354],[114.090009,22.552718]]}},{"type":"Feature","properties":{"cls":"minor","name":null,"en":null,"tunnel":0},"geometry":{"type":"LineString","coordinates":[[114.089477,22.5526],[114.089473,22.552882],[114.088926,22.552877],[114.088442,22.55287],[114.08842,22.552854]]}},{"type":"Feature","properties":{"cls":"minor","name":null,"en":null,"tunnel":0},"geometry":{"type":"LineString","coordinates":[[114.088424,22.552607],[114.088452,22.552529],[114.088456,22.552395],[114.08852,22.552333],[114.088521,22.552286],[114.088523,22.552077],[114.088411,22.55193]]}},{"type":"Feature","properties":{"cls":"minor","name":null,"en":null,"tunnel":0},"geometry":{"type":"LineString","coordinates":[[114.088521,22.552286],[114.088849,22.552289]]}},{"type":"Feature","properties":{"cls":"minor","name":null,"en":null,"tunnel":0},"geometry":{"type":"LineString","coordinates":[[114.08848,22.55194],[114.088923,22.551944],[114.088946,22.551962],[114.088944,22.552046]]}},{"type":"Feature","properties":{"cls":"foot","name":null,"en":null,"tunnel":0},"geometry":{"type":"LineString","coordinates":[[114.089033,22.552047],[114.089037,22.551886],[114.089038,22.551845],[114.08904,22.551774]]}},{"type":"Feature","properties":{"cls":"minor","name":null,"en":null,"tunnel":0},"geometry":{"type":"LineString","coordinates":[[114.088407,22.552324],[114.088172,22.552318]]}},{"type":"Feature","properties":{"cls":"minor","name":null,"en":null,"tunnel":0},"geometry":{"type":"LineString","coordinates":[[114.090019,22.552295],[114.090017,22.552354]]}},{"type":"Feature","properties":{"cls":"minor","name":"百花七路","en":"Baihua 7th Road","tunnel":0},"geometry":{"type":"LineString","coordinates":[[114.083858,22.552145],[114.083853,22.552274],[114.08385,22.552325],[114.083847,22.552402]]}},{"type":"Feature","properties":{"cls":"minor","name":null,"en":null,"tunnel":0},"geometry":{"type":"LineString","coordinates":[[114.091063,22.548656],[114.090965,22.548654],[114.090286,22.548644]]}},{"type":"Feature","properties":{"cls":"minor","name":null,"en":null,"tunnel":0},"geometry":{"type":"LineString","coordinates":[[114.091066,22.548368],[114.090687,22.548366]]}},{"type":"Feature","properties":{"cls":"minor","name":null,"en":null,"tunnel":0},"geometry":{"type":"LineString","coordinates":[[114.091102,22.545818],[114.090973,22.545819],[114.090928,22.545819],[114.090744,22.545819]]}},{"type":"Feature","properties":{"cls":"minor","name":null,"en":null,"tunnel":0},"geometry":{"type":"LineString","coordinates":[[114.090928,22.545819],[114.090917,22.546612]]}},{"type":"Feature","properties":{"cls":"foot","name":null,"en":null,"tunnel":0},"geometry":{"type":"LineString","coordinates":[[114.092202,22.541559],[114.092185,22.542362],[114.092184,22.542474],[114.092176,22.542812],[114.092162,22.543188]]}},{"type":"Feature","properties":{"cls":"foot","name":null,"en":null,"tunnel":0},"geometry":{"type":"LineString","coordinates":[[114.092185,22.542362],[114.091584,22.542355],[114.091388,22.542355]]}},{"type":"Feature","properties":{"cls":"foot","name":null,"en":null,"tunnel":0},"geometry":{"type":"LineString","coordinates":[[114.092176,22.542812],[114.091574,22.542811],[114.091584,22.542355]]}},{"type":"Feature","properties":{"cls":"minor","name":null,"en":null,"tunnel":0},"geometry":{"type":"LineString","coordinates":[[114.088301,22.539538],[114.088644,22.539895],[114.08887,22.540113],[114.088981,22.540197],[114.089084,22.540242],[114.089199,22.54026],[114.089479,22.540267]]}},{"type":"Feature","properties":{"cls":"minor","name":null,"en":null,"tunnel":0},"geometry":{"type":"LineString","coordinates":[[114.087625,22.538741],[114.087748,22.538637],[114.087591,22.538306],[114.087409,22.538029],[114.08742,22.53787],[114.088004,22.53784],[114.08867,22.537934],[114.088705,22.537804]]}},{"type":"Feature","properties":{"cls":"foot","name":null,"en":null,"tunnel":0},"geometry":{"type":"LineString","coordinates":[[114.08742,22.53787],[114.087361,22.537865],[114.086755,22.537855],[114.086637,22.53785]]}},{"type":"Feature","properties":{"cls":"minor","name":null,"en":null,"tunnel":0},"geometry":{"type":"LineString","coordinates":[[114.088301,22.539538],[114.08845,22.539381],[114.088573,22.539332]]}},{"type":"Feature","properties":{"cls":"minor","name":null,"en":null,"tunnel":0},"geometry":{"type":"LineString","coordinates":[[114.093752,22.552947],[114.093758,22.552508],[114.093252,22.552502],[114.093197,22.552501],[114.093165,22.552501]]}},{"type":"Feature","properties":{"cls":"minor","name":null,"en":null,"tunnel":0},"geometry":{"type":"LineString","coordinates":[[114.094435,22.551846],[114.094435,22.5519],[114.094428,22.552286],[114.094461,22.552314],[114.09501,22.552323],[114.09505,22.552285],[114.095057,22.552031]]}},{"type":"Feature","properties":{"cls":"minor","name":null,"en":null,"tunnel":0},"geometry":{"type":"LineString","coordinates":[[114.094461,22.552314],[114.094459,22.552417],[114.095008,22.552423],[114.09501,22.552323]]}},{"type":"Feature","properties":{"cls":"foot","name":null,"en":null,"tunnel":0},"geometry":{"type":"LineString","coordinates":[[114.093195,22.552943],[114.093752,22.552947],[114.094738,22.552955],[114.095265,22.552961],[114.09573,22.552967],[114.095984,22.55297],[114.096051,22.552971]]}},{"type":"Feature","properties":{"cls":"minor","name":null,"en":null,"tunnel":0},"geometry":{"type":"LineString","coordinates":[[114.091923,22.552437],[114.092257,22.552442],[114.092467,22.552444],[114.092505,22.552445],[114.092692,22.552447],[114.093103,22.552451],[114.093124,22.552452]]}},{"type":"Feature","properties":{"cls":"minor","name":null,"en":null,"tunnel":0},"geometry":{"type":"LineString","coordinates":[[114.092252,22.552706],[114.091914,22.552703]]}},{"type":"Feature","properties":{"cls":"minor","name":null,"en":null,"tunnel":0},"geometry":{"type":"LineString","coordinates":[[114.091917,22.552955],[114.092248,22.552959],[114.092448,22.552962],[114.092684,22.552965],[114.093045,22.552971]]}},{"type":"Feature","properties":{"cls":"minor","name":null,"en":null,"tunnel":0},"geometry":{"type":"LineString","coordinates":[[114.092505,22.552445],[114.092509,22.552147],[114.091936,22.552141]]}},{"type":"Feature","properties":{"cls":"primary","name":null,"en":null,"tunnel":0},"geometry":{"type":"LineString","coordinates":[[114.091616,22.551808],[114.091546,22.551821],[114.091507,22.551831],[114.091479,22.551838],[114.091445,22.551848],[114.091413,22.551858],[114.091376,22.551875],[114.091343,22.551893],[114.091313,22.551911],[114.091288,22.55193],[114.091268,22.551947],[114.091248,22.551968],[114.091227,22.551991],[114.09121,22.552014],[114.091195,22.552035],[114.091181,22.552059],[114.091166,22.552086],[114.091152,22.552115],[114.091141,22.552142],[114.091131,22.55217],[114.091124,22.552194],[114.091119,22.552224]]}},{"type":"Feature","properties":{"cls":"primary","name":null,"en":null,"tunnel":0},"geometry":{"type":"LineString","coordinates":[[114.090977,22.552595],[114.090912,22.552376],[114.090898,22.55204],[114.090847,22.551954],[114.090815,22.551929],[114.090768,22.551892],[114.09064,22.551848],[114.090302,22.551797]]}},{"type":"Feature","properties":{"cls":"minor","name":null,"en":null,"tunnel":0},"geometry":{"type":"LineString","coordinates":[[114.093072,22.552705],[114.092687,22.5527]]}},{"type":"Feature","properties":{"cls":"minor","name":null,"en":null,"tunnel":0},"geometry":{"type":"LineString","coordinates":[[114.092692,22.552447],[114.092687,22.5527],[114.092684,22.552965]]}},{"type":"Feature","properties":{"cls":"minor","name":null,"en":null,"tunnel":0},"geometry":{"type":"LineString","coordinates":[[114.092248,22.552959],[114.092252,22.552706],[114.092257,22.552442]]}},{"type":"Feature","properties":{"cls":"minor","name":null,"en":null,"tunnel":0},"geometry":{"type":"LineString","coordinates":[[114.09244,22.553298],[114.092448,22.552962]]}},{"type":"Feature","properties":{"cls":"tertiary","name":null,"en":null,"tunnel":0},"geometry":{"type":"LineString","coordinates":[[114.088745,22.545371],[114.088756,22.544767],[114.088757,22.544511],[114.088758,22.544489],[114.088762,22.54447],[114.08877,22.544451],[114.088785,22.544433],[114.088802,22.54442],[114.088822,22.54441],[114.088846,22.544404],[114.088875,22.544402],[114.090109,22.544418],[114.090215,22.54442]]}},{"type":"Feature","properties":{"cls":"minor","name":null,"en":null,"tunnel":0},"geometry":{"type":"LineString","coordinates":[[114.08959,22.543373],[114.089577,22.543787],[114.089577,22.543825]]}},{"type":"Feature","properties":{"cls":"tertiary","name":null,"en":null,"tunnel":0},"geometry":{"type":"LineString","coordinates":[[114.090215,22.54442],[114.090215,22.544449],[114.090207,22.545426]]}},{"type":"Feature","properties":{"cls":"minor","name":null,"en":null,"tunnel":0},"geometry":{"type":"LineString","coordinates":[[114.090216,22.544314],[114.090216,22.544351],[114.090215,22.54442]]}},{"type":"Feature","properties":{"cls":"minor","name":null,"en":null,"tunnel":0},"geometry":{"type":"LineString","coordinates":[[114.090206,22.544148],[114.090205,22.544262],[114.090216,22.544314]]}},{"type":"Feature","properties":{"cls":"minor","name":null,"en":null,"tunnel":0},"geometry":{"type":"LineString","coordinates":[[114.090216,22.544314],[114.089589,22.544306],[114.089565,22.544281],[114.089571,22.543889],[114.089577,22.543825]]}},{"type":"Feature","properties":{"cls":"minor","name":null,"en":null,"tunnel":0},"geometry":{"type":"LineString","coordinates":[[114.090216,22.544314],[114.090244,22.54428],[114.09025,22.543831],[114.089577,22.543825]]}},{"type":"Feature","properties":{"cls":"minor","name":null,"en":null,"tunnel":0},"geometry":{"type":"LineString","coordinates":[[114.089577,22.543825],[114.089589,22.543887],[114.089588,22.544008]]}},{"type":"Feature","properties":{"cls":"minor","name":null,"en":null,"tunnel":0},"geometry":{"type":"LineString","coordinates":[[114.088756,22.544767],[114.090057,22.54478]]}},{"type":"Feature","properties":{"cls":"minor","name":null,"en":null,"tunnel":0},"geometry":{"type":"LineString","coordinates":[[114.091128,22.544978],[114.09096,22.544975],[114.090935,22.544972]]}},{"type":"Feature","properties":{"cls":"minor","name":null,"en":null,"tunnel":0},"geometry":{"type":"LineString","coordinates":[[114.090511,22.545352],[114.090844,22.545357],[114.090926,22.545283],[114.090935,22.544972],[114.090942,22.54474],[114.09078,22.544579],[114.090396,22.544582],[114.090258,22.544661],[114.090252,22.545103],[114.090514,22.545194]]}},{"type":"Feature","properties":{"cls":"minor","name":null,"en":null,"tunnel":0},"geometry":{"type":"LineString","coordinates":[[114.090514,22.545194],[114.090511,22.545352],[114.090509,22.545383],[114.090508,22.545435]]}},{"type":"Feature","properties":{"cls":"foot","name":null,"en":null,"tunnel":0},"geometry":{"type":"LineString","coordinates":[[114.09078,22.544579],[114.090854,22.544521],[114.090856,22.544478],[114.090856,22.544455]]}},{"type":"Feature","properties":{"cls":"minor","name":null,"en":null,"tunnel":0},"geometry":{"type":"LineString","coordinates":[[114.087931,22.54382],[114.087986,22.543821],[114.088096,22.543823],[114.088466,22.543827],[114.088609,22.543829],[114.08947,22.543838]]}},{"type":"Feature","properties":{"cls":"minor","name":null,"en":null,"tunnel":0},"geometry":{"type":"LineString","coordinates":[[114.089481,22.543371],[114.089471,22.543733],[114.08947,22.543798],[114.08947,22.543838],[114.089465,22.544285],[114.088605,22.544281],[114.088609,22.543829]]}},{"type":"Feature","properties":{"cls":"minor","name":null,"en":null,"tunnel":0},"geometry":{"type":"LineString","coordinates":[[114.087923,22.544357],[114.087978,22.544357],[114.088534,22.544365],[114.088539,22.543919],[114.087985,22.543911]]}},{"type":"Feature","properties":{"cls":"minor","name":null,"en":null,"tunnel":0},"geometry":{"type":"LineString","coordinates":[[114.088467,22.543792],[114.088466,22.543827]]}},{"type":"Feature","properties":{"cls":"minor","name":null,"en":null,"tunnel":0},"geometry":{"type":"LineString","coordinates":[[114.090939,22.544456],[114.090939,22.544404],[114.090941,22.544161],[114.090907,22.544122],[114.090658,22.543837],[114.090298,22.543832]]}},{"type":"Feature","properties":{"cls":"minor","name":null,"en":null,"tunnel":0},"geometry":{"type":"LineString","coordinates":[[114.090907,22.544122],[114.090908,22.543981],[114.090903,22.543962],[114.090894,22.543946],[114.090874,22.543934],[114.090854,22.543926]]}},{"type":"Feature","properties":{"cls":"foot","name":null,"en":null,"tunnel":0},"geometry":{"type":"LineString","coordinates":[[114.090298,22.543832],[114.090273,22.543832],[114.09025,22.543831]]}},{"type":"Feature","properties":{"cls":"minor","name":null,"en":null,"tunnel":0},"geometry":{"type":"LineString","coordinates":[[114.082268,22.543103],[114.082269,22.542976],[114.081872,22.542614],[114.081681,22.54261]]}},{"type":"Feature","properties":{"cls":"foot","name":null,"en":null,"tunnel":0},"geometry":{"type":"LineString","coordinates":[[114.099271,22.541273],[114.099429,22.541416],[114.099397,22.542978],[114.099394,22.543132],[114.099169,22.543347],[114.099005,22.543346],[114.098032,22.543338],[114.097057,22.543297],[114.096957,22.543293],[114.096081,22.543245],[114.095472,22.543235],[114.095255,22.543232],[114.095182,22.54323],[114.095015,22.543228],[114.094794,22.543224],[114.093586,22.543213],[114.093478,22.543211],[114.093379,22.543209],[114.092777,22.543196],[114.092325,22.543191],[114.092162,22.543188],[114.091725,22.543189],[114.091672,22.543189],[114.091549,22.543127],[114.091474,22.54304],[114.091408,22.542891],[114.091386,22.542609],[114.091387,22.542461],[114.091388,22.542355],[114.091392,22.542034],[114.091392,22.541556]]}},{"type":"Feature","properties":{"cls":"foot","name":null,"en":null,"tunnel":1},"geometry":{"type":"LineString","coordinates":[[114.095123,22.543248],[114.094794,22.543243]]}},{"type":"Feature","properties":{"cls":"foot","name":null,"en":null,"tunnel":0},"geometry":{"type":"LineString","coordinates":[[114.095473,22.543253],[114.095472,22.543235]]}},{"type":"Feature","properties":{"cls":"foot","name":null,"en":null,"tunnel":0},"geometry":{"type":"LineString","coordinates":[[114.093478,22.543211],[114.093482,22.543014],[114.093488,22.542737]]}},{"type":"Feature","properties":{"cls":"foot","name":null,"en":null,"tunnel":0},"geometry":{"type":"LineString","coordinates":[[114.092325,22.543191],[114.092335,22.54306],[114.092475,22.542988],[114.092572,22.542926],[114.092669,22.542853],[114.092745,22.542777],[114.092756,22.542766],[114.09283,22.542665],[114.092908,22.542531],[114.09296,22.54241],[114.092977,22.542332],[114.092986,22.542291],[114.092995,22.542211]]}},{"type":"Feature","properties":{"cls":"foot","name":null,"en":null,"tunnel":0},"geometry":{"type":"LineString","coordinates":[[114.093488,22.542737],[114.093407,22.542649],[114.093326,22.542584],[114.093224,22.542531],[114.093136,22.542475],[114.092977,22.542332]]}},{"type":"Feature","properties":{"cls":"foot","name":null,"en":null,"tunnel":0},"geometry":{"type":"LineString","coordinates":[[114.092475,22.542988],[114.092455,22.542909],[114.092442,22.542815],[114.09244,22.54274],[114.092454,22.542657],[114.092491,22.54256],[114.092553,22.542464],[114.092626,22.542384],[114.092719,22.542307],[114.092827,22.54225],[114.092995,22.542211],[114.093157,22.542192],[114.093338,22.542188],[114.093557,22.542202],[114.093779,22.542237],[114.093958,22.542294],[114.09405,22.542354],[114.0941,22.542394],[114.094149,22.542451]]}},{"type":"Feature","properties":{"cls":"foot","name":null,"en":null,"tunnel":0},"geometry":{"type":"LineString","coordinates":[[114.094149,22.542451],[114.093906,22.542559],[114.093849,22.542583],[114.093488,22.542737]]}},{"type":"Feature","properties":{"cls":"minor","name":null,"en":null,"tunnel":0},"geometry":{"type":"LineString","coordinates":[[114.094971,22.542586],[114.094955,22.54255],[114.094902,22.542429],[114.094779,22.542113]]}},{"type":"Feature","properties":{"cls":"minor","name":null,"en":null,"tunnel":0},"geometry":{"type":"LineString","coordinates":[[114.094971,22.542586],[114.094979,22.542422],[114.094983,22.542186],[114.094982,22.542158],[114.094977,22.542138],[114.094961,22.542122],[114.09494,22.542115],[114.094917,22.542115],[114.094779,22.542113],[114.094636,22.542062],[114.094544,22.54206],[114.094507,22.542067],[114.094477,22.542082],[114.0941,22.542394]]}},{"type":"Feature","properties":{"cls":"minor","name":null,"en":null,"tunnel":0},"geometry":{"type":"LineString","coordinates":[[114.094779,22.542113],[114.09478,22.541889],[114.094785,22.541865],[114.094804,22.541813],[114.094829,22.541774],[114.094854,22.541756],[114.094869,22.541749],[114.094886,22.541744],[114.094908,22.541743],[114.09493,22.541748],[114.094944,22.541755],[114.094957,22.541764],[114.094971,22.541782],[114.094978,22.541798],[114.094981,22.541816],[114.094979,22.541833],[114.094971,22.541852],[114.09496,22.54187],[114.094943,22.541889],[114.094928,22.54191],[114.094921,22.541928],[114.094919,22.541947],[114.094917,22.542115]]}},{"type":"Feature","properties":{"cls":"minor","name":null,"en":null,"tunnel":0},"geometry":{"type":"LineString","coordinates":[[114.094636,22.542062],[114.094636,22.541956],[114.094636,22.541813],[114.094483,22.541812]]}},{"type":"Feature","properties":{"cls":"minor","name":null,"en":null,"tunnel":0},"geometry":{"type":"LineString","coordinates":[[114.094513,22.541955],[114.094636,22.541956]]}},{"type":"Feature","properties":{"cls":"minor","name":null,"en":null,"tunnel":0},"geometry":{"type":"LineString","coordinates":[[114.092444,22.541561],[114.092444,22.541655],[114.092455,22.541697],[114.092476,22.541735],[114.092511,22.541766],[114.092557,22.541787],[114.092612,22.541797],[114.092676,22.541795],[114.092998,22.54172]]}},{"type":"Feature","properties":{"cls":"foot","name":null,"en":null,"tunnel":0},"geometry":{"type":"LineString","coordinates":[[114.092745,22.542777],[114.092964,22.542956],[114.093012,22.542985],[114.09307,22.543006],[114.09313,22.543014],[114.093183,22.543014],[114.093225,22.543012],[114.093482,22.543014],[114.093653,22.543013],[114.093754,22.542995],[114.093855,22.542964],[114.093928,22.542883],[114.093948,22.542812],[114.093954,22.542791],[114.093919,22.542667],[114.093849,22.542583]]}},{"type":"Feature","properties":{"cls":"minor","name":null,"en":null,"tunnel":0},"geometry":{"type":"LineString","coordinates":[[114.07666,22.542176],[114.076662,22.542002],[114.076666,22.54174],[114.077256,22.541747],[114.07725,22.542183],[114.07666,22.542176]]}},{"type":"Feature","properties":{"cls":"minor","name":null,"en":null,"tunnel":0},"geometry":{"type":"LineString","coordinates":[[114.076581,22.542981],[114.076634,22.542886],[114.076664,22.542834],[114.076719,22.542739],[114.07674,22.54271],[114.076761,22.542697],[114.076784,22.542691],[114.076803,22.542688],[114.076966,22.542689],[114.076988,22.542692],[114.077006,22.542697],[114.077023,22.542709],[114.077035,22.542724],[114.077055,22.542767],[114.077083,22.542825],[114.077111,22.542897],[114.077147,22.542991]]}},{"type":"Feature","properties":{"cls":"foot","name":null,"en":null,"tunnel":0},"geometry":{"type":"LineString","coordinates":[[114.078785,22.542771],[114.078785,22.542859],[114.078789,22.54289],[114.0788,22.542915],[114.078822,22.542938],[114.078856,22.542952],[114.078895,22.542956],[114.079003,22.542955],[114.080318,22.542972],[114.081389,22.542985],[114.081463,22.542962],[114.081508,22.542924],[114.081536,22.542852],[114.081545,22.542777],[114.081543,22.542631],[114.081547,22.542607]]}},{"type":"Feature","properties":{"cls":"foot","name":null,"en":null,"tunnel":0},"geometry":{"type":"LineString","coordinates":[[114.078283,22.542877],[114.07828,22.543305]]}},{"type":"Feature","properties":{"cls":"foot","name":null,"en":null,"tunnel":0},"geometry":{"type":"LineString","coordinates":[[114.07828,22.543305],[114.078121,22.543303]]}},{"type":"Feature","properties":{"cls":"foot","name":null,"en":null,"tunnel":0},"geometry":{"type":"LineString","coordinates":[[114.078452,22.542879],[114.078451,22.542922]]}},{"type":"Feature","properties":{"cls":"foot","name":null,"en":null,"tunnel":0},"geometry":{"type":"LineString","coordinates":[[114.078017,22.542875],[114.078016,22.542918]]}},{"type":"Feature","properties":{"cls":"foot","name":null,"en":null,"tunnel":0},"geometry":{"type":"LineString","coordinates":[[114.07905,22.543297],[114.078522,22.543287],[114.07812,22.543279],[114.078047,22.543278],[114.077835,22.543274],[114.07673,22.543228],[114.076604,22.543227],[114.076523,22.543254],[114.076465,22.543292],[114.076397,22.543367],[114.076362,22.543456],[114.076349,22.543539],[114.076347,22.543702],[114.076313,22.54524],[114.076477,22.545246],[114.076474,22.545353],[114.076473,22.545494],[114.076462,22.546392],[114.076458,22.546759],[114.076456,22.546919],[114.076561,22.546921],[114.077494,22.546937],[114.078284,22.546945],[114.079113,22.546954],[114.07915,22.546913],[114.07915,22.546413],[114.079149,22.545487],[114.079149,22.545414],[114.079149,22.545295],[114.079156,22.544723],[114.079171,22.543538],[114.079173,22.543333],[114.07905,22.543297]]}},{"type":"Feature","properties":{"cls":"minor","name":"园岭西路","en":"Yuanling West Rd","tunnel":0},"geometry":{"type":"LineString","coordinates":[[114.091933,22.551809],[114.091848,22.551896],[114.091844,22.552136],[114.091843,22.552208],[114.091825,22.553201],[114.091823,22.553287],[114.091816,22.553691],[114.091811,22.554052],[114.09181,22.554109]]}},{"type":"Feature","properties":{"cls":"tertiary","name":"燕南路","en":"Yannan Road","tunnel":0},"geometry":{"type":"LineString","coordinates":[[114.087817,22.551754],[114.087799,22.551676],[114.087854,22.549438],[114.087855,22.549238],[114.087856,22.549126],[114.087861,22.548549],[114.087862,22.548478],[114.087862,22.548356],[114.087863,22.548207],[114.087867,22.547393],[114.08787,22.547175],[114.087873,22.547062],[114.08789,22.546122],[114.087901,22.545529],[114.087905,22.545399],[114.087909,22.545292],[114.087923,22.544357],[114.087931,22.54382],[114.087934,22.543619],[114.087934,22.543567],[114.087935,22.543464],[114.087926,22.543424],[114.087901,22.543392],[114.087854,22.543366],[114.087734,22.543333]]}},{"type":"Feature","properties":{"cls":"foot","name":"华发路过街通道","en":null,"tunnel":1},"geometry":{"type":"LineString","coordinates":[[114.084607,22.543072],[114.084768,22.543074],[114.084903,22.543076]]}},{"type":"Feature","properties":{"cls":"foot","name":"华发路过街通道","en":null,"tunnel":1},"geometry":{"type":"LineString","coordinates":[[114.084604,22.543385],[114.084762,22.543387],[114.0849,22.543389]]}},{"type":"Feature","properties":{"cls":"minor","name":null,"en":null,"tunnel":0},"geometry":{"type":"LineString","coordinates":[[114.08038,22.542747],[114.080391,22.542707],[114.08041,22.542679],[114.080446,22.542656],[114.080486,22.542648],[114.080534,22.542646],[114.081473,22.542658],[114.081543,22.542631],[114.0816,22.542609]]}},{"type":"Feature","properties":{"cls":"minor","name":null,"en":null,"tunnel":0},"geometry":{"type":"LineString","coordinates":[[114.081131,22.540655],[114.081136,22.54059],[114.081157,22.540556],[114.081195,22.540546],[114.081312,22.540555],[114.081348,22.540555],[114.081385,22.540553],[114.081425,22.540548],[114.081466,22.540537],[114.081496,22.540522],[114.081519,22.540506],[114.081539,22.540483],[114.081553,22.540455],[114.081582,22.540399],[114.081592,22.539691],[114.081601,22.539551],[114.081669,22.539508]]}},{"type":"Feature","properties":{"cls":"minor","name":null,"en":null,"tunnel":0},"geometry":{"type":"LineString","coordinates":[[114.081592,22.539691],[114.081505,22.53969],[114.079919,22.539671]]}},{"type":"Feature","properties":{"cls":"secondary","name":"福华路","en":"Fuhua Road","tunnel":0},"geometry":{"type":"LineString","coordinates":[[114.078768,22.540381],[114.078714,22.540376],[114.077862,22.540307],[114.077823,22.540304],[114.077667,22.540293],[114.077546,22.540284],[114.07627,22.54019],[114.076212,22.540186],[114.076103,22.540178],[114.075953,22.540167],[114.075904,22.540163],[114.075356,22.540123],[114.075311,22.540118],[114.075264,22.540111],[114.075214,22.540102],[114.075157,22.540088],[114.075099,22.540073],[114.075054,22.540059],[114.075006,22.540043],[114.074963,22.540027],[114.074906,22.540004],[114.074835,22.539976],[114.074305,22.539745],[114.074247,22.53972],[114.074121,22.539665],[114.072376,22.538905],[114.07218,22.53882],[114.072113,22.538796],[114.072023,22.538768]]}},{"type":"Feature","properties":{"cls":"secondary","name":"福星路","en":"Fuxing Road","tunnel":0},"geometry":{"type":"LineString","coordinates":[[114.077671,22.540224],[114.077667,22.540293]]}},{"type":"Feature","properties":{"cls":"foot","name":null,"en":null,"tunnel":0},"geometry":{"type":"LineString","coordinates":[[114.078569,22.54292],[114.078621,22.542868],[114.078625,22.542742],[114.078633,22.541621],[114.078636,22.541253]]}},{"type":"Feature","properties":{"cls":"primary","name":null,"en":null,"tunnel":0},"geometry":{"type":"LineString","coordinates":[[114.081595,22.538137],[114.081607,22.537852],[114.081613,22.537787],[114.081627,22.537749],[114.081654,22.537717],[114.081684,22.537697],[114.081743,22.537687],[114.081792,22.537688],[114.081841,22.537705],[114.081868,22.537727],[114.081884,22.537755],[114.081894,22.537811],[114.081892,22.538066]]}},{"type":"Feature","properties":{"cls":"primary","name":"上步南路","en":"Shangbu South Road","tunnel":0},"geometry":{"type":"LineString","coordinates":[[114.091325,22.540478],[114.09131,22.541108]]}},{"type":"Feature","properties":{"cls":"primary","name":null,"en":null,"tunnel":0},"geometry":{"type":"LineString","coordinates":[[114.091276,22.5429],[114.09129,22.542954],[114.09131,22.543006],[114.091338,22.543061],[114.091367,22.543103],[114.091402,22.543144],[114.091443,22.543185],[114.091484,22.543216],[114.091524,22.543241],[114.091563,22.543257],[114.091606,22.54327],[114.091638,22.543277],[114.091663,22.543282],[114.091693,22.543285]]}},{"type":"Feature","properties":{"cls":"primary","name":null,"en":null,"tunnel":0},"geometry":{"type":"LineString","coordinates":[[114.082072,22.534673],[114.08211,22.534708],[114.082141,22.53474],[114.082176,22.534791],[114.082203,22.534852],[114.08222,22.53492],[114.082223,22.534979],[114.082218,22.535051],[114.082075,22.536291],[114.082031,22.536672],[114.082028,22.536735],[114.082029,22.536775],[114.082034,22.536811],[114.082044,22.53685],[114.082056,22.53688],[114.082071,22.536912],[114.08209,22.536945],[114.082113,22.536977],[114.082136,22.537004],[114.082163,22.53703],[114.082186,22.537048],[114.082211,22.537066],[114.082239,22.537081],[114.082264,22.537093],[114.082297,22.537107],[114.082327,22.537115],[114.08236,22.537122],[114.082396,22.537127],[114.082432,22.537129]]}},{"type":"Feature","properties":{"cls":"foot","name":null,"en":null,"tunnel":0},"geometry":{"type":"LineString","coordinates":[[114.094744,22.55252],[114.094738,22.552955],[114.094737,22.55301],[114.094732,22.553613],[114.09473,22.553893]]}},{"type":"Feature","properties":{"cls":"foot","name":null,"en":null,"tunnel":0},"geometry":{"type":"LineString","coordinates":[[114.095686,22.552535],[114.094744,22.55252],[114.09435,22.552516],[114.094253,22.552513],[114.093758,22.552508]]}},{"type":"Feature","properties":{"cls":"foot","name":null,"en":null,"tunnel":0},"geometry":{"type":"LineString","coordinates":[[114.094258,22.552308],[114.09439,22.552097],[114.094393,22.55194],[114.094389,22.551913],[114.094371,22.5519]]}},{"type":"Feature","properties":{"cls":"foot","name":null,"en":null,"tunnel":1},"geometry":{"type":"LineString","coordinates":[[114.094253,22.552513],[114.094258,22.552308]]}},{"type":"Feature","properties":{"cls":"foot","name":null,"en":null,"tunnel":0},"geometry":{"type":"LineString","coordinates":[[114.092059,22.551724],[114.09206,22.551665],[114.092126,22.549364]]}},{"type":"Feature","properties":{"cls":"primary","name":"上步南路","en":"Shangbu South Road","tunnel":0},"geometry":{"type":"LineString","coordinates":[[114.091293,22.541469],[114.091292,22.541556]]}},{"type":"Feature","properties":{"cls":"primary","name":"上步南路","en":"Shangbu South Road","tunnel":0},"geometry":{"type":"LineString","coordinates":[[114.091143,22.541469],[114.091144,22.541413],[114.091144,22.541357]]}},{"type":"Feature","properties":{"cls":"secondary","name":"南园路","en":"Nanyuan Road","tunnel":0},"geometry":{"type":"LineString","coordinates":[[114.081767,22.540666],[114.081852,22.540667],[114.081903,22.540667],[114.082059,22.540668],[114.082636,22.540674],[114.084177,22.540688]]}},{"type":"Feature","properties":{"cls":"tertiary","name":"福虹路","en":"Fuhong Road","tunnel":0},"geometry":{"type":"LineString","coordinates":[[114.078768,22.540381],[114.078766,22.540494],[114.078761,22.540764],[114.078747,22.541623],[114.078731,22.542527],[114.078731,22.542564],[114.078728,22.542742],[114.078724,22.543033]]}},{"type":"Feature","properties":{"cls":"foot","name":null,"en":null,"tunnel":0},"geometry":{"type":"LineString","coordinates":[[114.076118,22.541994],[114.076182,22.542491],[114.076201,22.542641],[114.076233,22.542739],[114.076269,22.542793],[114.076324,22.54284],[114.076381,22.542871],[114.076432,22.542881],[114.07654,22.542883],[114.076634,22.542886],[114.077111,22.542897],[114.07741,22.542897],[114.078016,22.542918],[114.078451,22.542922],[114.078483,22.542922],[114.078569,22.54292]]}},{"type":"Feature","properties":{"cls":"foot","name":null,"en":null,"tunnel":0},"geometry":{"type":"LineString","coordinates":[[114.078625,22.542742],[114.078667,22.542742],[114.078728,22.542742],[114.078785,22.542771]]}},{"type":"Feature","properties":{"cls":"tertiary","name":"福虹路","en":"Fuhong Road","tunnel":0},"geometry":{"type":"LineString","coordinates":[[114.078768,22.540318],[114.078768,22.540381]]}},{"type":"Feature","properties":{"cls":"foot","name":null,"en":null,"tunnel":0},"geometry":{"type":"LineString","coordinates":[[114.078527,22.540405],[114.07757,22.540337],[114.077398,22.540326],[114.077313,22.540346],[114.076241,22.540264],[114.076195,22.540277],[114.076162,22.540307],[114.076143,22.54034],[114.076123,22.54055]]}},{"type":"Feature","properties":{"cls":"foot","name":null,"en":null,"tunnel":0},"geometry":{"type":"LineString","coordinates":[[114.078641,22.540492],[114.078631,22.540463],[114.078609,22.540438],[114.078575,22.540419],[114.078527,22.540405]]}},{"type":"Feature","properties":{"cls":"foot","name":null,"en":null,"tunnel":0},"geometry":{"type":"LineString","coordinates":[[114.078912,22.54046],[114.078924,22.540396],[114.078935,22.540334],[114.07895,22.540255]]}},{"type":"Feature","properties":{"cls":"foot","name":null,"en":null,"tunnel":0},"geometry":{"type":"LineString","coordinates":[[114.078641,22.540492],[114.078712,22.540493],[114.078766,22.540494],[114.078843,22.540496]]}},{"type":"Feature","properties":{"cls":"foot","name":null,"en":null,"tunnel":0},"geometry":{"type":"LineString","coordinates":[[114.078843,22.540496],[114.078859,22.540479],[114.078885,22.540464],[114.078912,22.54046]]}},{"type":"Feature","properties":{"cls":"foot","name":null,"en":null,"tunnel":0},"geometry":{"type":"LineString","coordinates":[[114.081506,22.539776],[114.081521,22.539801],[114.081508,22.540391],[114.081502,22.540419],[114.081487,22.540444],[114.081461,22.54047],[114.081434,22.540487],[114.081408,22.540498],[114.081371,22.540501],[114.081325,22.5405],[114.081014,22.54047],[114.080618,22.540449],[114.07895,22.540255],[114.077869,22.540168],[114.077835,22.540162],[114.077804,22.540148],[114.077772,22.540105],[114.07776,22.540074],[114.077756,22.540047],[114.077656,22.539063],[114.077657,22.539015],[114.077671,22.538967],[114.07771,22.538932],[114.077762,22.53891],[114.077825,22.53891]]}},{"type":"Feature","properties":{"cls":"foot","name":null,"en":null,"tunnel":0},"geometry":{"type":"LineString","coordinates":[[114.081533,22.539008],[114.081558,22.53948],[114.081559,22.539537],[114.081546,22.539565],[114.081504,22.539594]]}},{"type":"Feature","properties":{"cls":"foot","name":null,"en":null,"tunnel":0},"geometry":{"type":"LineString","coordinates":[[114.081504,22.539594],[114.081505,22.53969],[114.081506,22.539776]]}},{"type":"Feature","properties":{"cls":"foot","name":null,"en":null,"tunnel":0},"geometry":{"type":"LineString","coordinates":[[114.077772,22.540105],[114.077667,22.540098],[114.077588,22.540092]]}},{"type":"Feature","properties":{"cls":"foot","name":null,"en":null,"tunnel":0},"geometry":{"type":"LineString","coordinates":[[114.077487,22.538856],[114.077602,22.540008],[114.077599,22.540055],[114.077588,22.540092],[114.077544,22.540141],[114.077517,22.540149],[114.077474,22.54015],[114.075337,22.539981],[114.075266,22.539972],[114.075178,22.539954],[114.075089,22.539928],[114.075034,22.539909]]}},{"type":"Feature","properties":{"cls":"foot","name":null,"en":null,"tunnel":0},"geometry":{"type":"LineString","coordinates":[[114.078637,22.541102],[114.078641,22.540492]]}},{"type":"Feature","properties":{"cls":"foot","name":null,"en":null,"tunnel":0},"geometry":{"type":"LineString","coordinates":[[114.078636,22.541253],[114.078636,22.541165],[114.078637,22.541102]]}},{"type":"Feature","properties":{"cls":"foot","name":null,"en":null,"tunnel":0},"geometry":{"type":"LineString","coordinates":[[114.078633,22.541621],[114.078687,22.541622],[114.078747,22.541623],[114.078812,22.541624]]}},{"type":"Feature","properties":{"cls":"secondary","name":"福华路","en":"Fuhua Road","tunnel":0},"geometry":{"type":"LineString","coordinates":[[114.08176,22.540724],[114.081651,22.540713],[114.081468,22.540696],[114.081131,22.540655]]}},{"type":"Feature","properties":{"cls":"minor","name":null,"en":null,"tunnel":0},"geometry":{"type":"LineString","coordinates":[[114.089283,22.543795],[114.08947,22.543798]]}},{"type":"Feature","properties":{"cls":"minor","name":null,"en":null,"tunnel":0},"geometry":{"type":"LineString","coordinates":[[114.082182,22.55159],[114.082345,22.551479],[114.08249,22.551382],[114.082525,22.551364],[114.082568,22.55135],[114.082608,22.551343],[114.082645,22.55134],[114.083274,22.551345],[114.0835,22.551347],[114.083535,22.55135],[114.083562,22.551359],[114.083585,22.551372],[114.083671,22.551434],[114.08374,22.551484],[114.083768,22.5515],[114.083795,22.551512],[114.083906,22.551554],[114.084024,22.551599],[114.084049,22.551607],[114.084082,22.551612]]}},{"type":"Feature","properties":{"cls":"foot","name":null,"en":null,"tunnel":0},"geometry":{"type":"LineString","coordinates":[[114.084143,22.551727],[114.084437,22.55173],[114.084621,22.551732]]}},{"type":"Feature","properties":{"cls":"foot","name":null,"en":null,"tunnel":0},"geometry":{"type":"LineString","coordinates":[[114.084147,22.551496],[114.08444,22.551499],[114.084625,22.551501]]}},{"type":"Feature","properties":{"cls":"foot","name":null,"en":null,"tunnel":0},"geometry":{"type":"LineString","coordinates":[[114.084437,22.55173],[114.08444,22.551499]]}},{"type":"Feature","properties":{"cls":"minor","name":null,"en":null,"tunnel":0},"geometry":{"type":"LineString","coordinates":[[114.09117,22.542398],[114.091002,22.542399],[114.090966,22.542403],[114.09094,22.542409],[114.09091,22.542417],[114.09087,22.54243],[114.090684,22.542594],[114.090349,22.542884],[114.090258,22.542886],[114.090239,22.542884],[114.090225,22.542879],[114.090214,22.542869],[114.090209,22.542854],[114.090208,22.542841],[114.090213,22.542828],[114.090221,22.542817],[114.090597,22.542524],[114.09087,22.54243]]}},{"type":"Feature","properties":{"cls":"secondary","name":"上步南路","en":"Shangbu South Road","tunnel":0},"geometry":{"type":"LineString","coordinates":[[114.09206,22.538309],[114.091925,22.538326],[114.091803,22.538355],[114.091697,22.538395],[114.091606,22.538447],[114.091546,22.538502],[114.091491,22.538577],[114.091452,22.538656],[114.091435,22.538743]]}},{"type":"Feature","properties":{"cls":"secondary","name":"同心南路","en":null,"tunnel":0},"geometry":{"type":"LineString","coordinates":[[114.09518,22.543358],[114.095182,22.54323],[114.095188,22.542923],[114.095197,22.54247],[114.095215,22.541451]]}},{"type":"Feature","properties":{"cls":"tertiary","name":"东园路","en":null,"tunnel":0},"geometry":{"type":"LineString","coordinates":[[114.091399,22.540117],[114.091933,22.540118],[114.093821,22.540162],[114.093971,22.540162],[114.095092,22.540165],[114.095239,22.540167]]}},{"type":"Feature","properties":{"cls":"secondary","name":"南园路","en":"Nanyuan Road","tunnel":0},"geometry":{"type":"LineString","coordinates":[[114.086575,22.54076],[114.085659,22.540752],[114.084177,22.540741]]}},{"type":"Feature","properties":{"cls":"minor","name":null,"en":null,"tunnel":0},"geometry":{"type":"LineString","coordinates":[[114.086826,22.53797],[114.086821,22.538207]]}},{"type":"Feature","properties":{"cls":"secondary","name":"南园路","en":"Nanyuan Road","tunnel":0},"geometry":{"type":"LineString","coordinates":[[114.084177,22.540688],[114.085669,22.540695],[114.086576,22.540699]]}},{"type":"Feature","properties":{"cls":"foot","name":null,"en":null,"tunnel":0},"geometry":{"type":"LineString","coordinates":[[114.09386,22.541389],[114.093862,22.541142],[114.093867,22.540966],[114.093871,22.54079],[114.093876,22.540613],[114.093881,22.540435],[114.093889,22.540384],[114.093921,22.540326],[114.093982,22.540246]]}},{"type":"Feature","properties":{"cls":"foot","name":null,"en":null,"tunnel":0},"geometry":{"type":"LineString","coordinates":[[114.09514,22.540278],[114.095237,22.54028],[114.095317,22.54028]]}},{"type":"Feature","properties":{"cls":"foot","name":null,"en":null,"tunnel":0},"geometry":{"type":"LineString","coordinates":[[114.095091,22.540257],[114.095092,22.540165],[114.095093,22.540086]]}},{"type":"Feature","properties":{"cls":"foot","name":null,"en":null,"tunnel":0},"geometry":{"type":"LineString","coordinates":[[114.093982,22.540246],[114.093819,22.540245],[114.093721,22.540243]]}},{"type":"Feature","properties":{"cls":"foot","name":null,"en":null,"tunnel":0},"geometry":{"type":"LineString","coordinates":[[114.095148,22.540814],[114.094977,22.540811],[114.094843,22.540808],[114.094651,22.540805]]}},{"type":"Feature","properties":{"cls":"foot","name":null,"en":null,"tunnel":0},"geometry":{"type":"LineString","coordinates":[[114.09386,22.541389],[114.09379,22.541391]]}},{"type":"Feature","properties":{"cls":"foot","name":null,"en":null,"tunnel":0},"geometry":{"type":"LineString","coordinates":[[114.095004,22.541358],[114.095004,22.541421],[114.095004,22.541495],[114.095004,22.541589]]}},{"type":"Feature","properties":{"cls":"foot","name":null,"en":null,"tunnel":0},"geometry":{"type":"LineString","coordinates":[[114.09514,22.541275],[114.09522,22.541253],[114.095284,22.541233]]}},{"type":"Feature","properties":{"cls":"foot","name":null,"en":null,"tunnel":0},"geometry":{"type":"LineString","coordinates":[[114.093982,22.540246],[114.093971,22.540162],[114.093962,22.540098]]}},{"type":"Feature","properties":{"cls":"foot","name":null,"en":null,"tunnel":0},"geometry":{"type":"LineString","coordinates":[[114.094068,22.540247],[114.094061,22.540437],[114.094055,22.540616],[114.094049,22.540793],[114.094043,22.540967],[114.094036,22.541146],[114.094028,22.541384]]}},{"type":"Feature","properties":{"cls":"foot","name":null,"en":null,"tunnel":0},"geometry":{"type":"LineString","coordinates":[[114.0942,22.540248],[114.094194,22.540439],[114.094188,22.540618],[114.094182,22.540794],[114.094176,22.540968],[114.09417,22.541149],[114.094162,22.541381]]}},{"type":"Feature","properties":{"cls":"foot","name":null,"en":null,"tunnel":0},"geometry":{"type":"LineString","coordinates":[[114.094328,22.54025],[114.094323,22.540441],[114.094318,22.54062],[114.094313,22.540795],[114.094308,22.540969],[114.094303,22.541152],[114.094297,22.541377]]}},{"type":"Feature","properties":{"cls":"foot","name":null,"en":null,"tunnel":0},"geometry":{"type":"LineString","coordinates":[[114.094435,22.541373],[114.094439,22.541154],[114.094443,22.54097]]}},{"type":"Feature","properties":{"cls":"foot","name":null,"en":null,"tunnel":0},"geometry":{"type":"LineString","coordinates":[[114.094564,22.54137],[114.094568,22.541156],[114.094572,22.540972]]}},{"type":"Feature","properties":{"cls":"foot","name":null,"en":null,"tunnel":0},"geometry":{"type":"LineString","coordinates":[[114.094702,22.541366],[114.094708,22.541159],[114.094713,22.540975]]}},{"type":"Feature","properties":{"cls":"foot","name":null,"en":null,"tunnel":0},"geometry":{"type":"LineString","coordinates":[[114.094461,22.540251],[114.094457,22.540443],[114.094453,22.540622]]}},{"type":"Feature","properties":{"cls":"foot","name":null,"en":null,"tunnel":0},"geometry":{"type":"LineString","coordinates":[[114.094591,22.540252],[114.094585,22.540445],[114.09458,22.540623]]}},{"type":"Feature","properties":{"cls":"foot","name":null,"en":null,"tunnel":0},"geometry":{"type":"LineString","coordinates":[[114.094705,22.540624],[114.094711,22.540445],[114.094717,22.540253]]}},{"type":"Feature","properties":{"cls":"foot","name":null,"en":null,"tunnel":0},"geometry":{"type":"LineString","coordinates":[[114.094857,22.540254],[114.094852,22.540444],[114.094848,22.540625],[114.094843,22.540808],[114.094839,22.540977],[114.094835,22.541161],[114.09483,22.541363]]}},{"type":"Feature","properties":{"cls":"foot","name":null,"en":null,"tunnel":0},"geometry":{"type":"LineString","coordinates":[[114.094982,22.540256],[114.09498,22.540444],[114.094978,22.540626],[114.094977,22.540811],[114.094975,22.54098],[114.094974,22.541163],[114.094972,22.541359]]}},{"type":"Feature","properties":{"cls":"primary","name":"滨河大道辅路","en":"Binhe Boulevard Side Road","tunnel":0},"geometry":{"type":"LineString","coordinates":[[114.082432,22.537129],[114.083496,22.53715]]}},{"type":"Feature","properties":{"cls":"foot","name":null,"en":null,"tunnel":0},"geometry":{"type":"LineString","coordinates":[[114.095255,22.543232],[114.095264,22.542688],[114.095267,22.542471],[114.095277,22.541689],[114.09528,22.541538],[114.095283,22.541278],[114.095284,22.541233],[114.095286,22.541055],[114.095288,22.540903],[114.09529,22.540748],[114.095292,22.540599],[114.095294,22.540447],[114.095296,22.540325],[114.095317,22.54028]]}},{"type":"Feature","properties":{"cls":"foot","name":null,"en":null,"tunnel":0},"geometry":{"type":"LineString","coordinates":[[114.095277,22.541689],[114.096051,22.541496]]}},{"type":"Feature","properties":{"cls":"foot","name":null,"en":null,"tunnel":0},"geometry":{"type":"LineString","coordinates":[[114.09528,22.541538],[114.096155,22.541303]]}},{"type":"Feature","properties":{"cls":"minor","name":null,"en":null,"tunnel":0},"geometry":{"type":"LineString","coordinates":[[114.095764,22.540175],[114.095762,22.540256],[114.095759,22.540452],[114.095756,22.540579],[114.095815,22.540704],[114.095825,22.540759],[114.095887,22.541131]]}},{"type":"Feature","properties":{"cls":"foot","name":null,"en":null,"tunnel":0},"geometry":{"type":"LineString","coordinates":[[114.095614,22.541197],[114.095616,22.541057],[114.095619,22.540906],[114.095622,22.540755],[114.095625,22.540605],[114.095627,22.54045],[114.095631,22.540254]]}},{"type":"Feature","properties":{"cls":"foot","name":null,"en":null,"tunnel":0},"geometry":{"type":"LineString","coordinates":[[114.095478,22.540252],[114.095474,22.540449],[114.095472,22.540602],[114.09547,22.540752],[114.095468,22.540905],[114.095466,22.541056],[114.095464,22.541234]]}},{"type":"Feature","properties":{"cls":"foot","name":null,"en":null,"tunnel":0},"geometry":{"type":"LineString","coordinates":[[114.095747,22.541167],[114.095748,22.541058],[114.095751,22.540908],[114.095753,22.540758],[114.095756,22.540607],[114.095756,22.540579]]}},{"type":"Feature","properties":{"cls":"foot","name":null,"en":null,"tunnel":0},"geometry":{"type":"LineString","coordinates":[[114.095286,22.541055],[114.095466,22.541056],[114.095616,22.541057],[114.095748,22.541058]]}},{"type":"Feature","properties":{"cls":"foot","name":null,"en":null,"tunnel":0},"geometry":{"type":"LineString","coordinates":[[114.095294,22.540447],[114.095474,22.540449],[114.095627,22.54045],[114.095759,22.540452]]}},{"type":"Feature","properties":{"cls":"foot","name":null,"en":null,"tunnel":0},"geometry":{"type":"LineString","coordinates":[[114.095292,22.540599],[114.095472,22.540602],[114.095625,22.540605],[114.095756,22.540607]]}},{"type":"Feature","properties":{"cls":"foot","name":null,"en":null,"tunnel":0},"geometry":{"type":"LineString","coordinates":[[114.09529,22.540748],[114.09547,22.540752],[114.095622,22.540755],[114.095753,22.540758],[114.095825,22.540759]]}},{"type":"Feature","properties":{"cls":"foot","name":null,"en":null,"tunnel":0},"geometry":{"type":"LineString","coordinates":[[114.095288,22.540903],[114.095468,22.540905],[114.095619,22.540906],[114.095751,22.540908]]}},{"type":"Feature","properties":{"cls":"foot","name":null,"en":null,"tunnel":0},"geometry":{"type":"LineString","coordinates":[[114.095317,22.54028],[114.09537,22.54025],[114.095478,22.540252],[114.095631,22.540254],[114.095762,22.540256],[114.096763,22.540272],[114.096804,22.540282]]}},{"type":"Feature","properties":{"cls":"foot","name":null,"en":null,"tunnel":0},"geometry":{"type":"LineString","coordinates":[[114.09537,22.54025],[114.095372,22.540168],[114.095374,22.5401]]}},{"type":"Feature","properties":{"cls":"minor","name":null,"en":null,"tunnel":0},"geometry":{"type":"LineString","coordinates":[[114.078731,22.542564],[114.079376,22.542569],[114.080212,22.542575]]}},{"type":"Feature","properties":{"cls":"minor","name":null,"en":null,"tunnel":0},"geometry":{"type":"LineString","coordinates":[[114.080224,22.542893],[114.079372,22.542884],[114.079375,22.542677],[114.079376,22.542569]]}},{"type":"Feature","properties":{"cls":"minor","name":null,"en":null,"tunnel":0},"geometry":{"type":"LineString","coordinates":[[114.080212,22.542575],[114.080264,22.542582],[114.080307,22.542609],[114.080325,22.54265],[114.080323,22.542734],[114.080322,22.542786],[114.080307,22.54284],[114.08027,22.542884],[114.080224,22.542893]]}},{"type":"Feature","properties":{"cls":"minor","name":null,"en":null,"tunnel":0},"geometry":{"type":"LineString","coordinates":[[114.078883,22.542675],[114.079375,22.542677]]}},{"type":"Feature","properties":{"cls":"minor","name":null,"en":null,"tunnel":0},"geometry":{"type":"LineString","coordinates":[[114.08038,22.542747],[114.080352,22.542741],[114.080323,22.542734]]}},{"type":"Feature","properties":{"cls":"minor","name":null,"en":null,"tunnel":0},"geometry":{"type":"LineString","coordinates":[[114.080293,22.543064],[114.080318,22.542972],[114.08038,22.542747]]}},{"type":"Feature","properties":{"cls":"minor","name":null,"en":null,"tunnel":0},"geometry":{"type":"LineString","coordinates":[[114.0812,22.542607],[114.081547,22.542607],[114.0816,22.542609]]}},{"type":"Feature","properties":{"cls":"minor","name":null,"en":null,"tunnel":0},"geometry":{"type":"LineString","coordinates":[[114.078731,22.542527],[114.079437,22.542533]]}},{"type":"Feature","properties":{"cls":"minor","name":null,"en":null,"tunnel":0},"geometry":{"type":"LineString","coordinates":[[114.080689,22.537091],[114.080538,22.53736]]}},{"type":"Feature","properties":{"cls":"minor","name":"兰天路","en":null,"tunnel":0},"geometry":{"type":"LineString","coordinates":[[114.084023,22.548335],[114.0841,22.548335],[114.085619,22.548343]]}},{"type":"Feature","properties":{"cls":"secondary","name":"上步南路","en":"Shangbu South Road","tunnel":0},"geometry":{"type":"LineString","coordinates":[[114.091143,22.538715],[114.091143,22.538647],[114.09114,22.538601],[114.091133,22.538563],[114.091118,22.538525],[114.091101,22.538486],[114.091075,22.538446],[114.09105,22.538411],[114.091018,22.538376],[114.090984,22.538343],[114.090944,22.538312],[114.090831,22.538215]]}},{"type":"Feature","properties":{"cls":"minor","name":null,"en":null,"tunnel":0},"geometry":{"type":"LineString","coordinates":[[114.094367,22.544295],[114.094464,22.544296],[114.095031,22.5443],[114.095092,22.5443],[114.09517,22.5443]]}},{"type":"Feature","properties":{"cls":"minor","name":null,"en":null,"tunnel":0},"geometry":{"type":"LineString","coordinates":[[114.093956,22.544119],[114.094072,22.54412],[114.094162,22.544122],[114.094196,22.544122],[114.094249,22.544125],[114.094286,22.544132],[114.094319,22.544151],[114.094351,22.54418],[114.094364,22.544206],[114.094371,22.544231],[114.094372,22.544252],[114.094367,22.544295],[114.094347,22.544352],[114.094327,22.544415],[114.09432,22.544449],[114.094298,22.544618],[114.0943,22.544641],[114.094308,22.544661],[114.094327,22.544679],[114.09435,22.544687],[114.094384,22.544689],[114.094662,22.544691],[114.094781,22.544629],[114.094981,22.54463],[114.094999,22.544626],[114.095014,22.544614],[114.095024,22.544598],[114.095029,22.544577],[114.095031,22.5443]]}},{"type":"Feature","properties":{"cls":"minor","name":null,"en":null,"tunnel":0},"geometry":{"type":"LineString","coordinates":[[114.095143,22.545699],[114.095064,22.545699],[114.094869,22.545699],[114.094619,22.545699]]}},{"type":"Feature","properties":{"cls":"minor","name":null,"en":null,"tunnel":0},"geometry":{"type":"LineString","coordinates":[[114.094249,22.544125],[114.094217,22.544431],[114.094064,22.544429],[114.093951,22.544428]]}},{"type":"Feature","properties":{"cls":"minor","name":null,"en":null,"tunnel":0},"geometry":{"type":"LineString","coordinates":[[114.094064,22.544429],[114.094072,22.54412]]}},{"type":"Feature","properties":{"cls":"minor","name":null,"en":null,"tunnel":0},"geometry":{"type":"LineString","coordinates":[[114.094464,22.544296],[114.094477,22.543974]]}},{"type":"Feature","properties":{"cls":"minor","name":null,"en":null,"tunnel":0},"geometry":{"type":"LineString","coordinates":[[114.094319,22.544151],[114.094252,22.543965]]}},{"type":"Feature","properties":{"cls":"minor","name":null,"en":null,"tunnel":0},"geometry":{"type":"LineString","coordinates":[[114.094162,22.544122],[114.094165,22.543985]]}},{"type":"Feature","properties":{"cls":"minor","name":null,"en":null,"tunnel":0},"geometry":{"type":"LineString","coordinates":[[114.095992,22.54476],[114.095978,22.545521],[114.095971,22.545891],[114.095969,22.546132]]}},{"type":"Feature","properties":{"cls":"minor","name":null,"en":null,"tunnel":0},"geometry":{"type":"LineString","coordinates":[[114.095447,22.544753],[114.095447,22.544948],[114.095435,22.544985],[114.095404,22.545086],[114.095399,22.545516],[114.095396,22.545726]]}},{"type":"Feature","properties":{"cls":"minor","name":null,"en":null,"tunnel":0},"geometry":{"type":"LineString","coordinates":[[114.095435,22.544985],[114.095882,22.544994],[114.095885,22.544759]]}},{"type":"Feature","properties":{"cls":"minor","name":null,"en":null,"tunnel":0},"geometry":{"type":"LineString","coordinates":[[114.095971,22.545891],[114.09628,22.545895],[114.096517,22.545842],[114.096957,22.545743]]}},{"type":"Feature","properties":{"cls":"foot","name":null,"en":null,"tunnel":0},"geometry":{"type":"LineString","coordinates":[[114.095978,22.545521],[114.095399,22.545516]]}},{"type":"Feature","properties":{"cls":"minor","name":null,"en":null,"tunnel":0},"geometry":{"type":"LineString","coordinates":[[114.09487,22.545607],[114.09424,22.5456],[114.094249,22.544957],[114.094879,22.544964],[114.09487,22.545607],[114.094869,22.545699]]}},{"type":"Feature","properties":{"cls":"minor","name":null,"en":null,"tunnel":0},"geometry":{"type":"LineString","coordinates":[[114.095173,22.544236],[114.095237,22.544237],[114.096041,22.544244]]}},{"type":"Feature","properties":{"cls":"tertiary","name":"荔香街","en":"Lixiang Street","tunnel":0},"geometry":{"type":"LineString","coordinates":[[114.095132,22.546393],[114.095189,22.546332],[114.095222,22.54631],[114.09526,22.546296],[114.095299,22.546288],[114.095969,22.546132],[114.097134,22.545839],[114.097366,22.545768],[114.097589,22.545674],[114.097707,22.545578],[114.097801,22.545493],[114.097866,22.545395],[114.097921,22.545268],[114.097942,22.545116],[114.097954,22.544568],[114.097958,22.544381]]}},{"type":"Feature","properties":{"cls":"minor","name":null,"en":null,"tunnel":0},"geometry":{"type":"LineString","coordinates":[[114.095783,22.551794],[114.095783,22.551719],[114.095788,22.551602],[114.095693,22.551599],[114.095304,22.55159]]}},{"type":"Feature","properties":{"cls":"minor","name":null,"en":null,"tunnel":0},"geometry":{"type":"LineString","coordinates":[[114.091141,22.544458],[114.090939,22.544456],[114.090897,22.544456],[114.090856,22.544455],[114.09029,22.54445],[114.090298,22.543832]]}},{"type":"Feature","properties":{"cls":"foot","name":null,"en":null,"tunnel":0},"geometry":{"type":"LineString","coordinates":[[114.09029,22.54445],[114.090266,22.544449],[114.090215,22.544449]]}},{"type":"Feature","properties":{"cls":"tertiary","name":"振中路","en":"Zhenzhong Road","tunnel":0},"geometry":{"type":"LineString","coordinates":[[114.079237,22.545414],[114.080378,22.545592],[114.081298,22.545595],[114.081619,22.545598]]}},{"type":"Feature","properties":{"cls":"minor","name":null,"en":null,"tunnel":0},"geometry":{"type":"LineString","coordinates":[[114.090126,22.547227],[114.090128,22.54738],[114.09013,22.547755],[114.088862,22.547745]]}},{"type":"Feature","properties":{"cls":"minor","name":null,"en":null,"tunnel":0},"geometry":{"type":"LineString","coordinates":[[114.086744,22.548777],[114.087716,22.548785]]}},{"type":"Feature","properties":{"cls":"foot","name":null,"en":null,"tunnel":0},"geometry":{"type":"LineString","coordinates":[[114.086744,22.548777],[114.085609,22.548771]]}},{"type":"Feature","properties":{"cls":"minor","name":null,"en":null,"tunnel":0},"geometry":{"type":"LineString","coordinates":[[114.085659,22.540752],[114.085669,22.540695],[114.085865,22.539603],[114.086597,22.539603]]}},{"type":"Feature","properties":{"cls":"foot","name":null,"en":null,"tunnel":0},"geometry":{"type":"LineString","coordinates":[[114.079171,22.543538],[114.079255,22.54354],[114.079298,22.543541],[114.079303,22.543337],[114.079325,22.543275],[114.080052,22.543285],[114.080436,22.543289],[114.081101,22.543297],[114.081662,22.543307],[114.081763,22.543309],[114.081841,22.54331],[114.082786,22.543327],[114.084022,22.543348],[114.084108,22.54335],[114.084161,22.543351],[114.084567,22.543359],[114.08494,22.543366],[114.085497,22.543377]]}},{"type":"Feature","properties":{"cls":"foot","name":null,"en":null,"tunnel":0},"geometry":{"type":"LineString","coordinates":[[114.084604,22.543385],[114.084567,22.543359]]}},{"type":"Feature","properties":{"cls":"foot","name":null,"en":null,"tunnel":0},"geometry":{"type":"LineString","coordinates":[[114.0849,22.543389],[114.08494,22.543366]]}},{"type":"Feature","properties":{"cls":"major","name":"春风隧道","en":"Chunfeng Tunnel","tunnel":0},"geometry":{"type":"LineString","coordinates":[[114.092763,22.538081],[114.095943,22.538093],[114.096543,22.538114],[114.096976,22.538141],[114.097244,22.538172],[114.097508,22.538208],[114.097669,22.538218],[114.097837,22.538219]]}},{"type":"Feature","properties":{"cls":"major","name":"春风隧道","en":"Chunfeng Tunnel","tunnel":0},"geometry":{"type":"LineString","coordinates":[[114.096392,22.538228],[114.094746,22.538224],[114.093075,22.538208],[114.092545,22.538226]]}},{"type":"Feature","properties":{"cls":"foot","name":null,"en":null,"tunnel":0},"geometry":{"type":"LineString","coordinates":[[114.096645,22.543613],[114.095713,22.543604],[114.095466,22.543603]]}},{"type":"Feature","properties":{"cls":"foot","name":null,"en":null,"tunnel":0},"geometry":{"type":"LineString","coordinates":[[114.095713,22.543604],[114.095591,22.543638],[114.095391,22.543634],[114.095297,22.543573]]}},{"type":"Feature","properties":{"cls":"foot","name":null,"en":null,"tunnel":0},"geometry":{"type":"LineString","coordinates":[[114.095067,22.543572],[114.095027,22.543571],[114.094786,22.543568],[114.094489,22.543565]]}},{"type":"Feature","properties":{"cls":"foot","name":null,"en":null,"tunnel":0},"geometry":{"type":"LineString","coordinates":[[114.093107,22.543547],[114.092831,22.543542],[114.092191,22.543527],[114.091716,22.543519]]}},{"type":"Feature","properties":{"cls":"foot","name":null,"en":null,"tunnel":0},"geometry":{"type":"LineString","coordinates":[[114.094787,22.543596],[114.094786,22.543568]]}},{"type":"Feature","properties":{"cls":"foot","name":null,"en":null,"tunnel":0},"geometry":{"type":"LineString","coordinates":[[114.091716,22.543519],[114.091622,22.543524],[114.091534,22.543558],[114.091489,22.543591],[114.091419,22.543677],[114.091381,22.543761],[114.091372,22.543819],[114.09137,22.543986],[114.091368,22.544842],[114.091355,22.545608],[114.09134,22.546563],[114.091326,22.546948]]}},{"type":"Feature","properties":{"cls":"foot","name":null,"en":null,"tunnel":0},"geometry":{"type":"LineString","coordinates":[[114.091286,22.548928],[114.091292,22.548791]]}},{"type":"Feature","properties":{"cls":"foot","name":null,"en":null,"tunnel":0},"geometry":{"type":"LineString","coordinates":[[114.091292,22.548791],[114.091329,22.54879],[114.091326,22.548891]]}},{"type":"Feature","properties":{"cls":"foot","name":null,"en":null,"tunnel":0},"geometry":{"type":"LineString","coordinates":[[114.091261,22.54877],[114.091257,22.548929],[114.09127,22.548976],[114.091297,22.549036]]}},{"type":"Feature","properties":{"cls":"foot","name":null,"en":null,"tunnel":0},"geometry":{"type":"LineString","coordinates":[[114.091286,22.548928],[114.09127,22.548976]]}},{"type":"Feature","properties":{"cls":"foot","name":null,"en":null,"tunnel":0},"geometry":{"type":"LineString","coordinates":[[114.090964,22.548858],[114.090961,22.549004]]}},{"type":"Feature","properties":{"cls":"foot","name":null,"en":null,"tunnel":0},"geometry":{"type":"LineString","coordinates":[[114.090961,22.549004],[114.090922,22.549004],[114.090923,22.548888]]}},{"type":"Feature","properties":{"cls":"foot","name":null,"en":null,"tunnel":0},"geometry":{"type":"LineString","coordinates":[[114.090904,22.548834],[114.090903,22.549016],[114.09095,22.549057]]}},{"type":"Feature","properties":{"cls":"foot","name":null,"en":null,"tunnel":0},"geometry":{"type":"LineString","coordinates":[[114.09095,22.549057],[114.090948,22.549211]]}},{"type":"Feature","properties":{"cls":"foot","name":null,"en":null,"tunnel":0},"geometry":{"type":"LineString","coordinates":[[114.090904,22.548834],[114.090966,22.548772],[114.090965,22.548654]]}},{"type":"Feature","properties":{"cls":"foot","name":null,"en":null,"tunnel":0},"geometry":{"type":"LineString","coordinates":[[114.090964,22.548858],[114.090966,22.548772]]}},{"type":"Feature","properties":{"cls":"foot","name":null,"en":null,"tunnel":0},"geometry":{"type":"LineString","coordinates":[[114.091293,22.549175],[114.09129,22.549347],[114.091282,22.549782],[114.091269,22.550762],[114.091255,22.551454],[114.09127,22.551507],[114.091303,22.55156],[114.091323,22.551579],[114.09135,22.551604],[114.091435,22.551643]]}},{"type":"Feature","properties":{"cls":"foot","name":null,"en":null,"tunnel":0},"geometry":{"type":"LineString","coordinates":[[114.097954,22.544568],[114.098,22.544591],[114.098,22.544705],[114.097999,22.544877],[114.097993,22.545132],[114.09796,22.545308],[114.097895,22.545449],[114.097812,22.545558],[114.097629,22.545709],[114.09741,22.545804],[114.097047,22.545914],[114.0965,22.546058],[114.09597,22.546195]]}},{"type":"Feature","properties":{"cls":"foot","name":null,"en":null,"tunnel":0},"geometry":{"type":"LineString","coordinates":[[114.09597,22.546195],[114.095312,22.546355],[114.095255,22.546369],[114.095207,22.54641],[114.095189,22.546461],[114.095186,22.546552],[114.0952,22.546748],[114.095219,22.547046],[114.095205,22.54711],[114.095166,22.547205],[114.095102,22.547283]]}},{"type":"Feature","properties":{"cls":"foot","name":null,"en":null,"tunnel":0},"geometry":{"type":"LineString","coordinates":[[114.093778,22.548244],[114.09355,22.548514],[114.093388,22.548717],[114.093277,22.548853],[114.093218,22.548925],[114.093087,22.549088],[114.09306,22.549122],[114.093017,22.549179],[114.093014,22.549196],[114.093014,22.549216],[114.093008,22.549507],[114.093001,22.549847],[114.092984,22.550627],[114.092981,22.550797],[114.092981,22.550802],[114.092972,22.551571],[114.092969,22.551662],[114.092989,22.551678],[114.093899,22.551692],[114.094511,22.551699]]}},{"type":"Feature","properties":{"cls":"foot","name":null,"en":null,"tunnel":0},"geometry":{"type":"LineString","coordinates":[[114.094511,22.551699],[114.095783,22.551719],[114.096043,22.551724],[114.096598,22.551735],[114.096707,22.551737]]}},{"type":"Feature","properties":{"cls":"foot","name":null,"en":null,"tunnel":0},"geometry":{"type":"LineString","coordinates":[[114.096005,22.551928],[114.095936,22.551916],[114.094508,22.551901],[114.094485,22.551901]]}},{"type":"Feature","properties":{"cls":"foot","name":null,"en":null,"tunnel":0},"geometry":{"type":"LineString","coordinates":[[114.094371,22.5519],[114.093288,22.551882],[114.093231,22.551897]]}},{"type":"Feature","properties":{"cls":"foot","name":null,"en":null,"tunnel":0},"geometry":{"type":"LineString","coordinates":[[114.093068,22.551884],[114.092086,22.551873],[114.091991,22.551883],[114.09193,22.551899],[114.091904,22.551931],[114.091884,22.551985],[114.091882,22.552013]]}},{"type":"Feature","properties":{"cls":"foot","name":null,"en":null,"tunnel":0},"geometry":{"type":"LineString","coordinates":[[114.091771,22.551896],[114.09175,22.55189],[114.091527,22.551887],[114.091465,22.551893],[114.091416,22.551904],[114.091354,22.551937],[114.091303,22.551981],[114.091255,22.552058],[114.091241,22.55213]]}},{"type":"Feature","properties":{"cls":"foot","name":null,"en":null,"tunnel":0},"geometry":{"type":"LineString","coordinates":[[114.091771,22.551896],[114.091777,22.551917],[114.091775,22.552058]]}},{"type":"Feature","properties":{"cls":"foot","name":null,"en":null,"tunnel":0},"geometry":{"type":"LineString","coordinates":[[114.091241,22.55213],[114.09124,22.552222],[114.091233,22.552593],[114.091224,22.553192],[114.091218,22.553528],[114.09121,22.553876],[114.091208,22.553958],[114.091206,22.554017]]}},{"type":"Feature","properties":{"cls":"foot","name":null,"en":null,"tunnel":0},"geometry":{"type":"LineString","coordinates":[[114.091882,22.552013],[114.09186,22.553288]]}},{"type":"Feature","properties":{"cls":"foot","name":null,"en":null,"tunnel":0},"geometry":{"type":"LineString","coordinates":[[114.091435,22.551643],[114.091513,22.551662],[114.09206,22.551665]]}},{"type":"Feature","properties":{"cls":"foot","name":null,"en":null,"tunnel":0},"geometry":{"type":"LineString","coordinates":[[114.09206,22.551665],[114.092833,22.551672],[114.092857,22.551662]]}},{"type":"Feature","properties":{"cls":"foot","name":null,"en":null,"tunnel":0},"geometry":{"type":"LineString","coordinates":[[114.092857,22.551662],[114.092917,22.551661],[114.092969,22.551662]]}},{"type":"Feature","properties":{"cls":"foot","name":null,"en":null,"tunnel":0},"geometry":{"type":"LineString","coordinates":[[114.091303,22.551981],[114.091353,22.552044],[114.091465,22.552037]]}},{"type":"Feature","properties":{"cls":"foot","name":null,"en":null,"tunnel":0},"geometry":{"type":"LineString","coordinates":[[114.09193,22.551899],[114.091848,22.551896],[114.091771,22.551896]]}},{"type":"Feature","properties":{"cls":"foot","name":null,"en":null,"tunnel":0},"geometry":{"type":"LineString","coordinates":[[114.093122,22.551896],[114.093068,22.551884]]}},{"type":"Feature","properties":{"cls":"foot","name":null,"en":null,"tunnel":0},"geometry":{"type":"LineString","coordinates":[[114.093231,22.551897],[114.093177,22.551897],[114.093122,22.551896]]}},{"type":"Feature","properties":{"cls":"foot","name":null,"en":null,"tunnel":0},"geometry":{"type":"LineString","coordinates":[[114.095297,22.543573],[114.095185,22.543574],[114.095067,22.543572]]}},{"type":"Feature","properties":{"cls":"foot","name":null,"en":null,"tunnel":0},"geometry":{"type":"LineString","coordinates":[[114.094489,22.543565],[114.093795,22.543558]]}},{"type":"Feature","properties":{"cls":"foot","name":null,"en":null,"tunnel":0},"geometry":{"type":"LineString","coordinates":[[114.093795,22.543558],[114.093744,22.543557],[114.093694,22.543557]]}},{"type":"Feature","properties":{"cls":"foot","name":null,"en":null,"tunnel":0},"geometry":{"type":"LineString","coordinates":[[114.093694,22.543557],[114.093504,22.543555],[114.093206,22.543549]]}},{"type":"Feature","properties":{"cls":"foot","name":null,"en":null,"tunnel":0},"geometry":{"type":"LineString","coordinates":[[114.093206,22.543549],[114.093159,22.543548],[114.093107,22.543547]]}},{"type":"Feature","properties":{"cls":"foot","name":null,"en":null,"tunnel":0},"geometry":{"type":"LineString","coordinates":[[114.091306,22.547805],[114.091282,22.548724],[114.091261,22.54877]]}},{"type":"Feature","properties":{"cls":"foot","name":null,"en":null,"tunnel":0},"geometry":{"type":"LineString","coordinates":[[114.091326,22.546948],[114.091322,22.54703],[114.091323,22.547099]]}},{"type":"Feature","properties":{"cls":"foot","name":null,"en":null,"tunnel":0},"geometry":{"type":"LineString","coordinates":[[114.091323,22.547099],[114.09131,22.547641],[114.091309,22.547668]]}},{"type":"Feature","properties":{"cls":"foot","name":null,"en":null,"tunnel":0},"geometry":{"type":"LineString","coordinates":[[114.091309,22.547715],[114.091306,22.547805]]}},{"type":"Feature","properties":{"cls":"foot","name":null,"en":null,"tunnel":0},"geometry":{"type":"LineString","coordinates":[[114.090948,22.549211],[114.090898,22.549265]]}},{"type":"Feature","properties":{"cls":"foot","name":null,"en":null,"tunnel":0},"geometry":{"type":"LineString","coordinates":[[114.09382,22.548198],[114.093802,22.548217],[114.093778,22.548244]]}},{"type":"Feature","properties":{"cls":"minor","name":null,"en":null,"tunnel":0},"geometry":{"type":"LineString","coordinates":[[114.079456,22.550475],[114.079529,22.550395],[114.079535,22.550022],[114.079604,22.550014]]}},{"type":"Feature","properties":{"cls":"minor","name":null,"en":null,"tunnel":0},"geometry":{"type":"LineString","coordinates":[[114.080443,22.550457],[114.081192,22.550468],[114.081192,22.550606],[114.080439,22.550599]]}},{"type":"Feature","properties":{"cls":"tertiary","name":null,"en":null,"tunnel":0},"geometry":{"type":"LineString","coordinates":[[114.092644,22.547201],[114.092636,22.547674],[114.092636,22.547728]]}},{"type":"Feature","properties":{"cls":"foot","name":null,"en":null,"tunnel":0},"geometry":{"type":"LineString","coordinates":[[114.093708,22.548154],[114.093765,22.548097],[114.093803,22.548052]]}},{"type":"Feature","properties":{"cls":"foot","name":null,"en":null,"tunnel":0},"geometry":{"type":"LineString","coordinates":[[114.092969,22.549047],[114.092999,22.549028],[114.093195,22.548795],[114.093678,22.548188],[114.093708,22.548154]]}},{"type":"Feature","properties":{"cls":"foot","name":null,"en":null,"tunnel":0},"geometry":{"type":"LineString","coordinates":[[114.093803,22.548052],[114.093853,22.547988]]}},{"type":"Feature","properties":{"cls":"foot","name":null,"en":null,"tunnel":0},"geometry":{"type":"LineString","coordinates":[[114.093866,22.548144],[114.093846,22.548168],[114.09382,22.548198]]}},{"type":"Feature","properties":{"cls":"foot","name":null,"en":null,"tunnel":0},"geometry":{"type":"LineString","coordinates":[[114.093708,22.548154],[114.093756,22.548185],[114.093802,22.548217]]}},{"type":"Feature","properties":{"cls":"foot","name":null,"en":null,"tunnel":0},"geometry":{"type":"LineString","coordinates":[[114.093803,22.548052],[114.093847,22.548087],[114.09389,22.548116]]}},{"type":"Feature","properties":{"cls":"foot","name":null,"en":null,"tunnel":0},"geometry":{"type":"LineString","coordinates":[[114.093803,22.548052],[114.093781,22.548038]]}},{"type":"Feature","properties":{"cls":"foot","name":null,"en":null,"tunnel":0},"geometry":{"type":"LineString","coordinates":[[114.093781,22.548038],[114.093154,22.547709],[114.093077,22.54769],[114.092998,22.547682],[114.092677,22.547674]]}},{"type":"Feature","properties":{"cls":"foot","name":null,"en":null,"tunnel":0},"geometry":{"type":"LineString","coordinates":[[114.092583,22.547674],[114.092548,22.547682],[114.092012,22.547675],[114.091309,22.547668]]}},{"type":"Feature","properties":{"cls":"foot","name":null,"en":null,"tunnel":0},"geometry":{"type":"LineString","coordinates":[[114.092677,22.547674],[114.092636,22.547674],[114.092583,22.547674]]}},{"type":"Feature","properties":{"cls":"foot","name":null,"en":null,"tunnel":0},"geometry":{"type":"LineString","coordinates":[[114.092548,22.547784],[114.092548,22.547728],[114.092548,22.547682]]}},{"type":"Feature","properties":{"cls":"foot","name":null,"en":null,"tunnel":0},"geometry":{"type":"LineString","coordinates":[[114.092548,22.547784],[114.092888,22.547793],[114.093007,22.547797],[114.093067,22.547807],[114.093124,22.547825],[114.093295,22.547908],[114.093658,22.548097],[114.093704,22.548123],[114.093708,22.548154]]}},{"type":"Feature","properties":{"cls":"foot","name":null,"en":null,"tunnel":0},"geometry":{"type":"LineString","coordinates":[[114.092969,22.549047],[114.09292,22.549071],[114.09264,22.549071]]}},{"type":"Feature","properties":{"cls":"foot","name":null,"en":null,"tunnel":0},"geometry":{"type":"LineString","coordinates":[[114.092999,22.549028],[114.093044,22.549061],[114.093087,22.549088]]}},{"type":"Feature","properties":{"cls":"foot","name":null,"en":null,"tunnel":0},"geometry":{"type":"LineString","coordinates":[[114.093195,22.548795],[114.093238,22.548823],[114.093277,22.548853]]}},{"type":"Feature","properties":{"cls":"foot","name":null,"en":null,"tunnel":0},"geometry":{"type":"LineString","coordinates":[[114.09264,22.549071],[114.091297,22.549036]]}},{"type":"Feature","properties":{"cls":"foot","name":null,"en":null,"tunnel":0},"geometry":{"type":"LineString","coordinates":[[114.091297,22.549036],[114.091295,22.549097],[114.091293,22.549175]]}},{"type":"Feature","properties":{"cls":"foot","name":null,"en":null,"tunnel":0},"geometry":{"type":"LineString","coordinates":[[114.092857,22.551662],[114.09287,22.551623]]}},{"type":"Feature","properties":{"cls":"foot","name":null,"en":null,"tunnel":0},"geometry":{"type":"LineString","coordinates":[[114.09287,22.551623],[114.092886,22.5508],[114.092919,22.549216]]}},{"type":"Feature","properties":{"cls":"foot","name":null,"en":null,"tunnel":0},"geometry":{"type":"LineString","coordinates":[[114.09292,22.549071],[114.092919,22.549127],[114.092919,22.549216]]}},{"type":"Feature","properties":{"cls":"foot","name":null,"en":null,"tunnel":0},"geometry":{"type":"LineString","coordinates":[[114.092886,22.5508],[114.092941,22.550801],[114.092981,22.550802]]}},{"type":"Feature","properties":{"cls":"foot","name":null,"en":null,"tunnel":0},"geometry":{"type":"LineString","coordinates":[[114.091014,22.545606],[114.091105,22.545606],[114.091253,22.545607],[114.091355,22.545608]]}},{"type":"Feature","properties":{"cls":"foot","name":null,"en":null,"tunnel":0},"geometry":{"type":"LineString","coordinates":[[114.091326,22.546948],[114.091232,22.54695],[114.091227,22.546949],[114.091095,22.54695],[114.090984,22.546951]]}},{"type":"Feature","properties":{"cls":"foot","name":null,"en":null,"tunnel":0},"geometry":{"type":"LineString","coordinates":[[114.091309,22.547668],[114.091309,22.547715]]}},{"type":"Feature","properties":{"cls":"foot","name":null,"en":null,"tunnel":0},"geometry":{"type":"LineString","coordinates":[[114.091293,22.549175],[114.091377,22.549157],[114.091711,22.549163],[114.092871,22.549187],[114.092919,22.549216]]}},{"type":"Feature","properties":{"cls":"foot","name":null,"en":null,"tunnel":0},"geometry":{"type":"LineString","coordinates":[[114.092919,22.549216],[114.092968,22.549217],[114.093014,22.549216]]}},{"type":"Feature","properties":{"cls":"foot","name":null,"en":null,"tunnel":0},"geometry":{"type":"LineString","coordinates":[[114.094511,22.551699],[114.094511,22.551774],[114.09451,22.551846],[114.094508,22.551901]]}},{"type":"Feature","properties":{"cls":"foot","name":null,"en":null,"tunnel":0},"geometry":{"type":"LineString","coordinates":[[114.095077,22.54655],[114.095063,22.546464],[114.09505,22.54639]]}},{"type":"Feature","properties":{"cls":"foot","name":null,"en":null,"tunnel":0},"geometry":{"type":"LineString","coordinates":[[114.095012,22.547335],[114.09475,22.547455],[114.094581,22.547515],[114.094449,22.547555],[114.094385,22.547575],[114.094329,22.547614],[114.094264,22.547681],[114.094102,22.54787],[114.09389,22.548116],[114.093866,22.548144]]}},{"type":"Feature","properties":{"cls":"foot","name":null,"en":null,"tunnel":0},"geometry":{"type":"LineString","coordinates":[[114.095102,22.547283],[114.095058,22.547307],[114.095012,22.547335]]}},{"type":"Feature","properties":{"cls":"minor","name":null,"en":null,"tunnel":0},"geometry":{"type":"LineString","coordinates":[[114.095039,22.547266],[114.095058,22.547307],[114.095094,22.547393]]}},{"type":"Feature","properties":{"cls":"minor","name":null,"en":null,"tunnel":0},"geometry":{"type":"LineString","coordinates":[[114.095094,22.547393],[114.095039,22.547454],[114.095012,22.547527],[114.094999,22.547612],[114.09498,22.547844],[114.094972,22.547916],[114.094929,22.548013]]}},{"type":"Feature","properties":{"cls":"minor","name":null,"en":null,"tunnel":0},"geometry":{"type":"LineString","coordinates":[[114.095094,22.547393],[114.095165,22.547378],[114.095232,22.547376]]}},{"type":"Feature","properties":{"cls":"foot","name":null,"en":null,"tunnel":0},"geometry":{"type":"LineString","coordinates":[[114.095077,22.54655],[114.095088,22.546577],[114.095097,22.546643],[114.095107,22.546747],[114.095113,22.546979],[114.095093,22.547068],[114.095049,22.547155],[114.094972,22.547226],[114.094862,22.547277],[114.094583,22.547394],[114.094437,22.547447],[114.09429,22.547501],[114.094183,22.547577],[114.093853,22.547988]]}},{"type":"Feature","properties":{"cls":"foot","name":null,"en":null,"tunnel":0},"geometry":{"type":"LineString","coordinates":[[114.095066,22.545616],[114.095083,22.545028],[114.095089,22.544371]]}},{"type":"Feature","properties":{"cls":"foot","name":null,"en":null,"tunnel":0},"geometry":{"type":"LineString","coordinates":[[114.095055,22.546128],[114.095137,22.546128],[114.095222,22.546128]]}},{"type":"Feature","properties":{"cls":"foot","name":null,"en":null,"tunnel":0},"geometry":{"type":"LineString","coordinates":[[114.09505,22.54639],[114.095055,22.546128],[114.095062,22.545754]]}},{"type":"Feature","properties":{"cls":"foot","name":null,"en":null,"tunnel":0},"geometry":{"type":"LineString","coordinates":[[114.095062,22.545754],[114.095064,22.545699],[114.095066,22.545616]]}},{"type":"Feature","properties":{"cls":"foot","name":null,"en":null,"tunnel":0},"geometry":{"type":"LineString","coordinates":[[114.095094,22.544213],[114.095104,22.543668]]}},{"type":"Feature","properties":{"cls":"foot","name":null,"en":null,"tunnel":0},"geometry":{"type":"LineString","coordinates":[[114.095089,22.544371],[114.095092,22.5443],[114.095094,22.544213]]}},{"type":"Feature","properties":{"cls":"foot","name":null,"en":null,"tunnel":0},"geometry":{"type":"LineString","coordinates":[[114.095104,22.543668],[114.095084,22.543615],[114.095027,22.543571]]}},{"type":"Feature","properties":{"cls":"foot","name":null,"en":null,"tunnel":0},"geometry":{"type":"LineString","coordinates":[[114.095227,22.544807],[114.095222,22.545166],[114.095216,22.545596],[114.095209,22.54605],[114.095222,22.546128],[114.095247,22.546175],[114.09528,22.546194]]}},{"type":"Feature","properties":{"cls":"foot","name":null,"en":null,"tunnel":0},"geometry":{"type":"LineString","coordinates":[[114.095297,22.543573],[114.095274,22.543592],[114.095251,22.543634],[114.095249,22.543683],[114.095238,22.544186]]}},{"type":"Feature","properties":{"cls":"foot","name":null,"en":null,"tunnel":0},"geometry":{"type":"LineString","coordinates":[[114.095229,22.544683],[114.095228,22.544751],[114.095227,22.544807]]}},{"type":"Feature","properties":{"cls":"foot","name":null,"en":null,"tunnel":0},"geometry":{"type":"LineString","coordinates":[[114.095238,22.544186],[114.095237,22.544237],[114.095236,22.54427],[114.095233,22.544409],[114.095229,22.544683]]}},{"type":"Feature","properties":{"cls":"foot","name":null,"en":null,"tunnel":0},"geometry":{"type":"LineString","coordinates":[[114.095312,22.546355],[114.095299,22.546288],[114.09528,22.546194]]}},{"type":"Feature","properties":{"cls":"foot","name":null,"en":null,"tunnel":0},"geometry":{"type":"LineString","coordinates":[[114.094485,22.551901],[114.094435,22.5519],[114.094371,22.5519]]}},{"type":"Feature","properties":{"cls":"foot","name":null,"en":null,"tunnel":0},"geometry":{"type":"LineString","coordinates":[[114.095686,22.552535],[114.09569,22.552251],[114.095752,22.552251]]}},{"type":"Feature","properties":{"cls":"foot","name":null,"en":null,"tunnel":1},"geometry":{"type":"LineString","coordinates":[[114.095752,22.552251],[114.095997,22.552254]]}},{"type":"Feature","properties":{"cls":"foot","name":null,"en":null,"tunnel":0},"geometry":{"type":"LineString","coordinates":[[114.095686,22.552535],[114.09568,22.552704],[114.095268,22.5527],[114.095265,22.552961]]}},{"type":"Feature","properties":{"cls":"foot","name":null,"en":null,"tunnel":0},"geometry":{"type":"LineString","coordinates":[[114.093195,22.553013],[114.093195,22.552943],[114.093195,22.552885]]}},{"type":"Feature","properties":{"cls":"foot","name":null,"en":null,"tunnel":1},"geometry":{"type":"LineString","coordinates":[[114.090829,22.543005],[114.090829,22.542951],[114.091615,22.542957],[114.091614,22.542851]]}},{"type":"Feature","properties":{"cls":"foot","name":null,"en":null,"tunnel":0},"geometry":{"type":"LineString","coordinates":[[114.095965,22.554012],[114.095967,22.553841],[114.095984,22.55297],[114.095997,22.552254],[114.096005,22.551928]]}},{"type":"Feature","properties":{"cls":"foot","name":null,"en":null,"tunnel":0},"geometry":{"type":"LineString","coordinates":[[114.095676,22.553839],[114.095687,22.553221],[114.095691,22.553022],[114.095729,22.553024],[114.09573,22.552967]]}},{"type":"Feature","properties":{"cls":"minor","name":null,"en":null,"tunnel":0},"geometry":{"type":"LineString","coordinates":[[114.093168,22.552191],[114.093128,22.552191],[114.093107,22.552191]]}},{"type":"Feature","properties":{"cls":"minor","name":null,"en":null,"tunnel":1},"geometry":{"type":"LineString","coordinates":[[114.093107,22.552191],[114.092971,22.552188]]}},{"type":"Feature","properties":{"cls":"foot","name":null,"en":null,"tunnel":0},"geometry":{"type":"LineString","coordinates":[[114.093122,22.551896],[114.093132,22.551929],[114.093128,22.552155]]}},{"type":"Feature","properties":{"cls":"foot","name":null,"en":null,"tunnel":0},"geometry":{"type":"LineString","coordinates":[[114.093128,22.552155],[114.093128,22.552191],[114.093127,22.552232]]}},{"type":"Feature","properties":{"cls":"foot","name":null,"en":null,"tunnel":0},"geometry":{"type":"LineString","coordinates":[[114.093127,22.552232],[114.093124,22.552452]]}},{"type":"Feature","properties":{"cls":"foot","name":null,"en":null,"tunnel":0},"geometry":{"type":"LineString","coordinates":[[114.093124,22.552452],[114.093124,22.552475],[114.093115,22.553012]]}},{"type":"Feature","properties":{"cls":"foot","name":null,"en":null,"tunnel":0},"geometry":{"type":"LineString","coordinates":[[114.093124,22.552475],[114.093165,22.552476],[114.093197,22.552476]]}},{"type":"Feature","properties":{"cls":"foot","name":null,"en":null,"tunnel":0},"geometry":{"type":"LineString","coordinates":[[114.093197,22.552476],[114.093208,22.551944],[114.093211,22.55192],[114.093231,22.551897]]}},{"type":"Feature","properties":{"cls":"foot","name":null,"en":null,"tunnel":0},"geometry":{"type":"LineString","coordinates":[[114.093195,22.552885],[114.093197,22.552501],[114.093197,22.552476]]}},{"type":"Feature","properties":{"cls":"foot","name":null,"en":null,"tunnel":0},"geometry":{"type":"LineString","coordinates":[[114.096758,22.537811],[114.096615,22.537808],[114.095081,22.537782]]}},{"type":"Feature","properties":{"cls":"foot","name":null,"en":null,"tunnel":0},"geometry":{"type":"LineString","coordinates":[[114.095081,22.537782],[114.09502,22.537781],[114.094948,22.53778]]}},{"type":"Feature","properties":{"cls":"foot","name":null,"en":null,"tunnel":0},"geometry":{"type":"LineString","coordinates":[[114.094948,22.53778],[114.094886,22.537776],[114.094261,22.537777],[114.093522,22.537785],[114.093328,22.537787],[114.092335,22.537797],[114.091678,22.537801],[114.091371,22.537789],[114.091086,22.537752],[114.090519,22.537636],[114.090074,22.537546],[114.08953,22.537431],[114.08911,22.537345],[114.088954,22.537321],[114.088635,22.537288],[114.088047,22.537226],[114.087683,22.537188],[114.08732,22.537143],[114.087177,22.537128],[114.08672,22.537118]]}},{"type":"Feature","properties":{"cls":"foot","name":null,"en":null,"tunnel":0},"geometry":{"type":"LineString","coordinates":[[114.08672,22.537118],[114.086671,22.537118],[114.086625,22.537114]]}},{"type":"Feature","properties":{"cls":"foot","name":null,"en":null,"tunnel":0},"geometry":{"type":"LineString","coordinates":[[114.086625,22.537114],[114.086534,22.537107],[114.086351,22.537098],[114.086205,22.537092],[114.085656,22.537087]]}},{"type":"Feature","properties":{"cls":"foot","name":null,"en":null,"tunnel":0},"geometry":{"type":"LineString","coordinates":[[114.086293,22.537114],[114.086351,22.537098]]}},{"type":"Feature","properties":{"cls":"foot","name":null,"en":null,"tunnel":0},"geometry":{"type":"LineString","coordinates":[[114.085717,22.537106],[114.085656,22.537087]]}},{"type":"Feature","properties":{"cls":"foot","name":null,"en":null,"tunnel":0},"geometry":{"type":"LineString","coordinates":[[114.085656,22.537087],[114.085351,22.537078],[114.084476,22.537067]]}},{"type":"Feature","properties":{"cls":"foot","name":null,"en":null,"tunnel":0},"geometry":{"type":"LineString","coordinates":[[114.084476,22.537067],[114.084277,22.537064],[114.083599,22.537052],[114.083049,22.537046],[114.082608,22.537019]]}},{"type":"Feature","properties":{"cls":"foot","name":null,"en":null,"tunnel":0},"geometry":{"type":"LineString","coordinates":[[114.082608,22.537019],[114.08245,22.537003],[114.082311,22.536933],[114.082247,22.536876],[114.08219,22.536802],[114.082138,22.536681],[114.082121,22.536573],[114.082115,22.5364],[114.082127,22.536295],[114.08215,22.536081],[114.082183,22.535828],[114.082235,22.535327],[114.082272,22.535021],[114.082281,22.534937],[114.082284,22.534694],[114.082274,22.534483],[114.082255,22.534189],[114.082253,22.534162],[114.082231,22.534011],[114.082232,22.533935],[114.082267,22.533644],[114.082303,22.533505],[114.082325,22.533317],[114.082347,22.533133],[114.08234,22.533008],[114.082232,22.532932]]}},{"type":"Feature","properties":{"cls":"foot","name":null,"en":null,"tunnel":0},"geometry":{"type":"LineString","coordinates":[[114.082542,22.537037],[114.082608,22.537019]]}},{"type":"Feature","properties":{"cls":"foot","name":null,"en":null,"tunnel":0},"geometry":{"type":"LineString","coordinates":[[114.081606,22.54296],[114.081673,22.54296],[114.081776,22.542959]]}},{"type":"Feature","properties":{"cls":"foot","name":null,"en":null,"tunnel":0},"geometry":{"type":"LineString","coordinates":[[114.081606,22.54296],[114.081556,22.542941],[114.081508,22.542924]]}},{"type":"Feature","properties":{"cls":"foot","name":null,"en":null,"tunnel":0},"geometry":{"type":"LineString","coordinates":[[114.081841,22.543007],[114.081841,22.543096],[114.08184,22.543216],[114.081841,22.54331]]}},{"type":"Feature","properties":{"cls":"foot","name":null,"en":null,"tunnel":0},"geometry":{"type":"LineString","coordinates":[[114.081776,22.542959],[114.081841,22.543007]]}},{"type":"Feature","properties":{"cls":"foot","name":null,"en":null,"tunnel":0},"geometry":{"type":"LineString","coordinates":[[114.090837,22.553958],[114.090857,22.553891],[114.090873,22.552871],[114.090825,22.552565],[114.090826,22.552432],[114.090826,22.552393],[114.090826,22.552108],[114.090764,22.551983],[114.090753,22.551972],[114.090727,22.551943],[114.090658,22.551912],[114.090599,22.551894],[114.090367,22.551892],[114.090126,22.551891]]}},{"type":"Feature","properties":{"cls":"foot","name":null,"en":null,"tunnel":0},"geometry":{"type":"LineString","coordinates":[[114.090367,22.551892],[114.090367,22.551991],[114.090399,22.551992]]}},{"type":"Feature","properties":{"cls":"secondary","name":"华强北路","en":"Huaqiang North Road","tunnel":0},"geometry":{"type":"LineString","coordinates":[[114.081461,22.551687],[114.081508,22.55158]]}},{"type":"Feature","properties":{"cls":"minor","name":null,"en":null,"tunnel":0},"geometry":{"type":"LineString","coordinates":[[114.077606,22.549104],[114.077611,22.548763],[114.077642,22.548421],[114.078622,22.548447]]}},{"type":"Feature","properties":{"cls":"foot","name":null,"en":null,"tunnel":0},"geometry":{"type":"LineString","coordinates":[[114.078522,22.543308],[114.078522,22.543287]]}},{"type":"Feature","properties":{"cls":"foot","name":null,"en":null,"tunnel":0},"geometry":{"type":"LineString","coordinates":[[114.078121,22.543303],[114.07812,22.543279]]}},{"type":"Feature","properties":{"cls":"foot","name":null,"en":null,"tunnel":0},"geometry":{"type":"LineString","coordinates":[[114.078037,22.544059],[114.077996,22.544224]]}},{"type":"Feature","properties":{"cls":"foot","name":null,"en":null,"tunnel":0},"geometry":{"type":"LineString","coordinates":[[114.077996,22.544224],[114.077989,22.544379],[114.077892,22.544703]]}},{"type":"Feature","properties":{"cls":"foot","name":null,"en":null,"tunnel":0},"geometry":{"type":"LineString","coordinates":[[114.078037,22.544059],[114.078045,22.543815]]}},{"type":"Feature","properties":{"cls":"foot","name":null,"en":null,"tunnel":0},"geometry":{"type":"LineString","coordinates":[[114.078045,22.543815],[114.078046,22.543774],[114.078048,22.543708]]}},{"type":"Feature","properties":{"cls":"foot","name":null,"en":null,"tunnel":0},"geometry":{"type":"LineString","coordinates":[[114.078048,22.543708],[114.078047,22.543278]]}},{"type":"Feature","properties":{"cls":"foot","name":"千寻美食街（倒闭）","en":"Thousand Tasty Street (Closed)","tunnel":1},"geometry":{"type":"LineString","coordinates":[[114.091614,22.542851],[114.091725,22.542852],[114.092171,22.542855]]}},{"type":"Feature","properties":{"cls":"foot","name":"千寻美食街（倒闭）","en":"Thousand Tasty Street (Closed)","tunnel":1},"geometry":{"type":"LineString","coordinates":[[114.092171,22.542855],[114.092235,22.542857]]}},{"type":"Feature","properties":{"cls":"foot","name":null,"en":null,"tunnel":0},"geometry":{"type":"LineString","coordinates":[[114.091725,22.542933],[114.091725,22.543149]]}},{"type":"Feature","properties":{"cls":"foot","name":null,"en":null,"tunnel":0},"geometry":{"type":"LineString","coordinates":[[114.091725,22.543149],[114.091725,22.543189]]}},{"type":"Feature","properties":{"cls":"foot","name":null,"en":null,"tunnel":0},"geometry":{"type":"LineString","coordinates":[[114.091725,22.542852],[114.091725,22.542933]]}},{"type":"Feature","properties":{"cls":"major","name":null,"en":null,"tunnel":0},"geometry":{"type":"LineString","coordinates":[[114.095905,22.538428],[114.095487,22.538339]]}},{"type":"Feature","properties":{"cls":"foot","name":null,"en":null,"tunnel":0},"geometry":{"type":"LineString","coordinates":[[114.091658,22.537978],[114.091681,22.537979],[114.091682,22.53794],[114.091533,22.537938],[114.091382,22.537929],[114.091215,22.537915],[114.091062,22.53789]]}},{"type":"Feature","properties":{"cls":"foot","name":null,"en":null,"tunnel":0},"geometry":{"type":"LineString","coordinates":[[114.091062,22.53789],[114.091072,22.537831],[114.091086,22.537752]]}},{"type":"Feature","properties":{"cls":"foot","name":null,"en":null,"tunnel":0},"geometry":{"type":"LineString","coordinates":[[114.091076,22.537923],[114.091056,22.537919],[114.091062,22.53789]]}},{"type":"Feature","properties":{"cls":"minor","name":null,"en":null,"tunnel":0},"geometry":{"type":"LineString","coordinates":[[114.082314,22.540004],[114.081804,22.539995]]}},{"type":"Feature","properties":{"cls":"secondary","name":null,"en":null,"tunnel":0},"geometry":{"type":"LineString","coordinates":[[114.081804,22.539995],[114.081842,22.54006],[114.081857,22.540104],[114.081869,22.540167],[114.081867,22.540469],[114.081873,22.540514],[114.081892,22.540553],[114.081918,22.54059],[114.08196,22.540627],[114.082006,22.540653],[114.082059,22.540668]]}},{"type":"Feature","properties":{"cls":"secondary","name":null,"en":null,"tunnel":0},"geometry":{"type":"LineString","coordinates":[[114.082009,22.540726],[114.081945,22.54074],[114.081886,22.540769],[114.081835,22.540809],[114.081795,22.540856],[114.081765,22.540915],[114.081745,22.540987]]}},{"type":"Feature","properties":{"cls":"foot","name":null,"en":null,"tunnel":0},"geometry":{"type":"LineString","coordinates":[[114.086523,22.55183],[114.086607,22.55183],[114.086687,22.55183],[114.08672,22.551832],[114.086779,22.551774],[114.088352,22.5518],[114.088379,22.551845],[114.088412,22.551845],[114.088463,22.551845],[114.089038,22.551845],[114.089914,22.551845],[114.09002,22.551885],[114.090126,22.551891]]}},{"type":"Feature","properties":{"cls":"foot","name":null,"en":null,"tunnel":0},"geometry":{"type":"LineString","coordinates":[[114.085128,22.551884],[114.085154,22.551927]]}},{"type":"Feature","properties":{"cls":"foot","name":null,"en":null,"tunnel":0},"geometry":{"type":"LineString","coordinates":[[114.085128,22.551884],[114.085001,22.551905],[114.084983,22.551889],[114.084971,22.551869],[114.084965,22.551835],[114.084983,22.551799],[114.084991,22.551787],[114.084991,22.551768]]}},{"type":"Feature","properties":{"cls":"foot","name":null,"en":null,"tunnel":0},"geometry":{"type":"LineString","coordinates":[[114.085128,22.551884],[114.085126,22.551846],[114.085046,22.551841],[114.085036,22.551834],[114.085036,22.551814],[114.085045,22.551806],[114.085056,22.551802],[114.085168,22.551805],[114.08518,22.551822],[114.085188,22.551841],[114.085182,22.551885],[114.085181,22.551909]]}},{"type":"Feature","properties":{"cls":"foot","name":null,"en":null,"tunnel":0},"geometry":{"type":"LineString","coordinates":[[114.086528,22.552043],[114.086529,22.551865]]}},{"type":"Feature","properties":{"cls":"foot","name":null,"en":null,"tunnel":0},"geometry":{"type":"LineString","coordinates":[[114.086414,22.551985],[114.086446,22.552015],[114.086485,22.552042],[114.086528,22.552043]]}},{"type":"Feature","properties":{"cls":"foot","name":null,"en":null,"tunnel":0},"geometry":{"type":"LineString","coordinates":[[114.083916,22.552007],[114.083897,22.552211],[114.083896,22.552326]]}},{"type":"Feature","properties":{"cls":"foot","name":null,"en":null,"tunnel":0},"geometry":{"type":"LineString","coordinates":[[114.08392,22.551768],[114.083916,22.552007]]}},{"type":"Feature","properties":{"cls":"minor","name":null,"en":null,"tunnel":0},"geometry":{"type":"LineString","coordinates":[[114.08385,22.552325],[114.083896,22.552326],[114.083969,22.552328]]}},{"type":"Feature","properties":{"cls":"minor","name":null,"en":null,"tunnel":0},"geometry":{"type":"LineString","coordinates":[[114.083972,22.552074],[114.083969,22.552328],[114.083969,22.552364]]}},{"type":"Feature","properties":{"cls":"foot","name":null,"en":null,"tunnel":0},"geometry":{"type":"LineString","coordinates":[[114.084144,22.551765],[114.084143,22.551727]]}},{"type":"Feature","properties":{"cls":"foot","name":null,"en":null,"tunnel":0},"geometry":{"type":"LineString","coordinates":[[114.08462,22.551765],[114.084621,22.551732]]}},{"type":"Feature","properties":{"cls":"foot","name":null,"en":null,"tunnel":0},"geometry":{"type":"LineString","coordinates":[[114.083916,22.552007],[114.084108,22.552008],[114.084144,22.55199],[114.084592,22.551765]]}},{"type":"Feature","properties":{"cls":"foot","name":null,"en":null,"tunnel":0},"geometry":{"type":"LineString","coordinates":[[114.086529,22.551865],[114.086523,22.55183],[114.086519,22.551801],[114.086481,22.551778],[114.086374,22.551773],[114.086294,22.55178],[114.086237,22.551843]]}},{"type":"Feature","properties":{"cls":"foot","name":null,"en":null,"tunnel":0},"geometry":{"type":"LineString","coordinates":[[114.085336,22.551774],[114.085436,22.551874],[114.085525,22.551962],[114.08554,22.551967],[114.085882,22.551973],[114.085898,22.55197],[114.085984,22.551897],[114.086045,22.551896],[114.086075,22.551896]]}},{"type":"Feature","properties":{"cls":"foot","name":null,"en":null,"tunnel":0},"geometry":{"type":"LineString","coordinates":[[114.085229,22.551878],[114.085436,22.551874]]}},{"type":"Feature","properties":{"cls":"foot","name":null,"en":null,"tunnel":0},"geometry":{"type":"LineString","coordinates":[[114.085066,22.551983],[114.085154,22.551927],[114.085181,22.551909],[114.085229,22.551878],[114.085226,22.551772]]}},{"type":"Feature","properties":{"cls":"foot","name":null,"en":null,"tunnel":0},"geometry":{"type":"LineString","coordinates":[[114.084144,22.55199],[114.08457,22.551998],[114.08488,22.552002],[114.084882,22.551979]]}},{"type":"Feature","properties":{"cls":"foot","name":null,"en":null,"tunnel":0},"geometry":{"type":"LineString","coordinates":[[114.086045,22.551896],[114.085941,22.551784]]}},{"type":"Feature","properties":{"cls":"foot","name":null,"en":null,"tunnel":0},"geometry":{"type":"LineString","coordinates":[[114.086179,22.552001],[114.086075,22.551896]]}},{"type":"Feature","properties":{"cls":"foot","name":null,"en":null,"tunnel":0},"geometry":{"type":"LineString","coordinates":[[114.084955,22.55198],[114.084933,22.551925],[114.084901,22.551851],[114.084872,22.55182],[114.084772,22.551765]]}},{"type":"Feature","properties":{"cls":"foot","name":null,"en":null,"tunnel":0},"geometry":{"type":"LineString","coordinates":[[114.086529,22.551865],[114.086427,22.551884],[114.086322,22.551888],[114.086263,22.551863],[114.086237,22.551843],[114.086195,22.551811],[114.086151,22.551788],[114.085941,22.551784],[114.085336,22.551774],[114.085226,22.551772],[114.084991,22.551768],[114.084772,22.551765],[114.08462,22.551765],[114.084592,22.551765],[114.084144,22.551765],[114.083953,22.551765],[114.08392,22.551768]]}},{"type":"Feature","properties":{"cls":"foot","name":null,"en":null,"tunnel":0},"geometry":{"type":"LineString","coordinates":[[114.086529,22.551865],[114.086481,22.551919],[114.086414,22.551985],[114.086401,22.551999],[114.086367,22.552006],[114.086179,22.552001]]}},{"type":"Feature","properties":{"cls":"foot","name":null,"en":null,"tunnel":0},"geometry":{"type":"LineString","coordinates":[[114.084882,22.551979],[114.084955,22.55198],[114.085066,22.551983]]}},{"type":"Feature","properties":{"cls":"foot","name":null,"en":null,"tunnel":0},"geometry":{"type":"LineString","coordinates":[[114.091437,22.552213],[114.09142,22.5522]]}},{"type":"Feature","properties":{"cls":"foot","name":null,"en":null,"tunnel":0},"geometry":{"type":"LineString","coordinates":[[114.091339,22.552173],[114.091324,22.552197],[114.091294,22.552218],[114.091268,22.552223],[114.09124,22.552222]]}},{"type":"Feature","properties":{"cls":"foot","name":null,"en":null,"tunnel":0},"geometry":{"type":"LineString","coordinates":[[114.091371,22.552129],[114.091353,22.552044]]}},{"type":"Feature","properties":{"cls":"foot","name":null,"en":null,"tunnel":0},"geometry":{"type":"LineString","coordinates":[[114.091421,22.552299],[114.091415,22.552281],[114.091413,22.552259],[114.091418,22.552237],[114.09143,22.552218],[114.091437,22.552213],[114.091448,22.552204],[114.091471,22.552196],[114.091493,22.552194],[114.091515,22.552199],[114.091535,22.55221],[114.09155,22.552225],[114.091559,22.552244],[114.091562,22.552271],[114.091562,22.552275]]}},{"type":"Feature","properties":{"cls":"foot","name":null,"en":null,"tunnel":0},"geometry":{"type":"LineString","coordinates":[[114.091355,22.552138],[114.091371,22.552129],[114.091391,22.552128],[114.091409,22.552133],[114.091423,22.552145],[114.091431,22.552161],[114.091431,22.552182],[114.09142,22.5522],[114.091401,22.552211],[114.091378,22.552213],[114.091359,22.552206],[114.091345,22.552191],[114.091339,22.552173],[114.091342,22.552154],[114.091355,22.552138]]}},{"type":"Feature","properties":{"cls":"foot","name":null,"en":null,"tunnel":0},"geometry":{"type":"LineString","coordinates":[[114.091233,22.552593],[114.091328,22.552667],[114.091681,22.552983]]}},{"type":"Feature","properties":{"cls":"foot","name":null,"en":null,"tunnel":0},"geometry":{"type":"LineString","coordinates":[[114.091638,22.552204],[114.091843,22.552208]]}},{"type":"Feature","properties":{"cls":"foot","name":null,"en":null,"tunnel":0},"geometry":{"type":"LineString","coordinates":[[114.090367,22.551991],[114.090365,22.552188],[114.090535,22.552329],[114.090533,22.552394],[114.090523,22.552556],[114.090512,22.552766],[114.090561,22.553061],[114.090543,22.553332],[114.090554,22.553608],[114.09058,22.553677],[114.090598,22.553736],[114.090577,22.55383],[114.090542,22.554008]]}},{"type":"Feature","properties":{"cls":"foot","name":null,"en":null,"tunnel":0},"geometry":{"type":"LineString","coordinates":[[114.090631,22.551616],[114.090724,22.551617],[114.090836,22.551568],[114.090897,22.551457],[114.090889,22.550867],[114.090889,22.550834],[114.090893,22.550762],[114.090913,22.550737],[114.090924,22.550553],[114.090939,22.549887],[114.090944,22.549634],[114.090947,22.549522],[114.090931,22.549496],[114.09087,22.549406],[114.090839,22.549387],[114.090805,22.549369]]}},{"type":"Feature","properties":{"cls":"foot","name":null,"en":null,"tunnel":0},"geometry":{"type":"LineString","coordinates":[[114.091262,22.551647],[114.091323,22.551579]]}},{"type":"Feature","properties":{"cls":"foot","name":null,"en":null,"tunnel":0},"geometry":{"type":"LineString","coordinates":[[114.091255,22.551889],[114.091268,22.551947],[114.091303,22.551981]]}},{"type":"Feature","properties":{"cls":"foot","name":null,"en":null,"tunnel":0},"geometry":{"type":"LineString","coordinates":[[114.09089,22.551885],[114.090815,22.551929],[114.090753,22.551972]]}},{"type":"Feature","properties":{"cls":"foot","name":null,"en":null,"tunnel":0},"geometry":{"type":"LineString","coordinates":[[114.090836,22.551568],[114.090872,22.551622],[114.0909,22.551648],[114.090983,22.551647],[114.091126,22.551647],[114.091262,22.551647],[114.091296,22.551727],[114.091289,22.551804],[114.091255,22.551889],[114.09112,22.55189],[114.09098,22.551889],[114.09089,22.551885],[114.090885,22.551804],[114.090883,22.551725],[114.0909,22.551648]]}},{"type":"Feature","properties":{"cls":"minor","name":null,"en":null,"tunnel":0},"geometry":{"type":"LineString","coordinates":[[114.089536,22.551528],[114.089537,22.551704]]}},{"type":"Feature","properties":{"cls":"minor","name":null,"en":null,"tunnel":0},"geometry":{"type":"LineString","coordinates":[[114.090296,22.550835],[114.089835,22.550834],[114.089566,22.550834]]}},{"type":"Feature","properties":{"cls":"minor","name":null,"en":null,"tunnel":0},"geometry":{"type":"LineString","coordinates":[[114.089835,22.551094],[114.090295,22.551095]]}},{"type":"Feature","properties":{"cls":"foot","name":null,"en":null,"tunnel":0},"geometry":{"type":"LineString","coordinates":[[114.090631,22.551616],[114.09063,22.55144],[114.090744,22.551338],[114.090769,22.551303],[114.090759,22.551228],[114.090732,22.551183],[114.090741,22.550914],[114.090784,22.550833]]}},{"type":"Feature","properties":{"cls":"foot","name":null,"en":null,"tunnel":0},"geometry":{"type":"LineString","coordinates":[[114.09087,22.549406],[114.090879,22.549366],[114.090898,22.549265]]}},{"type":"Feature","properties":{"cls":"foot","name":null,"en":null,"tunnel":0},"geometry":{"type":"LineString","coordinates":[[114.090762,22.549884],[114.090939,22.549887]]}},{"type":"Feature","properties":{"cls":"foot","name":null,"en":null,"tunnel":0},"geometry":{"type":"LineString","coordinates":[[114.090924,22.550553],[114.090907,22.550553],[114.090808,22.550457],[114.090818,22.550151],[114.090759,22.550083],[114.090762,22.549884],[114.090763,22.549856],[114.090821,22.54979],[114.090824,22.549613],[114.090794,22.549585],[114.090805,22.549369]]}},{"type":"Feature","properties":{"cls":"minor","name":null,"en":null,"tunnel":0},"geometry":{"type":"LineString","coordinates":[[114.089835,22.550834],[114.089835,22.551094],[114.089833,22.551166],[114.089811,22.551235],[114.089779,22.551254],[114.089539,22.551252],[114.089536,22.551528],[114.090297,22.551536],[114.090296,22.551166],[114.090295,22.551095],[114.090296,22.550835],[114.09057,22.55083],[114.090784,22.550833],[114.090889,22.550834],[114.091006,22.550835]]}},{"type":"Feature","properties":{"cls":"foot","name":null,"en":null,"tunnel":0},"geometry":{"type":"LineString","coordinates":[[114.091353,22.552044],[114.091637,22.552165],[114.091638,22.552204],[114.091639,22.552279]]}},{"type":"Feature","properties":{"cls":"foot","name":null,"en":null,"tunnel":0},"geometry":{"type":"LineString","coordinates":[[114.091328,22.552667],[114.091333,22.552424],[114.091355,22.552364],[114.091392,22.552307],[114.091421,22.552299],[114.091471,22.552287],[114.09155,22.552274],[114.091562,22.552275],[114.091639,22.552279],[114.091725,22.55232],[114.091756,22.552371],[114.091741,22.552442],[114.091682,22.55252],[114.091681,22.552983],[114.091678,22.553196],[114.091748,22.553292],[114.091756,22.553367],[114.091758,22.553652],[114.091752,22.553747],[114.091695,22.55383],[114.091597,22.553841],[114.091386,22.553835],[114.091351,22.55382],[114.091316,22.55379],[114.091306,22.553764],[114.091318,22.553192],[114.091328,22.552667]]}},{"type":"Feature","properties":{"cls":"foot","name":null,"en":null,"tunnel":0},"geometry":{"type":"LineString","coordinates":[[114.09078,22.552387],[114.090747,22.55244],[114.090714,22.552537],[114.09072,22.552634],[114.090758,22.552901],[114.090781,22.553026],[114.090759,22.553162],[114.090758,22.553297],[114.090724,22.553467],[114.090775,22.553679],[114.09058,22.553677]]}},{"type":"Feature","properties":{"cls":"foot","name":null,"en":null,"tunnel":0},"geometry":{"type":"LineString","coordinates":[[114.090535,22.552329],[114.090659,22.552349],[114.09078,22.552387],[114.090826,22.552393]]}},{"type":"Feature","properties":{"cls":"foot","name":null,"en":null,"tunnel":0},"geometry":{"type":"LineString","coordinates":[[114.095999,22.549496],[114.0959,22.54965]]}},{"type":"Feature","properties":{"cls":"minor","name":null,"en":null,"tunnel":0},"geometry":{"type":"LineString","coordinates":[[114.092944,22.550628],[114.092984,22.550627],[114.09322,22.550622],[114.09355,22.549858]]}},{"type":"Feature","properties":{"cls":"foot","name":null,"en":null,"tunnel":0},"geometry":{"type":"LineString","coordinates":[[114.094395,22.549696],[114.094207,22.549634],[114.094048,22.549584]]}},{"type":"Feature","properties":{"cls":"minor","name":null,"en":null,"tunnel":0},"geometry":{"type":"LineString","coordinates":[[114.092957,22.549845],[114.093001,22.549847],[114.09355,22.549858],[114.093898,22.549864],[114.093939,22.54985],[114.093965,22.549811],[114.094048,22.549584],[114.094069,22.549526]]}},{"type":"Feature","properties":{"cls":"foot","name":null,"en":null,"tunnel":0},"geometry":{"type":"LineString","coordinates":[[114.094887,22.549719],[114.094731,22.549786],[114.094627,22.549823],[114.094605,22.549945],[114.094618,22.550023],[114.094689,22.550119],[114.094729,22.550052],[114.094883,22.549951],[114.09499,22.549843]]}},{"type":"Feature","properties":{"cls":"foot","name":null,"en":null,"tunnel":0},"geometry":{"type":"LineString","coordinates":[[114.094471,22.549683],[114.094538,22.549743],[114.094637,22.549783],[114.094731,22.549786],[114.094851,22.549802],[114.094935,22.549818]]}},{"type":"Feature","properties":{"cls":"foot","name":null,"en":null,"tunnel":0},"geometry":{"type":"LineString","coordinates":[[114.095499,22.548926],[114.095238,22.549135],[114.094946,22.549344],[114.094471,22.549683],[114.09442,22.549672],[114.094395,22.549696],[114.094347,22.549743],[114.094394,22.549872],[114.094505,22.549973],[114.094623,22.550077],[114.094689,22.550119],[114.094801,22.55022],[114.09485,22.550239],[114.094929,22.550223],[114.095034,22.550173],[114.095072,22.550087],[114.095083,22.550029],[114.095291,22.550005]]}},{"type":"Feature","properties":{"cls":"foot","name":null,"en":null,"tunnel":0},"geometry":{"type":"LineString","coordinates":[[114.095567,22.55075],[114.095622,22.550729],[114.095732,22.55071],[114.095885,22.550703],[114.095965,22.550698],[114.096036,22.550673],[114.096294,22.550543],[114.096386,22.550536]]}},{"type":"Feature","properties":{"cls":"foot","name":null,"en":null,"tunnel":0},"geometry":{"type":"LineString","coordinates":[[114.095653,22.550908],[114.095567,22.55075],[114.095515,22.550656],[114.095524,22.550616],[114.095445,22.550443],[114.095468,22.550334],[114.095488,22.550217],[114.09543,22.550101],[114.095413,22.550078]]}},{"type":"Feature","properties":{"cls":"foot","name":null,"en":null,"tunnel":0},"geometry":{"type":"LineString","coordinates":[[114.09585,22.551151],[114.095933,22.551235],[114.096086,22.551306],[114.096204,22.551349],[114.096231,22.55136],[114.096218,22.551414],[114.096242,22.55147]]}},{"type":"Feature","properties":{"cls":"foot","name":null,"en":null,"tunnel":0},"geometry":{"type":"LineString","coordinates":[[114.095677,22.551536],[114.095753,22.551438],[114.095823,22.551215],[114.09585,22.551151],[114.095791,22.551037],[114.095716,22.550885]]}},{"type":"Feature","properties":{"cls":"foot","name":null,"en":null,"tunnel":0},"geometry":{"type":"LineString","coordinates":[[114.096121,22.551534],[114.096066,22.551541],[114.09599,22.551554],[114.095876,22.551576],[114.095788,22.551602]]}},{"type":"Feature","properties":{"cls":"major","name":"滨河大道","en":"Binhe Boulevard","tunnel":0},"geometry":{"type":"LineString","coordinates":[[114.097251,22.538357],[114.095487,22.538339],[114.094331,22.538327],[114.093903,22.53832],[114.093273,22.538278],[114.092545,22.538226],[114.091816,22.538192],[114.091405,22.538174],[114.091135,22.538151],[114.090866,22.538118],[114.090663,22.538078],[114.090306,22.538005],[114.089326,22.5378],[114.088832,22.537702],[114.088195,22.537574],[114.087798,22.537533],[114.087527,22.537523],[114.084047,22.537461],[114.082732,22.537431],[114.082455,22.537421],[114.082186,22.537397],[114.0819,22.537359],[114.081664,22.537313],[114.081426,22.537247],[114.081172,22.537163],[114.080916,22.537055],[114.080669,22.536936],[114.080388,22.536778],[114.080212,22.536663],[114.08002,22.536521],[114.079872,22.536382],[114.079718,22.536235],[114.079561,22.53607],[114.079426,22.535897],[114.079326,22.535752],[114.079212,22.535566],[114.079114,22.535389],[114.079007,22.535193],[114.078866,22.534938],[114.077731,22.532816],[114.077644,22.532674],[114.07756,22.532565],[114.077447,22.532441],[114.077319,22.532329],[114.077191,22.532231],[114.077038,22.532142],[114.076846,22.532066],[114.076642,22.532],[114.076433,22.531958],[114.076174,22.531933],[114.075944,22.53193],[114.071522,22.531869],[114.067193,22.53181],[114.06035,22.531698],[114.058415,22.531649],[114.053241,22.531561],[114.05024,22.531514],[114.048897,22.531539],[114.045762,22.531486],[114.045214,22.531479],[114.045034,22.531473],[114.044839,22.531461],[114.044035,22.531405],[114.043277,22.531331],[114.03998,22.530989],[114.036785,22.530627],[114.034491,22.530367],[114.033452,22.530272],[114.032783,22.53024],[114.032188,22.530233],[114.03213,22.530232],[114.031598,22.530232],[114.031109,22.530272],[114.030637,22.530311],[114.030062,22.530375],[114.029544,22.530446],[114.028894,22.530566],[114.02821,22.53072],[114.027602,22.53087],[114.025388,22.531406],[114.023277,22.531916],[114.022653,22.532033],[114.022086,22.532116],[114.021609,22.532157],[114.0212,22.532167],[114.020558,22.532167],[114.020229,22.532152],[114.019816,22.532116]]}},{"type":"Feature","properties":{"cls":"major","name":"滨河大道","en":"Binhe Boulevard","tunnel":0},"geometry":{"type":"LineString","coordinates":[[114.031589,22.530043],[114.032465,22.530042],[114.033186,22.530073],[114.033821,22.530129],[114.034473,22.530208],[114.037129,22.530483],[114.039146,22.530699],[114.040442,22.530836],[114.041081,22.530916],[114.042356,22.531062],[114.043987,22.531234],[114.044545,22.531273],[114.044994,22.531289],[114.045601,22.5313],[114.04758,22.531348],[114.050261,22.531379],[114.051965,22.531398],[114.059276,22.531523],[114.067382,22.531653],[114.070331,22.5317],[114.071508,22.53172],[114.073851,22.531759],[114.075671,22.531781],[114.076138,22.531794],[114.076384,22.531809],[114.076569,22.531833],[114.07675,22.531875],[114.076912,22.53193],[114.077122,22.532024],[114.077284,22.532122],[114.077417,22.532219],[114.077521,22.532311],[114.077623,22.532415],[114.077731,22.532544],[114.0778,22.532647],[114.077857,22.532746],[114.079046,22.534937],[114.079288,22.535378],[114.079401,22.535563],[114.079522,22.535737],[114.079618,22.535868],[114.079773,22.536047],[114.079916,22.536199],[114.080083,22.536356],[114.080258,22.536504],[114.080437,22.536631],[114.080656,22.536772],[114.08085,22.536876],[114.081072,22.536975],[114.081295,22.537066],[114.081495,22.537134],[114.081675,22.537182],[114.081888,22.537232],[114.082074,22.537257],[114.082317,22.537285],[114.082564,22.537295],[114.082809,22.5373],[114.084087,22.537327],[114.086605,22.537355],[114.087204,22.537361],[114.087608,22.537378],[114.087795,22.537395],[114.088015,22.537419]]}},{"type":"Feature","properties":{"cls":"primary","name":"滨河大道辅路","en":"Binhe Boulevard Side Road","tunnel":0},"geometry":{"type":"LineString","coordinates":[[114.080689,22.537091],[114.080522,22.537014],[114.08037,22.536922],[114.080195,22.536797],[114.079993,22.536635],[114.079786,22.536452],[114.079586,22.536265],[114.079374,22.53603],[114.079232,22.535842],[114.079147,22.53573],[114.079049,22.535583],[114.07897,22.535453],[114.078827,22.535244],[114.078527,22.534667],[114.078407,22.534449],[114.077837,22.533352],[114.077529,22.532787],[114.077502,22.532744],[114.077461,22.532688],[114.077396,22.532606],[114.077338,22.532544],[114.077268,22.53248],[114.077178,22.53241],[114.077087,22.532351],[114.076993,22.532297],[114.076883,22.532239],[114.076761,22.532188],[114.076662,22.532157],[114.076546,22.532124],[114.07644,22.532104],[114.076339,22.53209],[114.076242,22.53208],[114.07613,22.532071],[114.07512,22.532044],[114.074683,22.532035],[114.072385,22.531988]]}},{"type":"Feature","properties":{"cls":"secondary","name":"华强南路","en":"Huaqiang South Road","tunnel":0},"geometry":{"type":"LineString","coordinates":[[114.081684,22.538704],[114.081698,22.538063],[114.081715,22.537507],[114.081773,22.536735],[114.081778,22.536657],[114.081771,22.536599],[114.081756,22.536547],[114.081718,22.536486],[114.081675,22.53644],[114.081632,22.53641],[114.08158,22.536387],[114.081519,22.536369],[114.08145,22.536364],[114.081388,22.536369],[114.081321,22.536384],[114.081258,22.536414],[114.081194,22.536468]]}},{"type":"Feature","properties":{"cls":"primary","name":null,"en":null,"tunnel":0},"geometry":{"type":"LineString","coordinates":[[114.082643,22.537534],[114.0825,22.537542],[114.082379,22.537555],[114.082276,22.53758],[114.082181,22.537614],[114.082111,22.537653],[114.082049,22.537698],[114.082005,22.537745],[114.081966,22.537818],[114.081939,22.537891],[114.08192,22.537972],[114.081892,22.538066],[114.081891,22.538141],[114.081891,22.538184],[114.081865,22.539109],[114.08186,22.53924],[114.081809,22.539667]]}},{"type":"Feature","properties":{"cls":"secondary","name":"华强南路","en":"Huaqiang South Road","tunnel":0},"geometry":{"type":"LineString","coordinates":[[114.081859,22.53682],[114.081797,22.537915],[114.081775,22.538707]]}},{"type":"Feature","properties":{"cls":"primary","name":"滨河大道辅路","en":"Binhe Boulevard Side Road","tunnel":0},"geometry":{"type":"LineString","coordinates":[[114.082643,22.537534],[114.08233,22.53751],[114.082088,22.537486],[114.081882,22.537459],[114.081666,22.537415],[114.081477,22.53737],[114.081302,22.537317],[114.081004,22.537217],[114.080923,22.537182],[114.080689,22.537091]]}},{"type":"Feature","properties":{"cls":"primary","name":"滨河大道辅路","en":"Binhe Boulevard Side Road","tunnel":0},"geometry":{"type":"LineString","coordinates":[[114.082884,22.537204],[114.083496,22.53715]]}},{"type":"Feature","properties":{"cls":"secondary","name":null,"en":null,"tunnel":0},"geometry":{"type":"LineString","coordinates":[[114.081789,22.540459],[114.081668,22.540458]]}},{"type":"Feature","properties":{"cls":"primary","name":"滨河大道辅路","en":"Binhe Boulevard Side Road","tunnel":0},"geometry":{"type":"LineString","coordinates":[[114.081421,22.536993],[114.081519,22.537023],[114.081624,22.537053],[114.08172,22.537079],[114.081803,22.5371],[114.081933,22.537131],[114.082012,22.537146],[114.082122,22.537163],[114.082213,22.537174],[114.082294,22.537184],[114.082368,22.53719],[114.082438,22.537192],[114.082884,22.537204]]}},{"type":"Feature","properties":{"cls":"secondary","name":"华强南路","en":"Huaqiang South Road","tunnel":0},"geometry":{"type":"LineString","coordinates":[[114.081775,22.538707],[114.081778,22.539242],[114.081809,22.539667]]}},{"type":"Feature","properties":{"cls":"secondary","name":"华强南路","en":"Huaqiang South Road","tunnel":0},"geometry":{"type":"LineString","coordinates":[[114.081809,22.539667],[114.081804,22.539995],[114.081799,22.540371],[114.081789,22.540459]]}},{"type":"Feature","properties":{"cls":"secondary","name":"华强南路","en":"Huaqiang South Road","tunnel":0},"geometry":{"type":"LineString","coordinates":[[114.081668,22.540458],[114.081669,22.539508],[114.08167,22.538894],[114.08167,22.538851],[114.081684,22.538704]]}},{"type":"Feature","properties":{"cls":"tertiary","name":"振中路","en":"Zhenzhong Road","tunnel":0},"geometry":{"type":"LineString","coordinates":[[114.076236,22.545347],[114.076474,22.545353],[114.076527,22.545354],[114.077466,22.545371],[114.078289,22.545407],[114.079149,22.545414],[114.079237,22.545414]]}},{"type":"Feature","properties":{"cls":"primary","name":"滨河大道辅路","en":"Binhe Boulevard Side Road","tunnel":0},"geometry":{"type":"LineString","coordinates":[[114.086643,22.537654],[114.08426,22.537605],[114.082902,22.537545],[114.082643,22.537534]]}},{"type":"Feature","properties":{"cls":"secondary","name":"华强南路","en":"Huaqiang South Road","tunnel":0},"geometry":{"type":"LineString","coordinates":[[114.081789,22.540459],[114.081778,22.540562],[114.081767,22.540666],[114.08176,22.540724],[114.081753,22.54079],[114.081749,22.540831],[114.081745,22.540987],[114.081713,22.542186],[114.081689,22.542352],[114.081681,22.54261],[114.081679,22.542667]]}},{"type":"Feature","properties":{"cls":"primary","name":"深南中路","en":"Shennan Middle Road","tunnel":0},"geometry":{"type":"LineString","coordinates":[[114.082154,22.5431],[114.082268,22.543103],[114.084146,22.54314],[114.086759,22.543189],[114.087835,22.543209],[114.088088,22.543213],[114.088611,22.543223],[114.090631,22.543266]]}},{"type":"Feature","properties":{"cls":"primary","name":"深南中路","en":"Shennan Middle Road","tunnel":0},"geometry":{"type":"LineString","coordinates":[[114.090573,22.543392],[114.08959,22.543373],[114.089481,22.543371],[114.088185,22.543344],[114.088125,22.543342],[114.08799,22.54334],[114.087734,22.543333],[114.087464,22.543326],[114.086124,22.543304],[114.085496,22.543294],[114.084163,22.543258],[114.084111,22.543257],[114.082788,22.543232],[114.08195,22.543219],[114.08184,22.543216],[114.081514,22.543214]]}},{"type":"Feature","properties":{"cls":"primary","name":"深南中路","en":"Shennan Middle Road","tunnel":0},"geometry":{"type":"LineString","coordinates":[[114.076198,22.542974],[114.076581,22.542981],[114.077147,22.542991],[114.077402,22.542995],[114.078208,22.543031],[114.078662,22.543032],[114.078724,22.543033],[114.080293,22.543064],[114.081275,22.543084]]}},{"type":"Feature","properties":{"cls":"secondary","name":"华强南路","en":"Huaqiang South Road","tunnel":0},"geometry":{"type":"LineString","coordinates":[[114.081596,22.542881],[114.0816,22.542609],[114.081603,22.542438],[114.081612,22.542179],[114.081628,22.542075],[114.081635,22.541579],[114.081636,22.541293],[114.081643,22.540837],[114.081646,22.540789],[114.081651,22.540713],[114.081655,22.540654],[114.081662,22.540549],[114.081668,22.540458]]}},{"type":"Feature","properties":{"cls":"primary","name":"深南中路","en":"Shennan Middle Road","tunnel":0},"geometry":{"type":"LineString","coordinates":[[114.07926,22.543174],[114.077837,22.54315],[114.076946,22.543105]]}},{"type":"Feature","properties":{"cls":"primary","name":"滨河大道辅路","en":"Binhe Boulevard Side Road","tunnel":0},"geometry":{"type":"LineString","coordinates":[[114.083496,22.53715],[114.084277,22.537165],[114.084472,22.537169],[114.08667,22.537176],[114.086817,22.537181]]}},{"type":"Feature","properties":{"cls":"tertiary","name":null,"en":null,"tunnel":0},"geometry":{"type":"LineString","coordinates":[[114.078287,22.545289],[114.078289,22.545407],[114.078286,22.546405],[114.078284,22.546945],[114.078285,22.54704]]}},{"type":"Feature","properties":{"cls":"secondary","name":"中航路","en":"Zhonghang Road","tunnel":0},"geometry":{"type":"LineString","coordinates":[[114.079237,22.545414],[114.079225,22.545272],[114.079236,22.544724],[114.079241,22.544488],[114.079248,22.544051],[114.079255,22.54354],[114.079258,22.54333],[114.07926,22.543174]]}},{"type":"Feature","properties":{"cls":"primary","name":null,"en":null,"tunnel":0},"geometry":{"type":"LineString","coordinates":[[114.081679,22.542667],[114.081717,22.542744],[114.081742,22.542802],[114.081769,22.542865],[114.081811,22.542921],[114.081826,22.54294],[114.081864,22.542971],[114.081923,22.543007],[114.08198,22.543035],[114.082029,22.543056],[114.082072,22.543072],[114.082154,22.5431]]}},{"type":"Feature","properties":{"cls":"primary","name":null,"en":null,"tunnel":0},"geometry":{"type":"LineString","coordinates":[[114.081275,22.543084],[114.081344,22.543061],[114.081411,22.543034],[114.081463,22.54301],[114.081514,22.54298],[114.081556,22.542941],[114.08158,22.542911],[114.081596,22.542881]]}},{"type":"Feature","properties":{"cls":"secondary","name":"华强南路","en":"Huaqiang South Road","tunnel":0},"geometry":{"type":"LineString","coordinates":[[114.081671,22.543089],[114.08166,22.543126],[114.081624,22.543165],[114.081579,22.543193],[114.081514,22.543214]]}},{"type":"Feature","properties":{"cls":"secondary","name":"华强南路","en":"Huaqiang South Road","tunnel":0},"geometry":{"type":"LineString","coordinates":[[114.081679,22.542667],[114.081673,22.5429],[114.081673,22.54296],[114.081671,22.543089]]}},{"type":"Feature","properties":{"cls":"primary","name":"深南中路","en":"Shennan Middle Road","tunnel":0},"geometry":{"type":"LineString","coordinates":[[114.081671,22.543089],[114.081841,22.543096],[114.082154,22.5431]]}},{"type":"Feature","properties":{"cls":"primary","name":"深南中路","en":"Shennan Middle Road","tunnel":0},"geometry":{"type":"LineString","coordinates":[[114.081275,22.543084],[114.081504,22.54309],[114.081671,22.543089]]}},{"type":"Feature","properties":{"cls":"primary","name":"深南中路","en":"Shennan Middle Road","tunnel":0},"geometry":{"type":"LineString","coordinates":[[114.081514,22.543214],[114.08044,22.543192],[114.07926,22.543174]]}},{"type":"Feature","properties":{"cls":"primary","name":"华富路","en":"Huafu Road","tunnel":0},"geometry":{"type":"LineString","coordinates":[[114.077036,22.552891],[114.076997,22.552794],[114.076962,22.552716],[114.076893,22.552622],[114.076833,22.552535],[114.076804,22.552494],[114.076772,22.552442],[114.076742,22.552383],[114.076714,22.552322]]}},{"type":"Feature","properties":{"cls":"primary","name":null,"en":null,"tunnel":0},"geometry":{"type":"LineString","coordinates":[[114.076839,22.551603],[114.076742,22.551631],[114.076663,22.551671],[114.076603,22.551724],[114.076563,22.551778],[114.076534,22.551841],[114.076532,22.551883],[114.076548,22.551927],[114.076605,22.552008],[114.076942,22.552448],[114.076984,22.552507],[114.077026,22.552581],[114.077127,22.55276]]}},{"type":"Feature","properties":{"cls":"primary","name":"华富路","en":"Huafu Road","tunnel":0},"geometry":{"type":"LineString","coordinates":[[114.077127,22.55276],[114.0779,22.553713],[114.077932,22.553758],[114.078032,22.553898]]}},{"type":"Feature","properties":{"cls":"primary","name":"华富路","en":"Huafu Road","tunnel":0},"geometry":{"type":"LineString","coordinates":[[114.076714,22.552322],[114.076803,22.552396],[114.076858,22.552451],[114.076895,22.552494],[114.077127,22.55276]]}},{"type":"Feature","properties":{"cls":"primary","name":"华富路","en":"Huafu Road","tunnel":0},"geometry":{"type":"LineString","coordinates":[[114.077036,22.552891],[114.076318,22.552021],[114.076137,22.551767],[114.076104,22.551713],[114.076068,22.551644],[114.076042,22.551573]]}},{"type":"Feature","properties":{"cls":"secondary","name":"红荔路","en":"Hongli Road","tunnel":0},"geometry":{"type":"LineString","coordinates":[[114.078338,22.551631],[114.076839,22.551603]]}},{"type":"Feature","properties":{"cls":"minor","name":null,"en":null,"tunnel":0},"geometry":{"type":"LineString","coordinates":[[114.078329,22.552078],[114.078338,22.551631]]}},{"type":"Feature","properties":{"cls":"secondary","name":"华强北路","en":"Huaqiang North Road","tunnel":0},"geometry":{"type":"LineString","coordinates":[[114.081424,22.553951],[114.081443,22.552956],[114.081461,22.551687]]}},{"type":"Feature","properties":{"cls":"secondary","name":"红荔路","en":"Hongli Road","tunnel":0},"geometry":{"type":"LineString","coordinates":[[114.09098,22.551805],[114.090885,22.551804],[114.090302,22.551797],[114.09002,22.551793],[114.08904,22.551774],[114.088464,22.551763],[114.088413,22.551762],[114.087817,22.551754],[114.086608,22.55173],[114.08634,22.551729],[114.084769,22.551699],[114.084326,22.551691],[114.084146,22.551689],[114.08403,22.551693],[114.083889,22.551701],[114.083738,22.551714],[114.083638,22.551717],[114.083519,22.551717],[114.081545,22.551689],[114.081461,22.551687]]}},{"type":"Feature","properties":{"cls":"secondary","name":"红荔路","en":"Hongli Road","tunnel":0},"geometry":{"type":"LineString","coordinates":[[114.07636,22.551478],[114.076511,22.551488],[114.076555,22.55149],[114.077268,22.551505],[114.077461,22.551516],[114.077617,22.55153],[114.078493,22.551538],[114.078551,22.551539],[114.078654,22.551541],[114.079345,22.551549],[114.08041,22.551566],[114.081247,22.551583],[114.081508,22.55158],[114.081867,22.551585],[114.082182,22.55159],[114.083787,22.551612],[114.084082,22.551612],[114.084324,22.551612],[114.085774,22.551641],[114.086195,22.55165],[114.086609,22.551658],[114.087799,22.551676],[114.087868,22.551679],[114.089537,22.551704],[114.090628,22.551721]]}},{"type":"Feature","properties":{"cls":"primary","name":"华富路","en":"Huafu Road","tunnel":0},"geometry":{"type":"LineString","coordinates":[[114.078802,22.555096],[114.078497,22.554723],[114.078065,22.554195],[114.077926,22.554028],[114.077819,22.553892],[114.077704,22.553723],[114.077036,22.552891]]}},{"type":"Feature","properties":{"cls":"secondary","name":"红荔路","en":"Hongli Road","tunnel":0},"geometry":{"type":"LineString","coordinates":[[114.081461,22.551687],[114.081194,22.551687],[114.080394,22.55167],[114.079889,22.551653],[114.078756,22.551636],[114.078659,22.551635],[114.078338,22.551631]]}},{"type":"Feature","properties":{"cls":"tertiary","name":"爱华路","en":"Aihua Road","tunnel":0},"geometry":{"type":"LineString","coordinates":[[114.086627,22.538204],[114.086604,22.539262],[114.086597,22.539603],[114.086576,22.540699]]}},{"type":"Feature","properties":{"cls":"major","name":null,"en":null,"tunnel":0},"geometry":{"type":"LineString","coordinates":[[114.086817,22.537181],[114.087248,22.537244],[114.087602,22.53733],[114.088015,22.537419]]}},{"type":"Feature","properties":{"cls":"secondary","name":null,"en":null,"tunnel":0},"geometry":{"type":"LineString","coordinates":[[114.091143,22.538715],[114.091155,22.538671],[114.09118,22.538633],[114.091218,22.538605],[114.091264,22.53859],[114.091313,22.53859],[114.091359,22.538604],[114.091398,22.538632],[114.091423,22.53867],[114.091434,22.538714],[114.091435,22.538743]]}},{"type":"Feature","properties":{"cls":"minor","name":null,"en":null,"tunnel":0},"geometry":{"type":"LineString","coordinates":[[114.086821,22.538207],[114.086627,22.538204]]}},{"type":"Feature","properties":{"cls":"minor","name":null,"en":null,"tunnel":0},"geometry":{"type":"LineString","coordinates":[[114.086633,22.537965],[114.086826,22.53797]]}},{"type":"Feature","properties":{"cls":"tertiary","name":"爱华路","en":"Aihua Road","tunnel":0},"geometry":{"type":"LineString","coordinates":[[114.086643,22.537654],[114.086637,22.53785],[114.086633,22.537965]]}},{"type":"Feature","properties":{"cls":"tertiary","name":"爱华路","en":"Aihua Road","tunnel":0},"geometry":{"type":"LineString","coordinates":[[114.086633,22.537965],[114.086627,22.538188],[114.086627,22.538204]]}},{"type":"Feature","properties":{"cls":"tertiary","name":"爱华路","en":"Aihua Road","tunnel":0},"geometry":{"type":"LineString","coordinates":[[114.086576,22.540699],[114.086575,22.54076]]}},{"type":"Feature","properties":{"cls":"tertiary","name":"东园路","en":null,"tunnel":0},"geometry":{"type":"LineString","coordinates":[[114.095239,22.540167],[114.095372,22.540168],[114.095436,22.540168],[114.095764,22.540175],[114.096608,22.540191],[114.096808,22.540194],[114.096978,22.540196]]}},{"type":"Feature","properties":{"cls":"primary","name":"上步南路","en":"Shangbu South Road","tunnel":0},"geometry":{"type":"LineString","coordinates":[[114.09131,22.541108],[114.091294,22.54136],[114.091293,22.541412],[114.091293,22.541469]]}},{"type":"Feature","properties":{"cls":"primary","name":"深南中路","en":"Shennan Middle Road","tunnel":0},"geometry":{"type":"LineString","coordinates":[[114.099529,22.543588],[114.09903,22.543584],[114.098141,22.543559],[114.097688,22.543522],[114.095189,22.543486],[114.093917,22.54347],[114.093749,22.543466],[114.093285,22.54346],[114.093159,22.543458],[114.092481,22.543435],[114.091834,22.543398]]}},{"type":"Feature","properties":{"cls":"tertiary","name":"南园路","en":"Nanyuan Road","tunnel":0},"geometry":{"type":"LineString","coordinates":[[114.095215,22.541451],[114.095004,22.541495],[114.094489,22.541522],[114.093786,22.541552],[114.093462,22.541556],[114.092444,22.541561],[114.092202,22.541559],[114.091461,22.541557],[114.091418,22.541557],[114.091392,22.541556],[114.091292,22.541556]]}},{"type":"Feature","properties":{"cls":"secondary","name":"南园路","en":"Nanyuan Road","tunnel":0},"geometry":{"type":"LineString","coordinates":[[114.086576,22.540699],[114.0867,22.540715],[114.086808,22.54074],[114.08841,22.541289],[114.088648,22.541354],[114.088982,22.541422],[114.089224,22.541455],[114.089463,22.541466],[114.089643,22.541469],[114.089947,22.541469],[114.09087,22.541469],[114.090928,22.541469],[114.091143,22.541469]]}},{"type":"Feature","properties":{"cls":"secondary","name":"上步南路","en":"Shangbu South Road","tunnel":0},"geometry":{"type":"LineString","coordinates":[[114.091435,22.538743],[114.091399,22.540117],[114.091368,22.541358],[114.091364,22.541414],[114.091352,22.54147]]}},{"type":"Feature","properties":{"cls":"primary","name":null,"en":null,"tunnel":0},"geometry":{"type":"LineString","coordinates":[[114.091834,22.543398],[114.091632,22.543453],[114.091571,22.543479],[114.091482,22.543523],[114.091428,22.543566],[114.091374,22.543628],[114.091344,22.543704],[114.091324,22.54376],[114.091297,22.543844]]}},{"type":"Feature","properties":{"cls":"primary","name":"滨河大道辅路","en":"Binhe Boulevard Side Road","tunnel":0},"geometry":{"type":"LineString","coordinates":[[114.086817,22.537181],[114.087252,22.537197],[114.087726,22.537247],[114.088656,22.537331],[114.088954,22.537356],[114.0892,22.537399],[114.090713,22.537761],[114.090852,22.537793],[114.090963,22.537812],[114.091072,22.537831],[114.091273,22.537856],[114.091502,22.537874],[114.091825,22.537882],[114.093523,22.537854],[114.095287,22.537863]]}},{"type":"Feature","properties":{"cls":"primary","name":"上步中路","en":"Shangbu Middle Road","tunnel":0},"geometry":{"type":"LineString","coordinates":[[114.091049,22.549269],[114.091063,22.548656],[114.091066,22.548368],[114.09109,22.547234],[114.091092,22.546983],[114.091095,22.54695],[114.091121,22.546596],[114.091102,22.545818],[114.091105,22.545606],[114.091119,22.545442],[114.091128,22.544978],[114.091141,22.544458],[114.091161,22.543813]]}},{"type":"Feature","properties":{"cls":"secondary","name":"上步南路","en":"Shangbu South Road","tunnel":0},"geometry":{"type":"LineString","coordinates":[[114.091143,22.541469],[114.091123,22.541433],[114.091114,22.541416],[114.091102,22.541393],[114.091092,22.541356],[114.091089,22.541304],[114.091114,22.540114],[114.091143,22.538715]]}},{"type":"Feature","properties":{"cls":"primary","name":"滨河大道辅路","en":"Binhe Boulevard Side Road","tunnel":0},"geometry":{"type":"LineString","coordinates":[[114.096839,22.538438],[114.095905,22.538428],[114.095257,22.538421],[114.094359,22.538411],[114.093923,22.538406],[114.093379,22.538381],[114.09206,22.538309],[114.091792,22.538303],[114.091486,22.538288],[114.091175,22.538264],[114.090831,22.538215],[114.08951,22.537948],[114.089126,22.537873],[114.088705,22.537804],[114.088283,22.537735],[114.087877,22.537692],[114.087331,22.537656],[114.086643,22.537654]]}},{"type":"Feature","properties":{"cls":"primary","name":"滨河大道辅路","en":null,"tunnel":0},"geometry":{"type":"LineString","coordinates":[[114.095287,22.537863],[114.096796,22.537874],[114.099512,22.537895]]}},{"type":"Feature","properties":{"cls":"tertiary","name":"南园路","en":"Nanyuan Road","tunnel":0},"geometry":{"type":"LineString","coordinates":[[114.091352,22.54147],[114.091419,22.54147],[114.091474,22.54147],[114.091904,22.54147],[114.093497,22.541469],[114.093788,22.541468],[114.094426,22.54144],[114.095004,22.541421],[114.095215,22.541451]]}},{"type":"Feature","properties":{"cls":"secondary","name":"南园路","en":"Nanyuan Road","tunnel":0},"geometry":{"type":"LineString","coordinates":[[114.091142,22.541555],[114.090924,22.541554],[114.089609,22.541549],[114.089397,22.541545],[114.089214,22.541533],[114.089022,22.541504],[114.08887,22.541478],[114.088702,22.541446],[114.088647,22.541432],[114.088492,22.541388],[114.08772,22.541136],[114.086803,22.540818],[114.086692,22.540781],[114.086575,22.54076]]}},{"type":"Feature","properties":{"cls":"primary","name":"深南中路","en":"Shennan Middle Road","tunnel":0},"geometry":{"type":"LineString","coordinates":[[114.091282,22.543275],[114.091358,22.543276],[114.091693,22.543285],[114.093077,22.543323],[114.093162,22.543325],[114.093629,22.543334],[114.093754,22.54334],[114.09518,22.543358],[114.097057,22.543399],[114.098956,22.543439]]}},{"type":"Feature","properties":{"cls":"primary","name":"上步中路","en":"Shangbu Middle Road","tunnel":0},"geometry":{"type":"LineString","coordinates":[[114.091297,22.543844],[114.091256,22.545443],[114.091253,22.545607],[114.091232,22.54695],[114.091229,22.547031],[114.091229,22.547236],[114.091219,22.547732],[114.091187,22.549072],[114.091185,22.549118]]}},{"type":"Feature","properties":{"cls":"secondary","name":"同心南路","en":null,"tunnel":0},"geometry":{"type":"LineString","coordinates":[[114.095215,22.541451],[114.095219,22.541294],[114.09522,22.541253],[114.095231,22.54063],[114.095234,22.540445],[114.095237,22.54028],[114.095239,22.540167]]}},{"type":"Feature","properties":{"cls":"primary","name":"深南中路","en":"Shennan Middle Road","tunnel":0},"geometry":{"type":"LineString","coordinates":[[114.091834,22.543398],[114.091375,22.5434],[114.091287,22.5434]]}},{"type":"Feature","properties":{"cls":"major","name":"滨河大道","en":"Binhe Boulevard","tunnel":0},"geometry":{"type":"LineString","coordinates":[[114.088015,22.537419],[114.088199,22.537446],[114.088826,22.537562],[114.089367,22.537674],[114.090332,22.537875],[114.090987,22.538009],[114.091169,22.538038],[114.091325,22.538058],[114.091514,22.538072],[114.092006,22.538081],[114.092763,22.538081],[114.093253,22.538011],[114.093509,22.538007],[114.094166,22.538004],[114.094391,22.537999],[114.094608,22.537987],[114.09541,22.537923],[114.099003,22.537961],[114.099244,22.537975],[114.099417,22.537992],[114.099575,22.538018],[114.099974,22.538087],[114.100156,22.538103],[114.100347,22.538111],[114.101144,22.53812],[114.10205,22.538121],[114.102196,22.538123],[114.103131,22.538133],[114.103342,22.538126],[114.103498,22.538114],[114.103651,22.538094],[114.103798,22.53806],[114.103963,22.538008],[114.104153,22.537928],[114.104764,22.537623],[114.105022,22.537488]]}},{"type":"Feature","properties":{"cls":"primary","name":null,"en":null,"tunnel":0},"geometry":{"type":"LineString","coordinates":[[114.091161,22.543813],[114.091115,22.543701],[114.091089,22.543648],[114.091054,22.543597],[114.091018,22.543556],[114.09097,22.543514],[114.090902,22.543476],[114.090832,22.543454],[114.090759,22.543438],[114.090573,22.543392]]}},{"type":"Feature","properties":{"cls":"primary","name":"上步南路","en":"Shangbu South Road","tunnel":0},"geometry":{"type":"LineString","coordinates":[[114.091174,22.54198],[114.091184,22.541652],[114.091182,22.541604],[114.091142,22.541555]]}},{"type":"Feature","properties":{"cls":"primary","name":"上步中路","en":"Shangbu Middle Road","tunnel":0},"geometry":{"type":"LineString","coordinates":[[114.091282,22.543275],[114.091287,22.5434]]}},{"type":"Feature","properties":{"cls":"primary","name":null,"en":null,"tunnel":0},"geometry":{"type":"LineString","coordinates":[[114.090631,22.543266],[114.090725,22.543231],[114.090797,22.543208],[114.090851,22.543194],[114.090911,22.543176],[114.090977,22.543145],[114.091008,22.543124],[114.091059,22.543076],[114.091092,22.543022],[114.091118,22.542965],[114.091164,22.542871]]}},{"type":"Feature","properties":{"cls":"secondary","name":"南园路","en":"Nanyuan Road","tunnel":0},"geometry":{"type":"LineString","coordinates":[[114.091293,22.541469],[114.091352,22.54147]]}},{"type":"Feature","properties":{"cls":"secondary","name":"上步南路","en":"Shangbu South Road","tunnel":0},"geometry":{"type":"LineString","coordinates":[[114.091352,22.54147],[114.091329,22.541512],[114.091292,22.541556]]}},{"type":"Feature","properties":{"cls":"secondary","name":"南园路","en":"Nanyuan Road","tunnel":0},"geometry":{"type":"LineString","coordinates":[[114.091292,22.541556],[114.091142,22.541555]]}},{"type":"Feature","properties":{"cls":"primary","name":"上步南路","en":"Shangbu South Road","tunnel":0},"geometry":{"type":"LineString","coordinates":[[114.091292,22.541556],[114.091291,22.541618],[114.091276,22.5429],[114.091281,22.543189],[114.091282,22.543275]]}},{"type":"Feature","properties":{"cls":"primary","name":"上步南路","en":"Shangbu South Road","tunnel":0},"geometry":{"type":"LineString","coordinates":[[114.091142,22.541555],[114.091143,22.541469]]}},{"type":"Feature","properties":{"cls":"secondary","name":"南园路","en":"Nanyuan Road","tunnel":0},"geometry":{"type":"LineString","coordinates":[[114.091143,22.541469],[114.091293,22.541469]]}},{"type":"Feature","properties":{"cls":"primary","name":"深南中路","en":"Shennan Middle Road","tunnel":0},"geometry":{"type":"LineString","coordinates":[[114.091164,22.543271],[114.091282,22.543275]]}},{"type":"Feature","properties":{"cls":"primary","name":"深南中路","en":"Shennan Middle Road","tunnel":0},"geometry":{"type":"LineString","coordinates":[[114.091287,22.5434],[114.091163,22.543397]]}},{"type":"Feature","properties":{"cls":"primary","name":"上步中路","en":"Shangbu Middle Road","tunnel":0},"geometry":{"type":"LineString","coordinates":[[114.091163,22.543397],[114.091164,22.543271]]}},{"type":"Feature","properties":{"cls":"primary","name":"深南中路","en":"Shennan Middle Road","tunnel":0},"geometry":{"type":"LineString","coordinates":[[114.090631,22.543266],[114.091073,22.543267],[114.091164,22.543271]]}},{"type":"Feature","properties":{"cls":"primary","name":"上步南路","en":"Shangbu South Road","tunnel":0},"geometry":{"type":"LineString","coordinates":[[114.091164,22.543271],[114.091164,22.542871]]}},{"type":"Feature","properties":{"cls":"primary","name":"上步中路","en":"Shangbu Middle Road","tunnel":0},"geometry":{"type":"LineString","coordinates":[[114.091287,22.5434],[114.091297,22.543844]]}},{"type":"Feature","properties":{"cls":"primary","name":"上步中路","en":"Shangbu Middle Road","tunnel":0},"geometry":{"type":"LineString","coordinates":[[114.091161,22.543813],[114.091163,22.543493],[114.091163,22.543397]]}},{"type":"Feature","properties":{"cls":"primary","name":"深南中路","en":"Shennan Middle Road","tunnel":0},"geometry":{"type":"LineString","coordinates":[[114.091163,22.543397],[114.090573,22.543392]]}},{"type":"Feature","properties":{"cls":"primary","name":"上步南路","en":"Shangbu South Road","tunnel":0},"geometry":{"type":"LineString","coordinates":[[114.091164,22.542871],[114.09117,22.542398]]}},{"type":"Feature","properties":{"cls":"primary","name":"上步南路","en":"Shangbu South Road","tunnel":0},"geometry":{"type":"LineString","coordinates":[[114.09117,22.542398],[114.091174,22.54198]]}},{"type":"Feature","properties":{"cls":"minor","name":null,"en":null,"tunnel":0},"geometry":{"type":"LineString","coordinates":[[114.09002,22.551793],[114.09002,22.551885],[114.090019,22.552295]]}},{"type":"Feature","properties":{"cls":"minor","name":null,"en":null,"tunnel":0},"geometry":{"type":"LineString","coordinates":[[114.089932,22.552294],[114.089951,22.552294],[114.090019,22.552295]]}},{"type":"Feature","properties":{"cls":"secondary","name":null,"en":null,"tunnel":0},"geometry":{"type":"LineString","coordinates":[[114.090628,22.551721],[114.090687,22.551706],[114.09076,22.551683],[114.090815,22.551658],[114.090872,22.551622],[114.090916,22.551583],[114.090951,22.551544],[114.090974,22.551503],[114.090988,22.551454]]}},{"type":"Feature","properties":{"cls":"secondary","name":"红荔路","en":"Hongli Road","tunnel":0},"geometry":{"type":"LineString","coordinates":[[114.090628,22.551721],[114.090883,22.551725],[114.090981,22.551727]]}},{"type":"Feature","properties":{"cls":"primary","name":"上步中路","en":"Shangbu Middle Road","tunnel":0},"geometry":{"type":"LineString","coordinates":[[114.090988,22.551454],[114.091006,22.550835],[114.091048,22.549316],[114.091049,22.549269]]}},{"type":"Feature","properties":{"cls":"secondary","name":"红荔路","en":"Hongli Road","tunnel":0},"geometry":{"type":"LineString","coordinates":[[114.09112,22.551803],[114.09098,22.551805]]}},{"type":"Feature","properties":{"cls":"primary","name":"上步中路","en":"Shangbu Middle Road","tunnel":0},"geometry":{"type":"LineString","coordinates":[[114.091185,22.549118],[114.09113,22.551454]]}},{"type":"Feature","properties":{"cls":"primary","name":"上步中路","en":"Shangbu Middle Road","tunnel":0},"geometry":{"type":"LineString","coordinates":[[114.09098,22.551805],[114.090981,22.551727],[114.090983,22.551647],[114.090988,22.551454]]}},{"type":"Feature","properties":{"cls":"secondary","name":null,"en":null,"tunnel":0},"geometry":{"type":"LineString","coordinates":[[114.09113,22.551454],[114.091167,22.551556],[114.091224,22.551618],[114.091262,22.551647],[114.091305,22.55168],[114.091403,22.551717],[114.091542,22.551731]]}},{"type":"Feature","properties":{"cls":"primary","name":"上步中路","en":"Shangbu Middle Road","tunnel":0},"geometry":{"type":"LineString","coordinates":[[114.09113,22.551454],[114.091126,22.551636],[114.091126,22.551647],[114.091125,22.551674],[114.091124,22.551726]]}},{"type":"Feature","properties":{"cls":"secondary","name":"红荔路","en":"Hongli Road","tunnel":0},"geometry":{"type":"LineString","coordinates":[[114.091124,22.551726],[114.091296,22.551727],[114.091542,22.551731]]}},{"type":"Feature","properties":{"cls":"primary","name":"上步中路","en":"Shangbu Middle Road","tunnel":0},"geometry":{"type":"LineString","coordinates":[[114.091124,22.551726],[114.09112,22.551803]]}},{"type":"Feature","properties":{"cls":"secondary","name":"红荔路","en":"Hongli Road","tunnel":0},"geometry":{"type":"LineString","coordinates":[[114.090981,22.551727],[114.091124,22.551726]]}},{"type":"Feature","properties":{"cls":"secondary","name":"红荔路","en":"Hongli Road","tunnel":0},"geometry":{"type":"LineString","coordinates":[[114.099371,22.551954],[114.099252,22.551931],[114.099176,22.55192],[114.098889,22.551914],[114.098246,22.551897],[114.097186,22.551882],[114.097137,22.551881],[114.097038,22.551882],[114.096066,22.551865],[114.094548,22.551846],[114.09451,22.551846],[114.094435,22.551846],[114.093177,22.551822],[114.091933,22.551809],[114.091616,22.551808],[114.091289,22.551804],[114.09112,22.551803]]}},{"type":"Feature","properties":{"cls":"secondary","name":"红荔路","en":"Hongli Road","tunnel":0},"geometry":{"type":"LineString","coordinates":[[114.091542,22.551731],[114.092059,22.551724],[114.092916,22.551734],[114.09365,22.551761],[114.094283,22.55177],[114.094437,22.551773],[114.094511,22.551774],[114.095357,22.551787],[114.095783,22.551794],[114.09614,22.551799],[114.096633,22.551808],[114.096937,22.551807],[114.097039,22.551809],[114.097139,22.551811],[114.09781,22.551815],[114.098451,22.551829],[114.09897,22.551833]]}},{"type":"Feature","properties":{"cls":"primary","name":"上步中路","en":"Shangbu Middle Road","tunnel":0},"geometry":{"type":"LineString","coordinates":[[114.0909,22.558353],[114.090902,22.558242],[114.0909,22.557946],[114.090897,22.557769],[114.090918,22.556256],[114.090929,22.555897],[114.090969,22.554798],[114.090972,22.554281],[114.090973,22.554214],[114.090969,22.554095],[114.090968,22.553957],[114.090955,22.553556],[114.090964,22.553035],[114.090977,22.552595],[114.09098,22.551889],[114.09098,22.551805]]}},{"type":"Feature","properties":{"cls":"primary","name":"上步中路","en":"Shangbu Middle Road","tunnel":0},"geometry":{"type":"LineString","coordinates":[[114.09112,22.551803],[114.09112,22.55189],[114.091119,22.552224],[114.091118,22.552382],[114.091092,22.553038],[114.091095,22.553893],[114.091095,22.553957],[114.091092,22.554097],[114.091091,22.55412],[114.091089,22.554214],[114.091087,22.554686],[114.09107,22.555907],[114.091019,22.557767],[114.09101,22.558184],[114.091011,22.558238],[114.091008,22.558354]]}}]}